timestamp,vista,resultado,lado,angulo_brazos,angulo_rodilla,angulo_tronco,angulo_brazo_izq,angulo_brazo_der,angulo_rodilla_izq,angulo_rodilla_der,alineacion_tronco_x,simetria_rodillas_y,simetria_manos_y,ancho_tobillos,inclinacion_tronco_deg,feedback
2026-04-21T20:03:04.492153,frontal,INCORRECTO,frontal,120.4,177.1,176.4,95.6,145.2,177.4,176.8,0.6201,0.0306,0.5227,0.669,15.4017,Centra el tronco sobre la cadera para mejorar estabilidad. | Mantén ambas manos a una altura similar al formar la plataforma. | Mantén el tronco recto: evita inclinarlo hacia los lados.
2026-04-21T20:03:09.709731,frontal,INCORRECTO,frontal,140.7,176.9,166.9,105.2,176.1,177.1,176.8,1.3662,0.7859,1.9414,0.9209,72.7428,Centra el tronco sobre la cadera para mejorar estabilidad. | Alinea la altura de ambas rodillas para una base simetrica. | Mantén ambas manos a una altura similar al formar la plataforma. | Mantén el tronco recto: evita inclinarlo hacia los lados.
2026-04-21T20:03:10.156525,frontal,INCORRECTO,frontal,128.7,170.0,160.4,158.3,99.1,166.5,173.5,1.2074,0.6918,0.6422,0.7844,70.7589,Centra el tronco sobre la cadera para mejorar estabilidad. | Alinea la altura de ambas rodillas para una base simetrica. | Mantén ambas manos a una altura similar al formar la plataforma. | Mantén el tronco recto: evita inclinarlo hacia los lados.
2026-04-21T20:03:10.599110,frontal,INCORRECTO,frontal,139.8,155.8,150.9,153.9,125.7,151.1,160.5,1.057,0.6473,1.3595,0.7164,65.382,Centra el tronco sobre la cadera para mejorar estabilidad. | Alinea la altura de ambas rodillas para una base simetrica. | Mantén ambas manos a una altura similar al formar la plataforma. | Mantén el tronco recto: evita inclinarlo hacia los lados.
2026-04-21T20:03:11.126272,lateral,INCORRECTO,RIGHT,100.0,160.0,160.0,,,,,,,,,,Extiende mas los brazos para formar una plataforma firme. | Flexiona mas las rodillas para estabilizar el centro de gravedad.
2026-04-21T20:03:11.509458,lateral,INCORRECTO,RIGHT,158.3,161.6,157.9,,,,,,,,,,Flexiona mas las rodillas para estabilizar el centro de gravedad.
2026-04-21T20:03:14.666134,frontal,INCORRECTO,frontal,170.9,172.8,168.6,173.4,168.3,178.6,167.1,0.1118,0.0595,0.0845,0.4158,3.5348,Mantén ambas manos a una altura similar al formar la plataforma. | Abre un poco mas la base de apoyo con los tobillos.
2026-04-21T20:03:15.094067,frontal,INCORRECTO,frontal,169.1,175.3,171.4,171.1,167.2,178.7,171.8,0.1206,0.1337,0.229,0.5132,3.6429,Centra el tronco sobre la cadera para mejorar estabilidad. | Alinea la altura de ambas rodillas para una base simetrica. | Mantén ambas manos a una altura similar al formar la plataforma.
2026-04-21T20:03:15.581451,frontal,INCORRECTO,frontal,175.8,177.4,170.5,178.3,173.3,178.6,176.3,0.1454,0.0788,0.1155,0.476,4.2911,Centra el tronco sobre la cadera para mejorar estabilidad. | Mantén ambas manos a una altura similar al formar la plataforma. | Abre un poco mas la base de apoyo con los tobillos.
2026-04-21T20:03:16.026309,frontal,INCORRECTO,frontal,178.0,179.3,172.1,179.4,176.7,179.4,179.3,0.1319,0.0787,0.3001,0.5234,4.027,Centra el tronco sobre la cadera para mejorar estabilidad. | Mantén ambas manos a una altura similar al formar la plataforma.
2026-04-21T20:03:16.460640,frontal,INCORRECTO,frontal,178.1,178.1,173.6,178.1,178.2,177.5,178.7,0.1223,0.0899,0.1916,0.4612,3.679,Centra el tronco sobre la cadera para mejorar estabilidad. | Alinea la altura de ambas rodillas para una base simetrica. | Mantén ambas manos a una altura similar al formar la plataforma. | Abre un poco mas la base de apoyo con los tobillos.
2026-04-21T20:03:16.893499,frontal,INCORRECTO,frontal,178.8,179.1,173.4,177.9,179.6,180.0,178.1,0.1207,0.0528,0.1845,0.4885,3.5061,Centra el tronco sobre la cadera para mejorar estabilidad. | Mantén ambas manos a una altura similar al formar la plataforma. | Abre un poco mas la base de apoyo con los tobillos.
2026-04-21T20:03:17.371962,frontal,INCORRECTO,frontal,178.6,177.9,173.3,178.8,178.3,179.0,176.9,0.0363,0.124,0.038,0.3393,1.0564,Alinea la altura de ambas rodillas para una base simetrica. | Abre un poco mas la base de apoyo con los tobillos.
2026-04-21T20:03:17.825190,frontal,CORRECTO,frontal,179.5,179.2,173.0,180.0,179.1,179.9,178.4,0.0705,0.0633,0.3397,0.5148,1.9756,Mantén ambas manos a una altura similar al formar la plataforma.
2026-04-21T20:03:18.242292,frontal,INCORRECTO,frontal,176.5,176.6,173.5,176.5,176.4,177.8,175.4,0.0105,0.1101,0.2098,0.4413,0.2941,Alinea la altura de ambas rodillas para una base simetrica. | Mantén ambas manos a una altura similar al formar la plataforma. | Abre un poco mas la base de apoyo con los tobillos.
2026-04-21T20:03:18.692777,frontal,INCORRECTO,frontal,178.4,178.6,171.7,178.1,178.8,178.9,178.4,0.0206,0.0128,0.1312,0.4955,0.5988,Mantén ambas manos a una altura similar al formar la plataforma. | Abre un poco mas la base de apoyo con los tobillos.
2026-04-21T20:03:19.159280,frontal,INCORRECTO,frontal,169.4,177.8,172.1,171.4,167.4,177.8,177.7,0.0143,0.0577,0.2095,0.4235,0.4444,Mantén ambas manos a una altura similar al formar la plataforma. | Abre un poco mas la base de apoyo con los tobillos.
2026-04-21T20:03:19.592381,frontal,INCORRECTO,frontal,171.3,178.7,173.5,170.9,171.7,177.5,179.9,0.0062,0.016,0.183,0.3785,0.1869,Mantén ambas manos a una altura similar al formar la plataforma. | Abre un poco mas la base de apoyo con los tobillos.
2026-04-21T20:03:20.042653,frontal,INCORRECTO,frontal,166.1,178.7,173.4,165.6,166.7,178.0,179.5,0.0175,0.1008,0.0122,0.2392,0.4201,Alinea la altura de ambas rodillas para una base simetrica. | Abre un poco mas la base de apoyo con los tobillos.
2026-04-21T20:03:20.508888,frontal,INCORRECTO,frontal,175.1,176.7,172.4,177.2,173.0,179.1,174.3,0.0921,0.1258,0.0619,0.4127,2.5827,Alinea la altura de ambas rodillas para una base simetrica. | Abre un poco mas la base de apoyo con los tobillos.
2026-04-21T20:03:20.942531,lateral,INCORRECTO,RIGHT,139.5,179.0,179.8,,,,,,,,,,Extiende mas los brazos para formar una plataforma firme. | Flexiona mas las rodillas para estabilizar el centro de gravedad. | Inclina un poco mas el tronco para una mejor recepcion.
2026-04-21T20:03:21.393793,frontal,CORRECTO,frontal,173.4,178.4,175.0,179.5,167.2,178.9,177.9,0.0147,0.0205,0.0377,0.215,0.4331,Abre un poco mas la base de apoyo con los tobillos.
2026-04-21T20:03:21.843509,frontal,CORRECTO,frontal,172.8,174.1,174.2,173.7,171.9,168.8,179.4,0.0066,0.0655,0.0712,0.0996,0.2162,Abre un poco mas la base de apoyo con los tobillos.
2026-04-21T20:03:22.297235,frontal,INCORRECTO,frontal,129.5,173.3,172.3,92.1,167.0,171.6,175.0,0.0453,0.0098,0.095,0.2678,1.517,Mantén ambas manos a una altura similar al formar la plataforma. | Abre un poco mas la base de apoyo con los tobillos.
2026-04-21T20:03:22.749164,frontal,INCORRECTO,frontal,153.5,174.6,173.2,136.0,171.1,174.0,175.3,0.0529,0.0729,0.1606,0.2865,1.6972,Mantén ambas manos a una altura similar al formar la plataforma. | Abre un poco mas la base de apoyo con los tobillos.
2026-04-21T20:03:23.207622,frontal,INCORRECTO,frontal,141.9,175.8,172.0,136.0,147.8,175.3,176.3,0.0053,0.0945,0.0099,0.2703,0.2024,Alinea la altura de ambas rodillas para una base simetrica. | Abre un poco mas la base de apoyo con los tobillos.
2026-04-21T20:03:23.659988,frontal,CORRECTO,frontal,164.2,175.0,170.2,156.0,172.5,175.1,174.9,0.0493,0.0684,0.0618,0.2746,1.9038,Abre un poco mas la base de apoyo con los tobillos.
2026-04-21T20:03:24.105656,frontal,INCORRECTO,frontal,132.2,174.1,171.0,95.5,168.9,173.3,174.9,0.0697,0.0385,0.4669,0.3175,2.1901,Mantén ambas manos a una altura similar al formar la plataforma. | Abre un poco mas la base de apoyo con los tobillos.
2026-04-21T20:03:24.542851,frontal,INCORRECTO,frontal,135.6,174.4,170.4,101.2,170.0,172.8,176.1,0.04,0.0353,0.1526,0.2893,1.3188,Mantén ambas manos a una altura similar al formar la plataforma. | Abre un poco mas la base de apoyo con los tobillos.
2026-04-21T20:03:24.992254,frontal,INCORRECTO,frontal,137.8,174.5,171.3,103.9,171.7,174.9,174.0,0.1411,0.0211,0.2253,0.2931,4.4058,Centra el tronco sobre la cadera para mejorar estabilidad. | Mantén ambas manos a una altura similar al formar la plataforma. | Abre un poco mas la base de apoyo con los tobillos.
2026-04-21T20:03:25.443355,frontal,INCORRECTO,frontal,36.2,176.3,174.6,71.7,0.6,180.0,172.6,0.2939,0.4031,0.0646,0.6777,5.1133,Centra el tronco sobre la cadera para mejorar estabilidad. | Alinea la altura de ambas rodillas para una base simetrica.
2026-04-21T20:03:25.892474,frontal,INCORRECTO,frontal,158.0,174.3,169.5,147.6,168.4,172.9,175.6,0.1625,0.0875,0.3343,0.1933,5.7192,Centra el tronco sobre la cadera para mejorar estabilidad. | Alinea la altura de ambas rodillas para una base simetrica. | Mantén ambas manos a una altura similar al formar la plataforma. | Abre un poco mas la base de apoyo con los tobillos.
2026-04-21T20:03:26.349823,frontal,INCORRECTO,frontal,169.8,175.6,165.4,176.2,163.4,174.5,176.7,0.0306,0.0014,0.1273,0.2682,1.6244,Mantén ambas manos a una altura similar al formar la plataforma. | Abre un poco mas la base de apoyo con los tobillos.
2026-04-21T20:03:26.809124,frontal,INCORRECTO,frontal,157.1,174.7,170.4,139.8,174.4,173.1,176.4,0.0861,0.0159,0.2078,0.2902,3.3996,Mantén ambas manos a una altura similar al formar la plataforma. | Abre un poco mas la base de apoyo con los tobillos.
2026-04-21T20:03:27.242436,frontal,INCORRECTO,frontal,155.4,177.1,171.8,134.7,176.1,179.9,174.3,0.062,0.0096,0.0807,0.1946,2.4443,Mantén ambas manos a una altura similar al formar la plataforma. | Abre un poco mas la base de apoyo con los tobillos.
2026-04-21T20:03:28.626955,lateral,INCORRECTO,RIGHT,153.3,166.9,169.1,,,,,,,,,,Flexiona mas las rodillas para estabilizar el centro de gravedad. | Inclina un poco mas el tronco para una mejor recepcion.
2026-04-21T20:03:29.065638,lateral,INCORRECTO,RIGHT,134.0,155.0,160.7,,,,,,,,,,Extiende mas los brazos para formar una plataforma firme. | Flexiona mas las rodillas para estabilizar el centro de gravedad. | Inclina un poco mas el tronco para una mejor recepcion.
2026-04-21T20:03:29.492438,lateral,CORRECTO,RIGHT,84.2,124.1,140.7,,,,,,,,,,Extiende mas los brazos para formar una plataforma firme. | Buena ejecucion general. Ajusta detalles para mayor precision.
2026-04-21T20:03:36.278671,lateral,CORRECTO,RIGHT,176.6,89.5,115.3,,,,,,,,,,Sube un poco la postura: la flexion de rodilla es muy cerrada. | Buena ejecucion general. Ajusta detalles para mayor precision.
2026-04-21T20:03:36.738535,lateral,INCORRECTO,LEFT,147.7,162.5,163.5,,,,,,,,,,Extiende mas los brazos para formar una plataforma firme. | Flexiona mas las rodillas para estabilizar el centro de gravedad. | Inclina un poco mas el tronco para una mejor recepcion.
2026-04-21T20:03:37.179839,frontal,INCORRECTO,frontal,176.0,176.2,172.2,174.8,177.3,174.7,177.7,0.0392,0.1521,0.3634,0.3488,1.4081,Alinea la altura de ambas rodillas para una base simetrica. | Mantén ambas manos a una altura similar al formar la plataforma. | Abre un poco mas la base de apoyo con los tobillos.
2026-04-21T20:03:37.655707,lateral,INCORRECTO,RIGHT,169.3,179.3,172.1,,,,,,,,,,Flexiona mas las rodillas para estabilizar el centro de gravedad. | Inclina un poco mas el tronco para una mejor recepcion.
2026-04-21T20:03:38.110498,frontal,INCORRECTO,frontal,89.8,177.8,174.4,171.9,7.7,176.0,179.6,0.0459,0.0129,1.9225,0.1525,1.5398,Mantén ambas manos a una altura similar al formar la plataforma. | Abre un poco mas la base de apoyo con los tobillos.
2026-04-21T20:03:38.560694,frontal,INCORRECTO,frontal,153.6,176.4,174.4,175.3,131.8,177.8,175.0,0.0052,0.1035,0.998,0.2834,0.1837,Alinea la altura de ambas rodillas para una base simetrica. | Mantén ambas manos a una altura similar al formar la plataforma. | Abre un poco mas la base de apoyo con los tobillos.
2026-04-21T20:03:39.010694,frontal,INCORRECTO,frontal,97.4,178.6,173.8,167.0,27.9,179.4,177.9,0.1029,0.0883,1.7896,0.3503,3.1089,Alinea la altura de ambas rodillas para una base simetrica. | Mantén ambas manos a una altura similar al formar la plataforma. | Abre un poco mas la base de apoyo con los tobillos.
2026-04-21T20:03:39.469039,frontal,INCORRECTO,frontal,150.4,177.6,174.4,169.7,131.2,178.8,176.4,0.1114,0.0648,1.1131,0.3109,3.2956,Mantén ambas manos a una altura similar al formar la plataforma. | Abre un poco mas la base de apoyo con los tobillos.
2026-04-21T20:03:39.895748,frontal,INCORRECTO,frontal,154.7,171.5,173.6,177.4,132.0,168.3,174.7,0.167,0.0741,0.7551,0.4441,4.5329,Centra el tronco sobre la cadera para mejorar estabilidad. | Mantén ambas manos a una altura similar al formar la plataforma. | Abre un poco mas la base de apoyo con los tobillos.
2026-04-21T20:03:40.345737,frontal,INCORRECTO,frontal,172.7,175.6,174.3,166.8,178.6,173.2,178.0,0.2334,0.0815,0.5315,0.2147,7.2979,Centra el tronco sobre la cadera para mejorar estabilidad. | Alinea la altura de ambas rodillas para una base simetrica. | Mantén ambas manos a una altura similar al formar la plataforma. | Abre un poco mas la base de apoyo con los tobillos.
2026-04-21T20:03:40.777781,frontal,INCORRECTO,frontal,170.8,173.4,174.6,164.4,177.2,173.5,173.2,0.1926,0.1168,0.3278,0.2508,5.4605,Centra el tronco sobre la cadera para mejorar estabilidad. | Alinea la altura de ambas rodillas para una base simetrica. | Mantén ambas manos a una altura similar al formar la plataforma. | Abre un poco mas la base de apoyo con los tobillos.
2026-04-21T20:03:41.240579,frontal,INCORRECTO,frontal,171.6,173.7,174.4,165.1,178.2,172.8,174.6,0.1386,0.1618,0.4105,0.2624,4.1926,Centra el tronco sobre la cadera para mejorar estabilidad. | Alinea la altura de ambas rodillas para una base simetrica. | Mantén ambas manos a una altura similar al formar la plataforma. | Abre un poco mas la base de apoyo con los tobillos.
2026-04-21T20:03:41.691235,frontal,INCORRECTO,frontal,172.1,174.0,174.6,164.7,179.6,170.2,177.9,0.1196,0.0844,0.1745,0.3605,3.6645,Alinea la altura de ambas rodillas para una base simetrica. | Mantén ambas manos a una altura similar al formar la plataforma. | Abre un poco mas la base de apoyo con los tobillos.
2026-04-21T20:03:42.125803,frontal,INCORRECTO,frontal,172.0,176.0,174.3,165.4,178.6,173.7,178.3,0.1374,0.1112,0.1844,0.3369,4.4283,Centra el tronco sobre la cadera para mejorar estabilidad. | Alinea la altura de ambas rodillas para una base simetrica. | Mantén ambas manos a una altura similar al formar la plataforma. | Abre un poco mas la base de apoyo con los tobillos.
2026-04-21T20:03:42.563237,frontal,INCORRECTO,frontal,174.5,175.3,173.5,171.4,177.7,174.3,176.2,0.1473,0.0258,0.1659,0.3243,4.4731,Centra el tronco sobre la cadera para mejorar estabilidad. | Mantén ambas manos a una altura similar al formar la plataforma. | Abre un poco mas la base de apoyo con los tobillos.
2026-04-21T20:03:43.028651,frontal,INCORRECTO,frontal,171.7,173.4,173.4,165.8,177.6,170.1,176.6,0.1516,0.1016,0.3378,0.3649,4.5994,Centra el tronco sobre la cadera para mejorar estabilidad. | Alinea la altura de ambas rodillas para una base simetrica. | Mantén ambas manos a una altura similar al formar la plataforma. | Abre un poco mas la base de apoyo con los tobillos.
2026-04-21T20:03:43.460954,frontal,INCORRECTO,frontal,170.3,174.4,173.8,163.5,177.2,176.2,172.6,0.1469,0.1167,0.0599,0.3196,4.5229,Centra el tronco sobre la cadera para mejorar estabilidad. | Alinea la altura de ambas rodillas para una base simetrica. | Abre un poco mas la base de apoyo con los tobillos.
2026-04-21T20:03:43.957937,frontal,INCORRECTO,frontal,175.5,177.7,174.8,171.9,179.1,177.3,178.1,0.1569,0.1084,0.3174,0.2755,5.0405,Centra el tronco sobre la cadera para mejorar estabilidad. | Alinea la altura de ambas rodillas para una base simetrica. | Mantén ambas manos a una altura similar al formar la plataforma. | Abre un poco mas la base de apoyo con los tobillos.
2026-04-21T20:03:44.353808,frontal,INCORRECTO,frontal,169.4,175.0,172.4,178.7,160.0,178.4,171.5,0.1603,0.0929,0.2808,0.1902,3.9637,Centra el tronco sobre la cadera para mejorar estabilidad. | Alinea la altura de ambas rodillas para una base simetrica. | Mantén ambas manos a una altura similar al formar la plataforma. | Abre un poco mas la base de apoyo con los tobillos.
2026-04-21T20:03:44.797485,frontal,INCORRECTO,frontal,178.2,178.1,174.5,179.6,176.8,177.5,178.7,0.1272,0.0745,0.4292,0.2586,4.5084,Centra el tronco sobre la cadera para mejorar estabilidad. | Mantén ambas manos a una altura similar al formar la plataforma. | Abre un poco mas la base de apoyo con los tobillos.
2026-04-21T20:03:45.276068,frontal,INCORRECTO,frontal,179.3,178.2,173.7,178.7,179.8,178.6,177.8,0.1002,0.0383,0.4504,0.3401,3.4739,Mantén ambas manos a una altura similar al formar la plataforma. | Abre un poco mas la base de apoyo con los tobillos.
2026-04-21T20:03:45.709401,frontal,INCORRECTO,frontal,178.4,175.8,174.6,177.3,179.6,175.8,175.7,0.0911,0.095,0.2287,0.2768,2.9115,Alinea la altura de ambas rodillas para una base simetrica. | Mantén ambas manos a una altura similar al formar la plataforma. | Abre un poco mas la base de apoyo con los tobillos.
2026-04-21T20:03:46.159405,frontal,INCORRECTO,frontal,178.9,176.2,174.3,178.6,179.3,175.6,176.7,0.1034,0.1225,0.277,0.2838,3.2992,Alinea la altura de ambas rodillas para una base simetrica. | Mantén ambas manos a una altura similar al formar la plataforma. | Abre un poco mas la base de apoyo con los tobillos.
2026-04-21T20:03:46.644007,frontal,INCORRECTO,frontal,177.7,178.8,174.9,178.9,176.4,178.4,179.2,0.0906,0.0874,0.1308,0.3284,2.8057,Alinea la altura de ambas rodillas para una base simetrica. | Mantén ambas manos a una altura similar al formar la plataforma. | Abre un poco mas la base de apoyo con los tobillos.
2026-04-21T20:03:47.074715,frontal,INCORRECTO,frontal,177.0,178.7,174.0,177.9,176.2,179.3,178.2,0.0731,0.0758,0.3509,0.3242,2.4062,Mantén ambas manos a una altura similar al formar la plataforma. | Abre un poco mas la base de apoyo con los tobillos.
2026-04-21T20:03:47.597891,frontal,INCORRECTO,frontal,175.7,176.0,173.2,174.7,176.7,177.8,174.1,0.098,0.0789,0.2714,0.2443,3.1951,Mantén ambas manos a una altura similar al formar la plataforma. | Abre un poco mas la base de apoyo con los tobillos.
2026-04-21T20:03:47.942458,frontal,INCORRECTO,frontal,175.7,177.3,173.1,175.2,176.2,178.9,175.6,0.0826,0.0657,0.1918,0.2821,2.8993,Mantén ambas manos a una altura similar al formar la plataforma. | Abre un poco mas la base de apoyo con los tobillos.
2026-04-21T20:03:48.401707,frontal,INCORRECTO,frontal,177.0,176.6,173.8,177.7,176.3,178.7,174.4,0.0735,0.0994,0.2999,0.2859,2.3232,Alinea la altura de ambas rodillas para una base simetrica. | Mantén ambas manos a una altura similar al formar la plataforma. | Abre un poco mas la base de apoyo con los tobillos.
2026-04-21T20:03:48.857867,frontal,INCORRECTO,frontal,175.5,175.9,174.5,173.3,177.6,175.6,176.3,0.0619,0.1667,0.37,0.2919,1.908,Alinea la altura de ambas rodillas para una base simetrica. | Mantén ambas manos a una altura similar al formar la plataforma. | Abre un poco mas la base de apoyo con los tobillos.
2026-04-21T20:03:49.302968,frontal,INCORRECTO,frontal,175.9,176.6,174.7,173.8,177.9,174.1,179.1,0.0879,0.1776,0.1596,0.3175,2.583,Alinea la altura de ambas rodillas para una base simetrica. | Mantén ambas manos a una altura similar al formar la plataforma. | Abre un poco mas la base de apoyo con los tobillos.
2026-04-21T20:03:49.754777,frontal,INCORRECTO,frontal,154.5,177.4,173.1,159.4,149.6,175.7,179.2,0.0772,0.0409,0.0846,0.2725,2.5021,Mantén ambas manos a una altura similar al formar la plataforma. | Abre un poco mas la base de apoyo con los tobillos.
2026-04-21T20:03:50.190773,frontal,INCORRECTO,frontal,95.6,174.1,172.1,56.7,134.6,169.3,178.8,0.097,0.1133,0.146,0.2881,3.3181,Alinea la altura de ambas rodillas para una base simetrica. | Mantén ambas manos a una altura similar al formar la plataforma. | Abre un poco mas la base de apoyo con los tobillos.
2026-04-21T20:03:50.644293,frontal,INCORRECTO,frontal,112.3,177.1,174.0,103.5,121.1,174.8,179.4,0.0828,0.0071,0.1179,0.3573,2.5955,Mantén ambas manos a una altura similar al formar la plataforma. | Abre un poco mas la base de apoyo con los tobillos.
2026-04-21T20:03:51.107333,frontal,INCORRECTO,frontal,84.5,175.5,174.6,44.2,124.7,171.6,179.4,0.1774,0.0229,0.2763,0.4056,5.3277,Centra el tronco sobre la cadera para mejorar estabilidad. | Mantén ambas manos a una altura similar al formar la plataforma. | Abre un poco mas la base de apoyo con los tobillos.
2026-04-21T20:03:51.551548,frontal,INCORRECTO,frontal,87.1,173.0,174.1,36.1,138.2,168.7,177.4,0.093,0.0131,0.3184,0.2805,2.9379,Mantén ambas manos a una altura similar al formar la plataforma. | Abre un poco mas la base de apoyo con los tobillos.
2026-04-21T20:03:51.990928,frontal,INCORRECTO,frontal,67.6,174.6,176.9,24.7,110.5,173.2,176.0,0.1261,0.0126,0.083,0.4167,3.2459,Centra el tronco sobre la cadera para mejorar estabilidad. | Mantén ambas manos a una altura similar al formar la plataforma. | Abre un poco mas la base de apoyo con los tobillos.
2026-04-21T20:03:52.449318,frontal,INCORRECTO,frontal,84.9,173.3,176.1,34.8,135.0,167.3,179.3,0.1432,0.1999,0.0007,0.2845,3.6891,Centra el tronco sobre la cadera para mejorar estabilidad. | Alinea la altura de ambas rodillas para una base simetrica. | Abre un poco mas la base de apoyo con los tobillos.
2026-04-21T20:03:52.890641,frontal,INCORRECTO,frontal,79.2,168.9,174.2,44.2,114.3,164.2,173.5,0.1283,0.215,0.1562,0.2868,3.6498,Centra el tronco sobre la cadera para mejorar estabilidad. | Alinea la altura de ambas rodillas para una base simetrica. | Mantén ambas manos a una altura similar al formar la plataforma. | Abre un poco mas la base de apoyo con los tobillos.
2026-04-21T20:03:53.341069,frontal,INCORRECTO,frontal,134.5,169.4,173.8,150.9,118.1,159.4,179.5,0.1269,0.2371,0.3507,0.3913,3.7654,Centra el tronco sobre la cadera para mejorar estabilidad. | Alinea la altura de ambas rodillas para una base simetrica. | Mantén ambas manos a una altura similar al formar la plataforma. | Abre un poco mas la base de apoyo con los tobillos.
2026-04-21T20:03:53.803978,frontal,INCORRECTO,frontal,130.4,162.1,174.5,147.1,113.7,146.9,177.4,0.2689,0.1555,0.3819,0.5065,7.7025,Centra el tronco sobre la cadera para mejorar estabilidad. | Alinea la altura de ambas rodillas para una base simetrica. | Mantén ambas manos a una altura similar al formar la plataforma.
2026-04-21T20:03:54.266961,frontal,INCORRECTO,frontal,123.8,169.0,172.7,149.3,98.3,159.0,179.0,0.2178,0.1477,0.4045,0.3965,6.7533,Centra el tronco sobre la cadera para mejorar estabilidad. | Alinea la altura de ambas rodillas para una base simetrica. | Mantén ambas manos a una altura similar al formar la plataforma. | Abre un poco mas la base de apoyo con los tobillos.
2026-04-21T20:03:54.698103,frontal,INCORRECTO,frontal,134.6,160.1,173.6,176.7,92.5,142.7,177.5,0.1933,0.0709,1.4654,0.4769,6.4112,Centra el tronco sobre la cadera para mejorar estabilidad. | Mantén ambas manos a una altura similar al formar la plataforma. | Abre un poco mas la base de apoyo con los tobillos.
2026-04-21T20:03:55.132214,frontal,INCORRECTO,frontal,173.3,164.0,171.8,167.2,179.5,153.4,174.6,0.2267,0.127,0.6834,0.2709,7.6131,Centra el tronco sobre la cadera para mejorar estabilidad. | Alinea la altura de ambas rodillas para una base simetrica. | Mantén ambas manos a una altura similar al formar la plataforma. | Abre un poco mas la base de apoyo con los tobillos.
2026-04-21T20:03:55.604864,frontal,INCORRECTO,frontal,155.5,166.5,171.3,149.9,161.0,156.5,176.5,0.2508,0.087,0.3107,0.252,7.9701,Centra el tronco sobre la cadera para mejorar estabilidad. | Alinea la altura de ambas rodillas para una base simetrica. | Mantén ambas manos a una altura similar al formar la plataforma. | Abre un poco mas la base de apoyo con los tobillos.
2026-04-21T20:03:56.032752,frontal,INCORRECTO,frontal,141.2,165.1,172.2,133.0,149.3,152.8,177.5,0.2428,0.2422,0.2608,0.258,7.9075,Centra el tronco sobre la cadera para mejorar estabilidad. | Alinea la altura de ambas rodillas para una base simetrica. | Mantén ambas manos a una altura similar al formar la plataforma. | Abre un poco mas la base de apoyo con los tobillos.
2026-04-21T20:03:56.490696,frontal,INCORRECTO,frontal,162.2,160.6,172.8,151.9,172.4,147.0,174.3,0.1989,0.2291,0.2166,0.2908,6.7207,Centra el tronco sobre la cadera para mejorar estabilidad. | Alinea la altura de ambas rodillas para una base simetrica. | Mantén ambas manos a una altura similar al formar la plataforma. | Abre un poco mas la base de apoyo con los tobillos.
2026-04-21T20:03:56.945263,frontal,INCORRECTO,frontal,121.6,163.2,169.6,159.8,83.4,149.5,177.0,0.1816,0.1753,1.0797,0.275,7.8055,Centra el tronco sobre la cadera para mejorar estabilidad. | Alinea la altura de ambas rodillas para una base simetrica. | Mantén ambas manos a una altura similar al formar la plataforma. | Abre un poco mas la base de apoyo con los tobillos.
2026-04-21T20:03:57.390247,frontal,INCORRECTO,frontal,109.7,169.8,171.4,138.8,80.7,161.0,178.6,0.2104,0.1363,0.6925,0.2818,7.5645,Centra el tronco sobre la cadera para mejorar estabilidad. | Alinea la altura de ambas rodillas para una base simetrica. | Mantén ambas manos a una altura similar al formar la plataforma. | Abre un poco mas la base de apoyo con los tobillos.
2026-04-21T20:03:57.848089,frontal,INCORRECTO,frontal,172.1,169.4,173.4,166.0,178.2,160.8,178.0,0.2021,0.1558,0.1793,0.2905,6.1278,Centra el tronco sobre la cadera para mejorar estabilidad. | Alinea la altura de ambas rodillas para una base simetrica. | Mantén ambas manos a una altura similar al formar la plataforma. | Abre un poco mas la base de apoyo con los tobillos.
2026-04-21T20:03:58.299864,frontal,INCORRECTO,frontal,149.7,169.9,171.5,142.3,157.1,167.0,172.7,0.2558,0.2079,0.7848,0.2783,8.1284,Centra el tronco sobre la cadera para mejorar estabilidad. | Alinea la altura de ambas rodillas para una base simetrica. | Mantén ambas manos a una altura similar al formar la plataforma. | Abre un poco mas la base de apoyo con los tobillos.
2026-04-21T20:03:58.746944,frontal,INCORRECTO,frontal,84.6,167.8,173.6,76.4,92.8,157.8,177.8,0.1888,0.2083,0.1113,0.3826,6.4434,Centra el tronco sobre la cadera para mejorar estabilidad. | Alinea la altura de ambas rodillas para una base simetrica. | Mantén ambas manos a una altura similar al formar la plataforma. | Abre un poco mas la base de apoyo con los tobillos.
2026-04-21T20:03:59.192262,frontal,INCORRECTO,frontal,150.0,149.8,162.6,154.2,145.8,132.2,167.3,0.1726,0.0474,0.9517,0.4837,9.3989,Centra el tronco sobre la cadera para mejorar estabilidad. | Mantén ambas manos a una altura similar al formar la plataforma. | Abre un poco mas la base de apoyo con los tobillos.
2026-04-21T20:03:59.646029,frontal,INCORRECTO,frontal,168.2,169.2,171.2,163.6,172.8,162.0,176.3,0.193,0.0919,0.3887,0.3495,7.0079,Centra el tronco sobre la cadera para mejorar estabilidad. | Alinea la altura de ambas rodillas para una base simetrica. | Mantén ambas manos a una altura similar al formar la plataforma. | Abre un poco mas la base de apoyo con los tobillos.
2026-04-21T20:04:00.089510,frontal,INCORRECTO,frontal,168.4,163.0,171.9,163.7,173.2,149.2,176.7,0.1373,0.2371,0.1213,0.3909,5.3189,Centra el tronco sobre la cadera para mejorar estabilidad. | Alinea la altura de ambas rodillas para una base simetrica. | Mantén ambas manos a una altura similar al formar la plataforma. | Abre un poco mas la base de apoyo con los tobillos.
2026-04-21T20:04:00.549082,frontal,INCORRECTO,frontal,166.7,169.9,170.1,158.2,175.3,165.7,174.0,0.1422,0.0976,0.1375,0.3422,6.5763,Centra el tronco sobre la cadera para mejorar estabilidad. | Alinea la altura de ambas rodillas para una base simetrica. | Mantén ambas manos a una altura similar al formar la plataforma. | Abre un poco mas la base de apoyo con los tobillos.
2026-04-21T20:04:01.023105,frontal,INCORRECTO,frontal,168.6,176.8,173.2,161.0,176.1,174.3,179.3,0.1934,0.0245,0.0216,0.3217,6.4983,Centra el tronco sobre la cadera para mejorar estabilidad. | Abre un poco mas la base de apoyo con los tobillos.
2026-04-21T20:04:01.464248,frontal,INCORRECTO,frontal,170.1,167.7,172.7,170.9,169.4,160.4,174.9,0.1757,0.0783,0.4745,0.33,5.6585,Centra el tronco sobre la cadera para mejorar estabilidad. | Mantén ambas manos a una altura similar al formar la plataforma. | Abre un poco mas la base de apoyo con los tobillos.
2026-04-21T20:04:01.922680,frontal,INCORRECTO,frontal,154.0,170.0,175.4,168.0,140.0,161.6,178.4,0.1975,0.076,0.1769,0.3047,5.4799,Centra el tronco sobre la cadera para mejorar estabilidad. | Mantén ambas manos a una altura similar al formar la plataforma. | Abre un poco mas la base de apoyo con los tobillos.
2026-04-21T20:04:02.381505,frontal,INCORRECTO,frontal,106.2,170.5,173.3,129.2,83.1,162.3,178.7,0.2116,0.0488,0.4227,0.2835,6.5021,Centra el tronco sobre la cadera para mejorar estabilidad. | Mantén ambas manos a una altura similar al formar la plataforma. | Abre un poco mas la base de apoyo con los tobillos.
2026-04-21T20:04:02.806783,frontal,INCORRECTO,frontal,131.6,167.2,171.6,136.1,127.2,158.9,175.5,0.2269,0.0327,0.1504,0.3586,7.1921,Centra el tronco sobre la cadera para mejorar estabilidad. | Mantén ambas manos a una altura similar al formar la plataforma. | Abre un poco mas la base de apoyo con los tobillos.
2026-04-21T20:04:03.263603,frontal,INCORRECTO,frontal,110.7,169.5,171.9,85.3,136.1,161.6,177.4,0.1954,0.0093,0.234,0.2433,6.6956,Centra el tronco sobre la cadera para mejorar estabilidad. | Mantén ambas manos a una altura similar al formar la plataforma. | Abre un poco mas la base de apoyo con los tobillos.
2026-04-21T20:04:03.725233,frontal,INCORRECTO,frontal,81.9,170.2,171.9,73.7,90.2,161.1,179.2,0.1926,0.0732,0.0544,0.237,7.2779,Centra el tronco sobre la cadera para mejorar estabilidad. | Abre un poco mas la base de apoyo con los tobillos.
2026-04-21T20:04:04.177070,frontal,INCORRECTO,frontal,125.6,167.2,172.5,147.6,103.5,158.3,176.2,0.2422,0.051,0.5706,0.2465,7.803,Centra el tronco sobre la cadera para mejorar estabilidad. | Mantén ambas manos a una altura similar al formar la plataforma. | Abre un poco mas la base de apoyo con los tobillos.
2026-04-21T20:04:04.604672,frontal,INCORRECTO,frontal,95.1,167.8,171.4,75.5,114.7,159.1,176.4,0.251,0.0173,0.2463,0.3551,8.1033,Centra el tronco sobre la cadera para mejorar estabilidad. | Mantén ambas manos a una altura similar al formar la plataforma. | Abre un poco mas la base de apoyo con los tobillos.
2026-04-21T20:04:05.076986,frontal,INCORRECTO,frontal,101.7,169.5,172.5,107.5,95.9,159.8,179.3,0.2555,0.1067,0.1946,0.3604,7.6022,Centra el tronco sobre la cadera para mejorar estabilidad. | Alinea la altura de ambas rodillas para una base simetrica. | Mantén ambas manos a una altura similar al formar la plataforma. | Abre un poco mas la base de apoyo con los tobillos.
2026-04-21T20:04:05.504459,frontal,INCORRECTO,frontal,90.4,167.2,172.5,107.4,73.3,154.8,179.7,0.2382,0.2168,0.204,0.3387,7.4228,Centra el tronco sobre la cadera para mejorar estabilidad. | Alinea la altura de ambas rodillas para una base simetrica. | Mantén ambas manos a una altura similar al formar la plataforma. | Abre un poco mas la base de apoyo con los tobillos.
2026-04-21T20:04:05.965007,frontal,INCORRECTO,frontal,117.2,167.1,173.2,136.6,97.7,155.3,178.8,0.1906,0.2457,0.1663,0.3074,6.2202,Centra el tronco sobre la cadera para mejorar estabilidad. | Alinea la altura de ambas rodillas para una base simetrica. | Mantén ambas manos a una altura similar al formar la plataforma. | Abre un poco mas la base de apoyo con los tobillos.
2026-04-21T20:04:06.409829,frontal,INCORRECTO,frontal,122.6,169.3,172.8,143.0,102.1,160.6,178.0,0.2168,0.1329,0.3389,0.2822,6.5868,Centra el tronco sobre la cadera para mejorar estabilidad. | Alinea la altura de ambas rodillas para una base simetrica. | Mantén ambas manos a una altura similar al formar la plataforma. | Abre un poco mas la base de apoyo con los tobillos.
2026-04-21T20:04:06.859169,frontal,INCORRECTO,frontal,127.3,164.2,172.3,126.7,128.0,149.4,178.9,0.2316,0.1679,0.2684,0.4162,7.3365,Centra el tronco sobre la cadera para mejorar estabilidad. | Alinea la altura de ambas rodillas para una base simetrica. | Mantén ambas manos a una altura similar al formar la plataforma. | Abre un poco mas la base de apoyo con los tobillos.
2026-04-21T20:04:07.327174,frontal,INCORRECTO,frontal,146.0,167.4,172.1,169.6,122.4,156.3,178.6,0.216,0.1102,0.3686,0.3312,7.2858,Centra el tronco sobre la cadera para mejorar estabilidad. | Alinea la altura de ambas rodillas para una base simetrica. | Mantén ambas manos a una altura similar al formar la plataforma. | Abre un poco mas la base de apoyo con los tobillos.
2026-04-21T20:04:07.763009,frontal,INCORRECTO,frontal,161.4,167.3,171.1,153.3,169.5,154.8,179.9,0.2556,0.1787,0.5626,0.2545,7.7782,Centra el tronco sobre la cadera para mejorar estabilidad. | Alinea la altura de ambas rodillas para una base simetrica. | Mantén ambas manos a una altura similar al formar la plataforma. | Abre un poco mas la base de apoyo con los tobillos.
2026-04-21T20:04:08.207746,frontal,INCORRECTO,frontal,139.7,164.7,169.7,132.4,147.1,151.8,177.6,0.2193,0.0725,0.2142,0.3326,7.9172,Centra el tronco sobre la cadera para mejorar estabilidad. | Mantén ambas manos a una altura similar al formar la plataforma. | Abre un poco mas la base de apoyo con los tobillos.
2026-04-21T20:04:08.652312,frontal,INCORRECTO,frontal,149.0,164.1,171.1,150.3,147.7,154.9,173.2,0.2039,0.1129,0.3093,0.2743,5.977,Centra el tronco sobre la cadera para mejorar estabilidad. | Alinea la altura de ambas rodillas para una base simetrica. | Mantén ambas manos a una altura similar al formar la plataforma. | Abre un poco mas la base de apoyo con los tobillos.
2026-04-21T20:04:09.124675,frontal,INCORRECTO,frontal,149.5,162.8,173.6,124.3,174.6,162.6,163.1,0.162,0.0004,0.8698,0.3046,4.5394,Centra el tronco sobre la cadera para mejorar estabilidad. | Mantén ambas manos a una altura similar al formar la plataforma. | Abre un poco mas la base de apoyo con los tobillos.
2026-04-21T20:04:09.556716,frontal,INCORRECTO,frontal,87.2,165.4,174.6,70.0,104.4,151.5,179.4,0.1769,0.0201,0.0616,0.3942,4.7021,Centra el tronco sobre la cadera para mejorar estabilidad. | Abre un poco mas la base de apoyo con los tobillos.
2026-04-21T20:04:10.027506,frontal,CORRECTO,frontal,82.0,178.4,173.9,84.2,79.9,177.3,179.4,0.0768,0.0142,0.1836,0.5055,2.1526,Mantén ambas manos a una altura similar al formar la plataforma.
2026-04-21T20:04:10.493414,frontal,INCORRECTO,frontal,94.6,177.1,175.3,55.4,133.8,179.4,174.8,0.0096,0.0973,0.0721,0.3043,0.274,Alinea la altura de ambas rodillas para una base simetrica. | Abre un poco mas la base de apoyo con los tobillos.
2026-04-21T20:04:10.942294,frontal,INCORRECTO,frontal,82.7,174.0,174.7,5.9,159.6,171.2,176.7,0.1007,0.0765,0.3102,0.252,2.9654,Mantén ambas manos a una altura similar al formar la plataforma. | Abre un poco mas la base de apoyo con los tobillos.
2026-04-21T20:04:11.375133,frontal,INCORRECTO,frontal,172.6,174.3,174.1,176.3,169.0,171.8,176.7,0.1165,0.0698,0.5147,0.3004,3.8867,Mantén ambas manos a una altura similar al formar la plataforma. | Abre un poco mas la base de apoyo con los tobillos.
2026-04-21T20:04:11.822328,frontal,INCORRECTO,frontal,177.7,172.3,172.9,179.8,175.6,172.6,172.0,0.1183,0.1338,0.2354,0.2855,3.567,Alinea la altura de ambas rodillas para una base simetrica. | Mantén ambas manos a una altura similar al formar la plataforma. | Abre un poco mas la base de apoyo con los tobillos.
2026-04-21T20:04:12.743602,frontal,INCORRECTO,frontal,92.1,171.0,172.0,4.3,180.0,168.5,173.4,1.1174,0.5465,0.7751,0.4797,68.4779,Centra el tronco sobre la cadera para mejorar estabilidad. | Alinea la altura de ambas rodillas para una base simetrica. | Mantén ambas manos a una altura similar al formar la plataforma. | Abre un poco mas la base de apoyo con los tobillos. | Mantén el tronco recto: evita inclinarlo hacia los lados.
2026-04-21T20:04:13.177113,frontal,INCORRECTO,frontal,93.4,171.4,169.7,7.7,179.1,166.3,176.6,1.1337,0.5679,0.783,0.414,71.5546,Centra el tronco sobre la cadera para mejorar estabilidad. | Alinea la altura de ambas rodillas para una base simetrica. | Mantén ambas manos a una altura similar al formar la plataforma. | Abre un poco mas la base de apoyo con los tobillos. | Mantén el tronco recto: evita inclinarlo hacia los lados.
2026-04-21T20:04:14.128745,frontal,INCORRECTO,frontal,173.9,176.1,173.3,172.0,175.9,177.5,174.6,0.2701,0.0971,0.3422,0.2976,9.095,Centra el tronco sobre la cadera para mejorar estabilidad. | Alinea la altura de ambas rodillas para una base simetrica. | Mantén ambas manos a una altura similar al formar la plataforma. | Abre un poco mas la base de apoyo con los tobillos.
2026-04-21T20:04:14.553710,frontal,INCORRECTO,frontal,176.7,176.6,174.0,179.0,174.3,177.4,175.8,0.1575,0.0169,0.1143,0.3381,4.7011,Centra el tronco sobre la cadera para mejorar estabilidad. | Mantén ambas manos a una altura similar al formar la plataforma. | Abre un poco mas la base de apoyo con los tobillos.
2026-04-21T20:04:15.008598,frontal,INCORRECTO,frontal,174.8,176.0,173.6,172.6,177.0,177.4,174.6,0.0745,0.0122,0.1685,0.3198,2.3922,Mantén ambas manos a una altura similar al formar la plataforma. | Abre un poco mas la base de apoyo con los tobillos.
2026-04-21T20:04:15.494696,frontal,INCORRECTO,frontal,175.0,176.5,173.3,174.3,175.7,178.3,174.8,0.099,0.0013,0.0906,0.3335,3.165,Mantén ambas manos a una altura similar al formar la plataforma. | Abre un poco mas la base de apoyo con los tobillos.
2026-04-21T20:04:15.878658,frontal,INCORRECTO,frontal,175.2,176.5,173.4,172.1,178.3,177.6,175.3,0.0728,0.023,0.0916,0.349,2.2783,Mantén ambas manos a una altura similar al formar la plataforma. | Abre un poco mas la base de apoyo con los tobillos.
2026-04-21T20:04:16.329084,frontal,INCORRECTO,frontal,176.9,176.5,173.1,175.1,178.7,177.1,175.9,0.0529,0.0229,0.109,0.3482,1.6868,Mantén ambas manos a una altura similar al formar la plataforma. | Abre un poco mas la base de apoyo con los tobillos.
2026-04-21T20:04:16.796712,frontal,INCORRECTO,frontal,177.8,176.2,173.2,176.1,179.5,176.5,176.0,0.0421,0.0515,0.0861,0.3482,1.3119,Mantén ambas manos a una altura similar al formar la plataforma. | Abre un poco mas la base de apoyo con los tobillos.
2026-04-21T20:04:17.227990,frontal,INCORRECTO,frontal,177.5,176.1,173.0,175.4,179.5,176.1,176.2,0.065,0.0423,0.1067,0.3634,2.0277,Mantén ambas manos a una altura similar al formar la plataforma. | Abre un poco mas la base de apoyo con los tobillos.
2026-04-21T20:04:17.675546,frontal,CORRECTO,frontal,177.2,176.1,173.2,174.8,179.5,176.9,175.4,0.0629,0.0425,0.0546,0.3358,1.9748,Abre un poco mas la base de apoyo con los tobillos.
2026-04-21T20:04:18.143169,frontal,INCORRECTO,frontal,177.0,177.2,173.5,174.1,179.9,177.2,177.2,0.0531,0.0762,0.091,0.3761,1.6686,Mantén ambas manos a una altura similar al formar la plataforma. | Abre un poco mas la base de apoyo con los tobillos.
2026-04-21T20:04:18.574424,frontal,INCORRECTO,frontal,176.3,177.0,173.3,173.3,179.3,176.5,177.5,0.0412,0.072,0.1001,0.3636,1.3044,Mantén ambas manos a una altura similar al formar la plataforma. | Abre un poco mas la base de apoyo con los tobillos.
2026-04-21T20:04:19.038641,frontal,INCORRECTO,frontal,175.4,176.9,173.8,172.2,178.7,175.2,178.5,0.0227,0.0068,0.1354,0.3952,0.7213,Mantén ambas manos a una altura similar al formar la plataforma. | Abre un poco mas la base de apoyo con los tobillos.
2026-04-21T20:04:19.475201,frontal,INCORRECTO,frontal,177.0,175.4,173.4,179.0,174.9,173.4,177.4,0.0526,0.0017,0.1228,0.3314,1.6841,Mantén ambas manos a una altura similar al formar la plataforma. | Abre un poco mas la base de apoyo con los tobillos.
2026-04-21T20:04:19.907492,frontal,INCORRECTO,frontal,178.7,175.9,173.0,179.5,177.9,174.9,176.9,0.0372,0.0057,0.1538,0.3707,1.1731,Mantén ambas manos a una altura similar al formar la plataforma. | Abre un poco mas la base de apoyo con los tobillos.
2026-04-21T20:04:20.360505,frontal,INCORRECTO,frontal,179.0,176.0,173.4,178.1,179.9,174.4,177.5,0.0632,0.0085,0.1237,0.3392,2.0007,Mantén ambas manos a una altura similar al formar la plataforma. | Abre un poco mas la base de apoyo con los tobillos.
2026-04-21T20:04:20.857247,frontal,CORRECTO,frontal,178.0,177.6,173.4,176.8,179.3,177.7,177.5,0.0576,0.0061,0.0546,0.3478,1.8569,Abre un poco mas la base de apoyo con los tobillos.
2026-04-21T20:04:21.291032,frontal,INCORRECTO,frontal,177.8,177.8,173.7,176.4,179.2,178.2,177.5,0.051,0.0002,0.0886,0.3508,1.6458,Mantén ambas manos a una altura similar al formar la plataforma. | Abre un poco mas la base de apoyo con los tobillos.
2026-04-21T20:04:21.757197,frontal,INCORRECTO,frontal,179.1,177.0,173.9,178.6,179.6,177.5,176.5,0.1041,0.0056,0.0932,0.3352,3.2957,Mantén ambas manos a una altura similar al formar la plataforma. | Abre un poco mas la base de apoyo con los tobillos.
2026-04-21T20:04:22.189809,frontal,INCORRECTO,frontal,174.9,178.5,175.4,170.2,179.6,178.0,179.0,0.0173,0.0113,0.0939,0.3407,0.5451,Mantén ambas manos a una altura similar al formar la plataforma. | Abre un poco mas la base de apoyo con los tobillos.
2026-04-21T20:04:22.627521,frontal,INCORRECTO,frontal,175.8,177.1,174.2,171.9,179.8,175.8,178.4,0.0433,0.0483,0.0945,0.3614,1.3728,Mantén ambas manos a una altura similar al formar la plataforma. | Abre un poco mas la base de apoyo con los tobillos.
2026-04-21T20:04:23.077162,frontal,CORRECTO,frontal,176.5,177.1,173.7,173.5,179.6,176.4,177.9,0.0691,0.0503,0.0618,0.3555,2.2547,Abre un poco mas la base de apoyo con los tobillos.
2026-04-21T20:04:23.524088,frontal,INCORRECTO,frontal,176.2,177.1,173.7,173.2,179.1,177.4,176.8,0.0532,0.0233,0.1117,0.3578,1.7439,Mantén ambas manos a una altura similar al formar la plataforma. | Abre un poco mas la base de apoyo con los tobillos.
2026-04-21T20:04:23.975711,frontal,INCORRECTO,frontal,174.8,177.5,174.4,172.4,177.1,179.4,175.7,0.0757,0.0351,0.2746,0.3661,2.3181,Mantén ambas manos a una altura similar al formar la plataforma. | Abre un poco mas la base de apoyo con los tobillos.
2026-04-21T20:04:24.423977,lateral,INCORRECTO,LEFT,157.4,149.6,174.9,,,,,,,,,,Flexiona mas las rodillas para estabilizar el centro de gravedad. | Inclina un poco mas el tronco para una mejor recepcion.
2026-04-21T20:04:24.874512,lateral,INCORRECTO,LEFT,162.3,166.8,178.4,,,,,,,,,,Flexiona mas las rodillas para estabilizar el centro de gravedad. | Inclina un poco mas el tronco para una mejor recepcion.
2026-04-21T20:04:25.341508,lateral,INCORRECTO,LEFT,148.5,164.7,174.7,,,,,,,,,,Extiende mas los brazos para formar una plataforma firme. | Flexiona mas las rodillas para estabilizar el centro de gravedad. | Inclina un poco mas el tronco para una mejor recepcion.
2026-04-21T20:04:25.791174,lateral,INCORRECTO,LEFT,145.7,168.6,176.7,,,,,,,,,,Extiende mas los brazos para formar una plataforma firme. | Flexiona mas las rodillas para estabilizar el centro de gravedad. | Inclina un poco mas el tronco para una mejor recepcion.
2026-04-21T20:04:26.238232,lateral,INCORRECTO,LEFT,157.3,176.6,174.7,,,,,,,,,,Flexiona mas las rodillas para estabilizar el centro de gravedad. | Inclina un poco mas el tronco para una mejor recepcion.
2026-04-21T20:04:26.658890,lateral,INCORRECTO,LEFT,149.3,178.9,174.4,,,,,,,,,,Extiende mas los brazos para formar una plataforma firme. | Flexiona mas las rodillas para estabilizar el centro de gravedad. | Inclina un poco mas el tronco para una mejor recepcion.
2026-04-21T20:04:27.130795,lateral,INCORRECTO,LEFT,143.7,169.1,176.7,,,,,,,,,,Extiende mas los brazos para formar una plataforma firme. | Flexiona mas las rodillas para estabilizar el centro de gravedad. | Inclina un poco mas el tronco para una mejor recepcion.
2026-04-21T20:04:27.571587,lateral,INCORRECTO,LEFT,138.5,165.0,175.7,,,,,,,,,,Extiende mas los brazos para formar una plataforma firme. | Flexiona mas las rodillas para estabilizar el centro de gravedad. | Inclina un poco mas el tronco para una mejor recepcion.
2026-04-21T20:04:28.071383,lateral,INCORRECTO,LEFT,155.0,151.0,176.1,,,,,,,,,,Flexiona mas las rodillas para estabilizar el centro de gravedad. | Inclina un poco mas el tronco para una mejor recepcion.
2026-04-21T20:04:28.971442,lateral,INCORRECTO,LEFT,156.6,163.1,179.9,,,,,,,,,,Flexiona mas las rodillas para estabilizar el centro de gravedad. | Inclina un poco mas el tronco para una mejor recepcion.
2026-04-21T20:04:29.408539,lateral,INCORRECTO,LEFT,162.3,164.2,178.1,,,,,,,,,,Flexiona mas las rodillas para estabilizar el centro de gravedad. | Inclina un poco mas el tronco para una mejor recepcion.
2026-04-21T20:04:29.823586,lateral,INCORRECTO,LEFT,156.2,160.6,175.0,,,,,,,,,,Flexiona mas las rodillas para estabilizar el centro de gravedad. | Inclina un poco mas el tronco para una mejor recepcion.
2026-04-21T20:04:30.274150,lateral,INCORRECTO,LEFT,155.2,161.7,175.5,,,,,,,,,,Flexiona mas las rodillas para estabilizar el centro de gravedad. | Inclina un poco mas el tronco para una mejor recepcion.
2026-04-21T20:04:30.724179,lateral,INCORRECTO,LEFT,149.9,163.2,175.6,,,,,,,,,,Extiende mas los brazos para formar una plataforma firme. | Flexiona mas las rodillas para estabilizar el centro de gravedad. | Inclina un poco mas el tronco para una mejor recepcion.
2026-04-21T20:04:31.190432,lateral,INCORRECTO,LEFT,148.0,163.3,173.8,,,,,,,,,,Extiende mas los brazos para formar una plataforma firme. | Flexiona mas las rodillas para estabilizar el centro de gravedad. | Inclina un poco mas el tronco para una mejor recepcion.
2026-04-21T20:04:31.636159,lateral,INCORRECTO,LEFT,134.0,162.7,170.7,,,,,,,,,,Extiende mas los brazos para formar una plataforma firme. | Flexiona mas las rodillas para estabilizar el centro de gravedad. | Inclina un poco mas el tronco para una mejor recepcion.
2026-04-21T20:04:32.080084,lateral,INCORRECTO,LEFT,129.7,165.8,168.5,,,,,,,,,,Extiende mas los brazos para formar una plataforma firme. | Flexiona mas las rodillas para estabilizar el centro de gravedad. | Inclina un poco mas el tronco para una mejor recepcion.
2026-04-21T20:04:32.539395,lateral,INCORRECTO,LEFT,158.2,142.5,158.4,,,,,,,,,,Flexiona mas las rodillas para estabilizar el centro de gravedad.
2026-04-21T20:04:32.990461,lateral,CORRECTO,LEFT,152.4,121.9,138.7,,,,,,,,,,Tecnica correcta. Mantener postura y sincronizacion.
2026-04-21T20:04:33.437774,lateral,INCORRECTO,LEFT,148.5,153.8,145.4,,,,,,,,,,Extiende mas los brazos para formar una plataforma firme. | Flexiona mas las rodillas para estabilizar el centro de gravedad.
2026-04-21T20:04:33.873890,lateral,INCORRECTO,LEFT,127.6,167.5,154.9,,,,,,,,,,Extiende mas los brazos para formar una plataforma firme. | Flexiona mas las rodillas para estabilizar el centro de gravedad.
2026-04-21T20:04:34.309559,lateral,INCORRECTO,LEFT,143.5,166.3,155.9,,,,,,,,,,Extiende mas los brazos para formar una plataforma firme. | Flexiona mas las rodillas para estabilizar el centro de gravedad.
2026-04-21T20:04:34.772740,lateral,INCORRECTO,LEFT,134.4,163.0,152.2,,,,,,,,,,Extiende mas los brazos para formar una plataforma firme. | Flexiona mas las rodillas para estabilizar el centro de gravedad.
2026-04-21T20:04:35.239359,lateral,INCORRECTO,LEFT,140.6,144.6,141.7,,,,,,,,,,Extiende mas los brazos para formar una plataforma firme. | Flexiona mas las rodillas para estabilizar el centro de gravedad.
2026-04-21T20:04:35.694154,lateral,INCORRECTO,LEFT,151.2,152.1,145.4,,,,,,,,,,Flexiona mas las rodillas para estabilizar el centro de gravedad.
2026-04-21T20:04:36.161863,lateral,INCORRECTO,LEFT,150.4,152.0,145.2,,,,,,,,,,Flexiona mas las rodillas para estabilizar el centro de gravedad.
2026-04-21T20:04:36.604351,lateral,INCORRECTO,LEFT,142.4,141.1,140.4,,,,,,,,,,Extiende mas los brazos para formar una plataforma firme. | Flexiona mas las rodillas para estabilizar el centro de gravedad.
2026-04-21T20:04:37.058484,lateral,INCORRECTO,LEFT,145.3,138.6,140.0,,,,,,,,,,Extiende mas los brazos para formar una plataforma firme. | Flexiona mas las rodillas para estabilizar el centro de gravedad.
2026-04-21T20:04:37.474766,lateral,INCORRECTO,LEFT,152.2,155.0,146.9,,,,,,,,,,Flexiona mas las rodillas para estabilizar el centro de gravedad.
2026-04-21T20:04:37.944018,lateral,INCORRECTO,LEFT,150.7,166.8,158.8,,,,,,,,,,Flexiona mas las rodillas para estabilizar el centro de gravedad.
2026-04-21T20:04:38.379994,lateral,INCORRECTO,LEFT,155.9,177.1,165.4,,,,,,,,,,Flexiona mas las rodillas para estabilizar el centro de gravedad. | Inclina un poco mas el tronco para una mejor recepcion.
2026-04-21T20:04:38.836223,lateral,INCORRECTO,LEFT,143.2,144.9,148.2,,,,,,,,,,Extiende mas los brazos para formar una plataforma firme. | Flexiona mas las rodillas para estabilizar el centro de gravedad.
2026-04-21T20:04:39.292583,lateral,INCORRECTO,LEFT,138.7,140.7,146.2,,,,,,,,,,Extiende mas los brazos para formar una plataforma firme. | Flexiona mas las rodillas para estabilizar el centro de gravedad.
2026-04-21T20:04:39.740527,lateral,INCORRECTO,LEFT,147.3,140.7,145.4,,,,,,,,,,Extiende mas los brazos para formar una plataforma firme. | Flexiona mas las rodillas para estabilizar el centro de gravedad.
2026-04-21T20:04:40.187528,lateral,INCORRECTO,LEFT,145.9,145.3,148.1,,,,,,,,,,Extiende mas los brazos para formar una plataforma firme. | Flexiona mas las rodillas para estabilizar el centro de gravedad.
2026-04-21T20:04:40.654098,lateral,INCORRECTO,LEFT,154.5,153.6,151.1,,,,,,,,,,Flexiona mas las rodillas para estabilizar el centro de gravedad.
2026-04-21T20:04:41.063004,lateral,INCORRECTO,LEFT,160.1,138.7,146.7,,,,,,,,,,Flexiona mas las rodillas para estabilizar el centro de gravedad.
2026-04-21T20:04:41.505708,lateral,INCORRECTO,LEFT,157.4,147.7,150.4,,,,,,,,,,Flexiona mas las rodillas para estabilizar el centro de gravedad.
2026-04-21T20:04:41.956753,lateral,INCORRECTO,LEFT,160.4,140.6,143.3,,,,,,,,,,Flexiona mas las rodillas para estabilizar el centro de gravedad.
2026-04-21T20:04:42.461590,lateral,INCORRECTO,LEFT,166.2,140.4,145.5,,,,,,,,,,Flexiona mas las rodillas para estabilizar el centro de gravedad.
2026-04-21T20:04:42.902720,lateral,INCORRECTO,LEFT,169.2,143.5,140.5,,,,,,,,,,Flexiona mas las rodillas para estabilizar el centro de gravedad.
2026-04-21T20:04:43.339328,lateral,INCORRECTO,LEFT,165.6,140.8,141.8,,,,,,,,,,Flexiona mas las rodillas para estabilizar el centro de gravedad.
2026-04-21T20:04:43.805961,lateral,INCORRECTO,LEFT,160.9,146.7,146.8,,,,,,,,,,Flexiona mas las rodillas para estabilizar el centro de gravedad.
2026-04-21T20:04:44.226210,lateral,INCORRECTO,LEFT,159.3,158.8,153.3,,,,,,,,,,Flexiona mas las rodillas para estabilizar el centro de gravedad.
2026-04-21T20:04:44.693173,lateral,INCORRECTO,LEFT,158.0,173.2,162.6,,,,,,,,,,Flexiona mas las rodillas para estabilizar el centro de gravedad. | Inclina un poco mas el tronco para una mejor recepcion.
2026-04-21T20:04:45.131375,lateral,INCORRECTO,LEFT,154.1,171.6,166.0,,,,,,,,,,Flexiona mas las rodillas para estabilizar el centro de gravedad. | Inclina un poco mas el tronco para una mejor recepcion.
2026-04-21T20:04:45.590210,lateral,INCORRECTO,LEFT,154.4,170.3,166.2,,,,,,,,,,Flexiona mas las rodillas para estabilizar el centro de gravedad. | Inclina un poco mas el tronco para una mejor recepcion.
2026-04-21T20:04:46.035674,lateral,INCORRECTO,LEFT,150.3,171.7,165.9,,,,,,,,,,Flexiona mas las rodillas para estabilizar el centro de gravedad. | Inclina un poco mas el tronco para una mejor recepcion.
2026-04-21T20:04:46.474020,lateral,INCORRECTO,LEFT,158.5,171.7,166.0,,,,,,,,,,Flexiona mas las rodillas para estabilizar el centro de gravedad. | Inclina un poco mas el tronco para una mejor recepcion.
2026-04-21T20:04:46.937092,lateral,INCORRECTO,LEFT,159.6,171.7,167.6,,,,,,,,,,Flexiona mas las rodillas para estabilizar el centro de gravedad. | Inclina un poco mas el tronco para una mejor recepcion.
2026-04-21T20:04:47.374665,lateral,INCORRECTO,LEFT,159.3,168.8,164.0,,,,,,,,,,Flexiona mas las rodillas para estabilizar el centro de gravedad. | Inclina un poco mas el tronco para una mejor recepcion.
2026-04-21T20:04:47.822603,lateral,INCORRECTO,LEFT,164.5,172.7,166.7,,,,,,,,,,Flexiona mas las rodillas para estabilizar el centro de gravedad. | Inclina un poco mas el tronco para una mejor recepcion.
2026-04-21T20:04:48.271902,lateral,INCORRECTO,LEFT,161.1,172.5,166.9,,,,,,,,,,Flexiona mas las rodillas para estabilizar el centro de gravedad. | Inclina un poco mas el tronco para una mejor recepcion.
2026-04-21T20:04:48.705316,lateral,INCORRECTO,LEFT,154.3,171.7,169.3,,,,,,,,,,Flexiona mas las rodillas para estabilizar el centro de gravedad. | Inclina un poco mas el tronco para una mejor recepcion.
2026-04-21T20:04:49.156940,lateral,INCORRECTO,LEFT,151.6,170.2,164.3,,,,,,,,,,Flexiona mas las rodillas para estabilizar el centro de gravedad. | Inclina un poco mas el tronco para una mejor recepcion.
2026-04-21T20:04:49.794707,lateral,INCORRECTO,LEFT,148.9,174.6,177.5,,,,,,,,,,Extiende mas los brazos para formar una plataforma firme. | Flexiona mas las rodillas para estabilizar el centro de gravedad. | Inclina un poco mas el tronco para una mejor recepcion.
2026-04-21T20:04:50.074859,lateral,INCORRECTO,LEFT,169.9,171.5,178.3,,,,,,,,,,Flexiona mas las rodillas para estabilizar el centro de gravedad. | Inclina un poco mas el tronco para una mejor recepcion.
2026-04-21T20:04:50.542743,lateral,INCORRECTO,LEFT,6.2,173.0,170.7,,,,,,,,,,Extiende mas los brazos para formar una plataforma firme. | Flexiona mas las rodillas para estabilizar el centro de gravedad. | Inclina un poco mas el tronco para una mejor recepcion.
2026-04-21T20:04:51.003557,lateral,INCORRECTO,LEFT,20.0,170.7,171.6,,,,,,,,,,Extiende mas los brazos para formar una plataforma firme. | Flexiona mas las rodillas para estabilizar el centro de gravedad. | Inclina un poco mas el tronco para una mejor recepcion.
2026-04-21T20:04:51.443155,lateral,INCORRECTO,LEFT,141.2,171.0,179.5,,,,,,,,,,Extiende mas los brazos para formar una plataforma firme. | Flexiona mas las rodillas para estabilizar el centro de gravedad. | Inclina un poco mas el tronco para una mejor recepcion.
2026-04-21T20:04:54.591371,lateral,INCORRECTO,LEFT,176.7,175.6,173.9,,,,,,,,,,Flexiona mas las rodillas para estabilizar el centro de gravedad. | Inclina un poco mas el tronco para una mejor recepcion.
2026-04-21T20:04:55.027706,lateral,CORRECTO,LEFT,123.6,79.8,16.1,,,,,,,,,,"Extiende mas los brazos para formar una plataforma firme. | Sube un poco la postura: la flexion de rodilla es muy cerrada. | Endereza un poco el tronco, hay demasiada inclinacion. | Buena ejecucion general. Ajusta detalles para mayor precision."
2026-04-21T20:04:55.472794,lateral,CORRECTO,LEFT,167.3,110.1,80.1,,,,,,,,,,"Endereza un poco el tronco, hay demasiada inclinacion. | Buena ejecucion general. Ajusta detalles para mayor precision."
2026-04-21T20:04:55.923056,lateral,CORRECTO,LEFT,48.2,44.8,32.1,,,,,,,,,,"Extiende mas los brazos para formar una plataforma firme. | Sube un poco la postura: la flexion de rodilla es muy cerrada. | Endereza un poco el tronco, hay demasiada inclinacion. | Buena ejecucion general. Ajusta detalles para mayor precision."
2026-04-21T20:04:56.373057,lateral,INCORRECTO,LEFT,147.9,150.0,43.5,,,,,,,,,,"Extiende mas los brazos para formar una plataforma firme. | Flexiona mas las rodillas para estabilizar el centro de gravedad. | Endereza un poco el tronco, hay demasiada inclinacion."
2026-04-21T20:04:56.857221,lateral,INCORRECTO,LEFT,121.8,143.5,59.4,,,,,,,,,,"Extiende mas los brazos para formar una plataforma firme. | Flexiona mas las rodillas para estabilizar el centro de gravedad. | Endereza un poco el tronco, hay demasiada inclinacion."
2026-04-21T20:04:57.293616,lateral,CORRECTO,LEFT,37.7,123.7,38.0,,,,,,,,,,"Extiende mas los brazos para formar una plataforma firme. | Endereza un poco el tronco, hay demasiada inclinacion. | Buena ejecucion general. Ajusta detalles para mayor precision."
2026-04-21T20:04:57.757332,lateral,CORRECTO,LEFT,172.8,127.2,35.1,,,,,,,,,,"Endereza un poco el tronco, hay demasiada inclinacion. | Buena ejecucion general. Ajusta detalles para mayor precision."
2026-04-21T20:04:58.219878,lateral,INCORRECTO,LEFT,121.6,140.8,53.7,,,,,,,,,,"Extiende mas los brazos para formar una plataforma firme. | Flexiona mas las rodillas para estabilizar el centro de gravedad. | Endereza un poco el tronco, hay demasiada inclinacion."
2026-04-21T20:04:58.651113,lateral,INCORRECTO,LEFT,19.7,150.6,86.2,,,,,,,,,,"Extiende mas los brazos para formar una plataforma firme. | Flexiona mas las rodillas para estabilizar el centro de gravedad. | Endereza un poco el tronco, hay demasiada inclinacion."
2026-04-21T20:04:59.088599,lateral,CORRECTO,LEFT,175.5,126.1,89.7,,,,,,,,,,"Endereza un poco el tronco, hay demasiada inclinacion. | Buena ejecucion general. Ajusta detalles para mayor precision."
2026-04-21T20:04:59.575938,lateral,INCORRECTO,LEFT,166.3,133.9,94.8,,,,,,,,,,"Endereza un poco el tronco, hay demasiada inclinacion."
2026-04-21T20:04:59.986480,lateral,CORRECTO,LEFT,178.1,133.2,94.6,,,,,,,,,,"Endereza un poco el tronco, hay demasiada inclinacion. | Buena ejecucion general. Ajusta detalles para mayor precision."
2026-04-21T20:05:00.439686,lateral,CORRECTO,LEFT,167.5,117.8,93.9,,,,,,,,,,"Endereza un poco el tronco, hay demasiada inclinacion. | Buena ejecucion general. Ajusta detalles para mayor precision."
2026-04-21T20:05:01.806573,lateral,INCORRECTO,LEFT,77.7,41.4,176.0,,,,,,,,,,Extiende mas los brazos para formar una plataforma firme. | Sube un poco la postura: la flexion de rodilla es muy cerrada. | Inclina un poco mas el tronco para una mejor recepcion.
2026-04-21T20:05:02.233538,lateral,INCORRECTO,LEFT,55.8,160.5,3.5,,,,,,,,,,"Extiende mas los brazos para formar una plataforma firme. | Flexiona mas las rodillas para estabilizar el centro de gravedad. | Endereza un poco el tronco, hay demasiada inclinacion."
2026-04-21T20:05:02.672959,lateral,CORRECTO,LEFT,56.0,30.1,47.4,,,,,,,,,,"Extiende mas los brazos para formar una plataforma firme. | Sube un poco la postura: la flexion de rodilla es muy cerrada. | Endereza un poco el tronco, hay demasiada inclinacion. | Buena ejecucion general. Ajusta detalles para mayor precision."
2026-04-21T20:05:03.107276,lateral,CORRECTO,LEFT,79.2,15.9,5.1,,,,,,,,,,"Extiende mas los brazos para formar una plataforma firme. | Sube un poco la postura: la flexion de rodilla es muy cerrada. | Endereza un poco el tronco, hay demasiada inclinacion. | Buena ejecucion general. Ajusta detalles para mayor precision."
2026-04-21T20:05:03.555872,lateral,INCORRECTO,LEFT,18.0,173.8,1.7,,,,,,,,,,"Extiende mas los brazos para formar una plataforma firme. | Flexiona mas las rodillas para estabilizar el centro de gravedad. | Endereza un poco el tronco, hay demasiada inclinacion."
2026-04-21T20:05:04.050903,lateral,CORRECTO,LEFT,23.4,121.1,29.1,,,,,,,,,,"Extiende mas los brazos para formar una plataforma firme. | Endereza un poco el tronco, hay demasiada inclinacion. | Buena ejecucion general. Ajusta detalles para mayor precision."
2026-04-21T20:05:04.490162,lateral,INCORRECTO,LEFT,3.5,164.8,7.6,,,,,,,,,,"Extiende mas los brazos para formar una plataforma firme. | Flexiona mas las rodillas para estabilizar el centro de gravedad. | Endereza un poco el tronco, hay demasiada inclinacion."
2026-04-21T20:05:04.951546,lateral,INCORRECTO,LEFT,44.2,159.1,3.2,,,,,,,,,,"Extiende mas los brazos para formar una plataforma firme. | Flexiona mas las rodillas para estabilizar el centro de gravedad. | Endereza un poco el tronco, hay demasiada inclinacion."
2026-04-21T20:05:05.391323,lateral,INCORRECTO,LEFT,125.8,171.0,9.5,,,,,,,,,,"Extiende mas los brazos para formar una plataforma firme. | Flexiona mas las rodillas para estabilizar el centro de gravedad. | Endereza un poco el tronco, hay demasiada inclinacion."
2026-04-21T20:05:05.855605,lateral,INCORRECTO,LEFT,137.7,176.7,16.1,,,,,,,,,,"Extiende mas los brazos para formar una plataforma firme. | Flexiona mas las rodillas para estabilizar el centro de gravedad. | Endereza un poco el tronco, hay demasiada inclinacion."
2026-04-21T20:05:06.288712,lateral,INCORRECTO,LEFT,137.3,173.8,18.7,,,,,,,,,,"Extiende mas los brazos para formar una plataforma firme. | Flexiona mas las rodillas para estabilizar el centro de gravedad. | Endereza un poco el tronco, hay demasiada inclinacion."
2026-04-21T20:05:06.741767,lateral,INCORRECTO,LEFT,90.0,172.5,12.3,,,,,,,,,,"Extiende mas los brazos para formar una plataforma firme. | Flexiona mas las rodillas para estabilizar el centro de gravedad. | Endereza un poco el tronco, hay demasiada inclinacion."
2026-04-21T20:05:07.188897,lateral,INCORRECTO,LEFT,76.5,173.1,5.7,,,,,,,,,,"Extiende mas los brazos para formar una plataforma firme. | Flexiona mas las rodillas para estabilizar el centro de gravedad. | Endereza un poco el tronco, hay demasiada inclinacion."
2026-04-21T20:05:07.624461,lateral,INCORRECTO,LEFT,113.5,167.9,14.3,,,,,,,,,,"Extiende mas los brazos para formar una plataforma firme. | Flexiona mas las rodillas para estabilizar el centro de gravedad. | Endereza un poco el tronco, hay demasiada inclinacion."
2026-04-21T20:05:08.086068,lateral,CORRECTO,LEFT,155.7,92.4,33.4,,,,,,,,,,"Endereza un poco el tronco, hay demasiada inclinacion. | Buena ejecucion general. Ajusta detalles para mayor precision."
2026-04-21T20:05:08.989198,lateral,CORRECTO,LEFT,149.3,126.1,90.2,,,,,,,,,,"Extiende mas los brazos para formar una plataforma firme. | Endereza un poco el tronco, hay demasiada inclinacion. | Buena ejecucion general. Ajusta detalles para mayor precision."
2026-04-21T20:05:09.425120,lateral,INCORRECTO,LEFT,153.2,140.2,95.0,,,,,,,,,,"Flexiona mas las rodillas para estabilizar el centro de gravedad. | Endereza un poco el tronco, hay demasiada inclinacion."
2026-04-21T20:05:09.891892,lateral,INCORRECTO,LEFT,154.2,145.2,88.2,,,,,,,,,,"Flexiona mas las rodillas para estabilizar el centro de gravedad. | Endereza un poco el tronco, hay demasiada inclinacion."
2026-04-21T20:05:10.337667,lateral,INCORRECTO,LEFT,154.8,147.2,89.7,,,,,,,,,,"Flexiona mas las rodillas para estabilizar el centro de gravedad. | Endereza un poco el tronco, hay demasiada inclinacion."
2026-04-21T20:05:10.754414,lateral,INCORRECTO,LEFT,153.6,160.2,92.4,,,,,,,,,,"Flexiona mas las rodillas para estabilizar el centro de gravedad. | Endereza un poco el tronco, hay demasiada inclinacion."
2026-04-21T20:05:11.250793,lateral,CORRECTO,LEFT,146.7,131.4,88.3,,,,,,,,,,"Extiende mas los brazos para formar una plataforma firme. | Endereza un poco el tronco, hay demasiada inclinacion. | Buena ejecucion general. Ajusta detalles para mayor precision."
2026-04-21T20:05:11.688708,lateral,INCORRECTO,LEFT,147.8,149.5,97.4,,,,,,,,,,"Extiende mas los brazos para formar una plataforma firme. | Flexiona mas las rodillas para estabilizar el centro de gravedad. | Endereza un poco el tronco, hay demasiada inclinacion."
2026-04-21T20:05:12.152749,lateral,INCORRECTO,LEFT,149.2,152.1,108.9,,,,,,,,,,"Extiende mas los brazos para formar una plataforma firme. | Flexiona mas las rodillas para estabilizar el centro de gravedad. | Endereza un poco el tronco, hay demasiada inclinacion."
2026-04-21T20:05:12.588587,lateral,INCORRECTO,LEFT,148.1,151.9,107.9,,,,,,,,,,"Extiende mas los brazos para formar una plataforma firme. | Flexiona mas las rodillas para estabilizar el centro de gravedad. | Endereza un poco el tronco, hay demasiada inclinacion."
2026-04-21T20:05:13.053429,lateral,INCORRECTO,LEFT,152.5,154.3,108.9,,,,,,,,,,"Flexiona mas las rodillas para estabilizar el centro de gravedad. | Endereza un poco el tronco, hay demasiada inclinacion."
2026-04-21T20:05:13.477978,lateral,INCORRECTO,LEFT,160.2,146.7,103.1,,,,,,,,,,"Flexiona mas las rodillas para estabilizar el centro de gravedad. | Endereza un poco el tronco, hay demasiada inclinacion."
2026-04-21T20:05:13.953904,lateral,INCORRECTO,LEFT,156.0,148.5,117.0,,,,,,,,,,Flexiona mas las rodillas para estabilizar el centro de gravedad.
2026-04-21T20:05:14.385671,lateral,INCORRECTO,LEFT,156.8,160.6,115.5,,,,,,,,,,Flexiona mas las rodillas para estabilizar el centro de gravedad.
2026-04-21T20:05:14.824409,lateral,INCORRECTO,LEFT,158.2,152.7,117.8,,,,,,,,,,Flexiona mas las rodillas para estabilizar el centro de gravedad.
2026-04-21T20:05:15.274311,lateral,INCORRECTO,LEFT,155.2,155.7,120.5,,,,,,,,,,Flexiona mas las rodillas para estabilizar el centro de gravedad.
2026-04-21T20:05:15.728331,lateral,INCORRECTO,LEFT,167.6,156.5,111.7,,,,,,,,,,Flexiona mas las rodillas para estabilizar el centro de gravedad.
2026-04-21T20:05:16.185697,lateral,INCORRECTO,LEFT,167.6,133.9,86.6,,,,,,,,,,"Endereza un poco el tronco, hay demasiada inclinacion."
2026-04-21T20:05:16.622303,lateral,INCORRECTO,LEFT,156.2,140.6,91.6,,,,,,,,,,"Flexiona mas las rodillas para estabilizar el centro de gravedad. | Endereza un poco el tronco, hay demasiada inclinacion."
2026-04-21T20:05:17.088270,lateral,INCORRECTO,LEFT,155.1,144.8,99.9,,,,,,,,,,"Flexiona mas las rodillas para estabilizar el centro de gravedad. | Endereza un poco el tronco, hay demasiada inclinacion."
2026-04-21T20:05:17.507191,lateral,INCORRECTO,LEFT,155.4,145.5,100.8,,,,,,,,,,"Flexiona mas las rodillas para estabilizar el centro de gravedad. | Endereza un poco el tronco, hay demasiada inclinacion."
2026-04-21T20:05:17.970827,lateral,INCORRECTO,LEFT,152.5,140.2,111.9,,,,,,,,,,Flexiona mas las rodillas para estabilizar el centro de gravedad.
2026-04-21T20:05:18.442093,lateral,INCORRECTO,LEFT,162.6,139.2,114.7,,,,,,,,,,Flexiona mas las rodillas para estabilizar el centro de gravedad.
2026-04-21T20:05:18.904696,lateral,INCORRECTO,LEFT,160.4,137.2,115.5,,,,,,,,,,Flexiona mas las rodillas para estabilizar el centro de gravedad.
2026-04-21T20:05:19.354873,lateral,INCORRECTO,LEFT,159.2,137.6,117.1,,,,,,,,,,Flexiona mas las rodillas para estabilizar el centro de gravedad.
2026-04-21T20:05:19.809654,lateral,INCORRECTO,LEFT,151.9,165.0,135.6,,,,,,,,,,Flexiona mas las rodillas para estabilizar el centro de gravedad.
2026-04-21T20:05:20.254719,lateral,INCORRECTO,LEFT,141.1,147.8,135.9,,,,,,,,,,Extiende mas los brazos para formar una plataforma firme. | Flexiona mas las rodillas para estabilizar el centro de gravedad.
2026-04-21T20:05:20.671540,lateral,INCORRECTO,LEFT,130.0,156.3,147.7,,,,,,,,,,Extiende mas los brazos para formar una plataforma firme. | Flexiona mas las rodillas para estabilizar el centro de gravedad.
2026-04-21T20:05:21.120836,lateral,INCORRECTO,LEFT,127.3,172.0,155.7,,,,,,,,,,Extiende mas los brazos para formar una plataforma firme. | Flexiona mas las rodillas para estabilizar el centro de gravedad.
2026-04-21T20:05:21.589151,lateral,INCORRECTO,LEFT,139.1,177.4,173.4,,,,,,,,,,Extiende mas los brazos para formar una plataforma firme. | Flexiona mas las rodillas para estabilizar el centro de gravedad. | Inclina un poco mas el tronco para una mejor recepcion.
2026-04-21T20:05:22.036537,lateral,INCORRECTO,LEFT,148.1,178.2,178.5,,,,,,,,,,Extiende mas los brazos para formar una plataforma firme. | Flexiona mas las rodillas para estabilizar el centro de gravedad. | Inclina un poco mas el tronco para una mejor recepcion.
2026-04-21T20:05:22.472158,lateral,INCORRECTO,LEFT,137.7,176.4,173.6,,,,,,,,,,Extiende mas los brazos para formar una plataforma firme. | Flexiona mas las rodillas para estabilizar el centro de gravedad. | Inclina un poco mas el tronco para una mejor recepcion.
2026-04-21T20:05:22.922972,lateral,INCORRECTO,LEFT,129.6,173.2,179.0,,,,,,,,,,Extiende mas los brazos para formar una plataforma firme. | Flexiona mas las rodillas para estabilizar el centro de gravedad. | Inclina un poco mas el tronco para una mejor recepcion.
2026-04-21T20:05:23.837781,lateral,INCORRECTO,LEFT,80.9,177.7,50.6,,,,,,,,,,"Extiende mas los brazos para formar una plataforma firme. | Flexiona mas las rodillas para estabilizar el centro de gravedad. | Endereza un poco el tronco, hay demasiada inclinacion."
2026-04-21T20:05:24.278084,lateral,CORRECTO,LEFT,60.4,68.5,80.1,,,,,,,,,,"Extiende mas los brazos para formar una plataforma firme. | Sube un poco la postura: la flexion de rodilla es muy cerrada. | Endereza un poco el tronco, hay demasiada inclinacion. | Buena ejecucion general. Ajusta detalles para mayor precision."
2026-04-21T20:05:24.720617,frontal,INCORRECTO,frontal,63.6,117.5,15.8,42.8,84.3,92.7,142.4,0.0184,0.1421,0.6039,0.3363,0.8528,Alinea la altura de ambas rodillas para una base simetrica. | Mantén ambas manos a una altura similar al formar la plataforma. | Abre un poco mas la base de apoyo con los tobillos.
2026-04-21T20:05:27.467952,lateral,INCORRECTO,LEFT,140.0,174.9,169.7,,,,,,,,,,Extiende mas los brazos para formar una plataforma firme. | Flexiona mas las rodillas para estabilizar el centro de gravedad. | Inclina un poco mas el tronco para una mejor recepcion.
2026-04-21T20:05:27.904812,lateral,INCORRECTO,LEFT,131.8,176.1,168.7,,,,,,,,,,Extiende mas los brazos para formar una plataforma firme. | Flexiona mas las rodillas para estabilizar el centro de gravedad. | Inclina un poco mas el tronco para una mejor recepcion.
2026-04-21T20:05:28.353522,lateral,INCORRECTO,LEFT,134.9,176.1,169.0,,,,,,,,,,Extiende mas los brazos para formar una plataforma firme. | Flexiona mas las rodillas para estabilizar el centro de gravedad. | Inclina un poco mas el tronco para una mejor recepcion.
2026-04-21T20:05:28.775457,lateral,INCORRECTO,LEFT,137.4,177.2,175.1,,,,,,,,,,Extiende mas los brazos para formar una plataforma firme. | Flexiona mas las rodillas para estabilizar el centro de gravedad. | Inclina un poco mas el tronco para una mejor recepcion.
2026-04-21T20:05:29.220855,lateral,INCORRECTO,LEFT,153.2,179.4,178.8,,,,,,,,,,Flexiona mas las rodillas para estabilizar el centro de gravedad. | Inclina un poco mas el tronco para una mejor recepcion.
2026-04-21T20:05:29.687830,lateral,INCORRECTO,LEFT,150.2,179.5,177.8,,,,,,,,,,Flexiona mas las rodillas para estabilizar el centro de gravedad. | Inclina un poco mas el tronco para una mejor recepcion.
2026-04-21T20:05:30.160069,lateral,INCORRECTO,LEFT,153.7,179.2,179.9,,,,,,,,,,Flexiona mas las rodillas para estabilizar el centro de gravedad. | Inclina un poco mas el tronco para una mejor recepcion.
2026-04-21T20:05:30.573833,lateral,INCORRECTO,LEFT,159.5,172.7,161.6,,,,,,,,,,Flexiona mas las rodillas para estabilizar el centro de gravedad. | Inclina un poco mas el tronco para una mejor recepcion.
2026-04-21T20:05:31.025785,lateral,INCORRECTO,LEFT,155.6,167.5,172.5,,,,,,,,,,Flexiona mas las rodillas para estabilizar el centro de gravedad. | Inclina un poco mas el tronco para una mejor recepcion.
2026-04-21T20:05:31.487842,lateral,INCORRECTO,LEFT,152.2,168.6,173.3,,,,,,,,,,Flexiona mas las rodillas para estabilizar el centro de gravedad. | Inclina un poco mas el tronco para una mejor recepcion.
2026-04-21T20:05:31.986280,lateral,INCORRECTO,LEFT,128.8,167.1,121.0,,,,,,,,,,Extiende mas los brazos para formar una plataforma firme. | Flexiona mas las rodillas para estabilizar el centro de gravedad.
2026-04-21T20:05:32.354360,lateral,CORRECTO,LEFT,178.0,126.7,105.0,,,,,,,,,,"Endereza un poco el tronco, hay demasiada inclinacion. | Buena ejecucion general. Ajusta detalles para mayor precision."
2026-04-21T20:05:32.839486,lateral,CORRECTO,LEFT,174.5,170.6,155.8,,,,,,,,,,Flexiona mas las rodillas para estabilizar el centro de gravedad. | Buena ejecucion general. Ajusta detalles para mayor precision.
2026-04-21T20:05:34.654191,frontal,INCORRECTO,frontal,170.0,176.9,172.8,167.1,172.9,176.9,176.9,0.0113,0.083,0.1809,0.5029,0.3568,Alinea la altura de ambas rodillas para una base simetrica. | Mantén ambas manos a una altura similar al formar la plataforma.
2026-04-21T20:05:35.083907,frontal,INCORRECTO,frontal,172.3,175.1,172.7,171.5,173.0,176.4,173.8,0.0035,0.1084,0.0877,0.5122,0.099,Alinea la altura de ambas rodillas para una base simetrica. | Mantén ambas manos a una altura similar al formar la plataforma.
2026-04-21T20:05:35.537600,frontal,CORRECTO,frontal,173.8,175.0,172.0,173.5,174.1,175.9,174.1,0.0425,0.0751,0.0241,0.675,1.1557,Tecnica frontal correcta. Mantener alineacion y control postural.
2026-04-21T20:05:35.999154,frontal,CORRECTO,frontal,173.4,171.9,172.0,175.6,171.2,173.4,170.4,0.0364,0.0565,0.0119,0.5873,0.9522,Tecnica frontal correcta. Mantener alineacion y control postural.
2026-04-21T20:05:36.434614,frontal,CORRECTO,frontal,175.4,176.4,173.1,176.9,173.8,176.1,176.8,0.0557,0.0593,0.0289,0.7658,1.3969,Tecnica frontal correcta. Mantener alineacion y control postural.
2026-04-21T20:05:36.871298,frontal,CORRECTO,frontal,173.1,176.7,173.4,175.2,171.1,176.3,177.2,0.0269,0.0503,0.0441,0.6411,0.6996,Tecnica frontal correcta. Mantener alineacion y control postural.
2026-04-21T20:05:37.319658,frontal,CORRECTO,frontal,175.7,177.4,173.6,176.5,174.9,178.2,176.6,0.0297,0.0295,0.0302,0.6476,0.7782,Tecnica frontal correcta. Mantener alineacion y control postural.
2026-04-21T20:05:37.771252,frontal,CORRECTO,frontal,173.0,176.4,172.8,174.8,171.2,176.8,175.9,0.0277,0.0583,0.0061,0.6145,0.724,Tecnica frontal correcta. Mantener alineacion y control postural.
2026-04-21T20:05:38.219455,frontal,INCORRECTO,frontal,172.9,175.2,171.5,167.5,178.2,174.4,176.0,0.0014,0.1316,0.2788,0.6837,0.0364,Alinea la altura de ambas rodillas para una base simetrica. | Mantén ambas manos a una altura similar al formar la plataforma.
2026-04-21T20:05:38.672936,frontal,CORRECTO,frontal,172.9,174.0,169.6,175.1,170.8,171.9,176.0,0.017,0.0071,0.1819,0.9086,0.424,Mantén ambas manos a una altura similar al formar la plataforma.
2026-04-21T20:05:39.136571,frontal,CORRECTO,frontal,171.1,174.7,172.0,170.6,171.6,173.7,175.6,0.0995,0.0811,0.0308,0.7979,2.5527,Alinea la altura de ambas rodillas para una base simetrica.
2026-04-21T20:05:39.554422,frontal,CORRECTO,frontal,178.1,176.9,172.5,178.5,177.6,177.1,176.6,0.0564,0.0128,0.3257,0.8395,1.4421,Mantén ambas manos a una altura similar al formar la plataforma.
2026-04-21T20:05:40.037563,frontal,CORRECTO,frontal,175.6,174.5,170.5,175.4,175.8,174.2,174.9,0.168,0.0461,0.0461,0.8281,4.3731,Centra el tronco sobre la cadera para mejorar estabilidad.
2026-04-21T20:05:40.487165,frontal,INCORRECTO,frontal,175.8,171.0,170.6,173.7,177.9,179.9,162.2,0.5296,0.3011,0.4859,0.7116,13.8523,Centra el tronco sobre la cadera para mejorar estabilidad. | Alinea la altura de ambas rodillas para una base simetrica. | Mantén ambas manos a una altura similar al formar la plataforma. | Mantén el tronco recto: evita inclinarlo hacia los lados.
2026-04-21T20:05:40.937833,frontal,INCORRECTO,frontal,179.9,167.5,167.4,180.0,179.8,164.7,170.4,0.7567,0.5336,0.8333,0.7162,23.5744,Centra el tronco sobre la cadera para mejorar estabilidad. | Alinea la altura de ambas rodillas para una base simetrica. | Mantén ambas manos a una altura similar al formar la plataforma. | Mantén el tronco recto: evita inclinarlo hacia los lados.
2026-04-21T20:05:41.387835,frontal,INCORRECTO,frontal,178.7,172.8,170.1,178.0,179.4,176.1,169.5,0.7544,0.5267,0.8641,0.9569,24.4449,Centra el tronco sobre la cadera para mejorar estabilidad. | Alinea la altura de ambas rodillas para una base simetrica. | Mantén ambas manos a una altura similar al formar la plataforma. | Mantén el tronco recto: evita inclinarlo hacia los lados.
2026-04-21T20:05:41.839271,frontal,INCORRECTO,frontal,175.9,174.0,171.7,178.4,173.5,173.8,174.2,0.546,0.2726,0.3993,0.8904,14.919,Centra el tronco sobre la cadera para mejorar estabilidad. | Alinea la altura de ambas rodillas para una base simetrica. | Mantén ambas manos a una altura similar al formar la plataforma. | Mantén el tronco recto: evita inclinarlo hacia los lados.
2026-04-21T20:05:42.310145,frontal,INCORRECTO,frontal,177.2,173.4,173.0,177.9,176.4,169.3,177.4,0.2394,0.0954,0.073,0.6209,6.1062,Centra el tronco sobre la cadera para mejorar estabilidad. | Alinea la altura de ambas rodillas para una base simetrica.
2026-04-21T20:05:42.727265,frontal,CORRECTO,frontal,178.8,174.9,174.4,178.2,179.4,176.2,173.6,0.1477,0.0486,0.0204,0.5316,3.7521,Centra el tronco sobre la cadera para mejorar estabilidad.
2026-04-21T20:05:43.179208,frontal,CORRECTO,frontal,179.2,175.6,174.7,178.9,179.5,178.1,173.1,0.1003,0.0245,0.0342,0.5595,2.5341,Tecnica frontal correcta. Mantener alineacion y control postural.
2026-04-21T20:05:43.637178,frontal,CORRECTO,frontal,176.5,175.1,173.7,175.4,177.7,177.1,173.1,0.0826,0.0393,0.0129,0.6035,2.0815,Tecnica frontal correcta. Mantener alineacion y control postural.
2026-04-21T20:05:44.069110,frontal,CORRECTO,frontal,176.0,175.9,173.7,174.2,177.7,177.7,174.1,0.0634,0.0209,0.0351,0.6377,1.5959,Tecnica frontal correcta. Mantener alineacion y control postural.
2026-04-21T20:05:44.539531,frontal,CORRECTO,frontal,174.5,177.1,175.0,172.2,176.9,179.8,174.5,0.059,0.0473,0.0803,0.6473,1.423,Mantén ambas manos a una altura similar al formar la plataforma.
2026-04-21T20:05:44.970833,frontal,INCORRECTO,frontal,176.5,176.9,174.6,174.5,178.5,175.0,178.8,0.0653,0.1122,0.0852,0.493,1.6661,Alinea la altura de ambas rodillas para una base simetrica. | Mantén ambas manos a una altura similar al formar la plataforma. | Abre un poco mas la base de apoyo con los tobillos.
2026-04-21T20:05:45.434059,frontal,CORRECTO,frontal,175.7,178.0,175.1,173.0,178.4,176.9,179.0,0.0708,0.0654,0.0843,0.6475,1.7263,Mantén ambas manos a una altura similar al formar la plataforma.
2026-04-21T20:05:45.875481,frontal,CORRECTO,frontal,177.9,177.2,174.1,176.8,179.0,177.1,177.2,0.061,0.0279,0.07,0.6751,1.5117,Tecnica frontal correcta. Mantener alineacion y control postural.
2026-04-21T20:05:46.334057,frontal,CORRECTO,frontal,177.9,175.9,173.5,176.9,178.8,176.3,175.4,0.065,0.0211,0.0605,0.6926,1.5728,Tecnica frontal correcta. Mantener alineacion y control postural.
2026-04-21T20:05:46.767275,frontal,CORRECTO,frontal,175.6,177.8,173.6,175.7,175.6,179.7,175.9,0.0676,0.1026,0.0203,0.7968,1.6403,Alinea la altura de ambas rodillas para una base simetrica.
2026-04-21T20:05:47.237744,frontal,CORRECTO,frontal,175.4,177.9,173.5,173.9,176.9,179.5,176.2,0.0588,0.1144,0.0275,0.7587,1.4597,Alinea la altura de ambas rodillas para una base simetrica.
2026-04-21T20:05:47.703983,frontal,CORRECTO,frontal,175.3,178.8,174.0,173.5,177.1,179.6,178.1,0.0511,0.1077,0.0632,0.75,1.2626,Alinea la altura de ambas rodillas para una base simetrica.
2026-04-21T20:05:48.137561,frontal,CORRECTO,frontal,174.9,177.7,173.2,172.7,177.0,178.2,177.2,0.0441,0.1446,0.0025,0.7559,1.0843,Alinea la altura de ambas rodillas para una base simetrica.
2026-04-21T20:05:48.588013,frontal,CORRECTO,frontal,175.8,178.0,172.6,172.8,178.7,178.8,177.3,0.0401,0.0818,0.025,0.8124,1.0014,Alinea la altura de ambas rodillas para una base simetrica.
2026-04-21T20:05:49.038188,frontal,CORRECTO,frontal,176.8,178.6,173.4,173.9,179.7,179.2,178.0,0.0431,0.0574,0.0305,0.795,1.0737,Tecnica frontal correcta. Mantener alineacion y control postural.
2026-04-21T20:05:49.496011,frontal,CORRECTO,frontal,175.6,178.8,173.4,172.1,179.2,179.5,178.1,0.0337,0.0592,0.1041,0.8058,0.8423,Mantén ambas manos a una altura similar al formar la plataforma.
2026-04-21T20:05:49.936522,frontal,CORRECTO,frontal,174.7,177.8,173.1,171.6,177.9,178.8,176.8,0.0269,0.0534,0.1138,0.7816,0.6715,Mantén ambas manos a una altura similar al formar la plataforma.
2026-04-21T20:05:50.387251,frontal,CORRECTO,frontal,175.8,178.2,172.9,172.9,178.7,178.4,178.0,0.0316,0.0409,0.1051,0.8219,0.7847,Mantén ambas manos a una altura similar al formar la plataforma.
2026-04-21T20:05:50.818873,frontal,CORRECTO,frontal,175.5,177.5,173.2,173.8,177.2,177.9,177.1,0.0228,0.0289,0.1555,0.7642,0.5628,Mantén ambas manos a una altura similar al formar la plataforma.
2026-04-21T20:05:51.279366,frontal,CORRECTO,frontal,163.8,176.7,172.0,154.2,173.4,178.9,174.6,0.0069,0.0132,0.1733,0.8206,0.1679,Mantén ambas manos a una altura similar al formar la plataforma.
2026-04-21T20:05:51.788646,frontal,CORRECTO,frontal,165.8,177.7,172.5,161.2,170.4,179.0,176.4,0.0046,0.0734,0.1446,0.826,0.1117,Mantén ambas manos a una altura similar al formar la plataforma.
2026-04-21T20:05:52.183833,frontal,CORRECTO,frontal,170.8,177.0,171.2,162.4,179.1,177.3,176.7,0.0767,0.0076,0.0711,0.8344,1.8928,Tecnica frontal correcta. Mantener alineacion y control postural.
2026-04-21T20:05:52.637576,frontal,CORRECTO,frontal,172.4,178.3,172.4,166.3,178.5,178.9,177.7,0.0601,0.0077,0.0433,0.8483,1.4683,Tecnica frontal correcta. Mantener alineacion y control postural.
2026-04-21T20:05:53.068713,frontal,CORRECTO,frontal,170.2,177.1,172.3,175.3,165.1,174.4,179.8,0.0179,0.007,0.2108,0.8654,0.4307,Mantén ambas manos a una altura similar al formar la plataforma.
2026-04-21T20:05:53.536360,frontal,INCORRECTO,frontal,167.0,175.4,173.1,167.4,166.7,172.6,178.3,0.0047,0.1175,0.2096,0.8035,0.1036,Alinea la altura de ambas rodillas para una base simetrica. | Mantén ambas manos a una altura similar al formar la plataforma.
2026-04-21T20:05:53.952646,frontal,CORRECTO,frontal,161.3,176.2,173.9,161.9,160.7,173.3,179.2,0.0227,0.0153,0.3029,0.6763,0.4873,Mantén ambas manos a una altura similar al formar la plataforma.
2026-04-21T20:05:54.439871,frontal,CORRECTO,frontal,166.2,176.6,173.9,167.6,164.7,173.7,179.5,0.0021,0.0683,0.2879,0.7466,0.047,Mantén ambas manos a una altura similar al formar la plataforma.
2026-04-21T20:05:54.885072,lateral,INCORRECTO,RIGHT,157.0,176.6,174.6,,,,,,,,,,Flexiona mas las rodillas para estabilizar el centro de gravedad. | Inclina un poco mas el tronco para una mejor recepcion.
2026-04-21T20:05:55.337046,lateral,INCORRECTO,RIGHT,157.3,179.0,174.9,,,,,,,,,,Flexiona mas las rodillas para estabilizar el centro de gravedad. | Inclina un poco mas el tronco para una mejor recepcion.
2026-04-21T20:05:55.804005,lateral,INCORRECTO,RIGHT,155.2,178.9,174.0,,,,,,,,,,Flexiona mas las rodillas para estabilizar el centro de gravedad. | Inclina un poco mas el tronco para una mejor recepcion.
2026-04-21T20:05:56.236234,lateral,INCORRECTO,RIGHT,155.1,179.9,174.6,,,,,,,,,,Flexiona mas las rodillas para estabilizar el centro de gravedad. | Inclina un poco mas el tronco para una mejor recepcion.
2026-04-21T20:05:56.719148,lateral,INCORRECTO,RIGHT,156.1,179.9,174.0,,,,,,,,,,Flexiona mas las rodillas para estabilizar el centro de gravedad. | Inclina un poco mas el tronco para una mejor recepcion.
2026-04-21T20:05:57.135422,lateral,INCORRECTO,RIGHT,159.1,178.1,173.4,,,,,,,,,,Flexiona mas las rodillas para estabilizar el centro de gravedad. | Inclina un poco mas el tronco para una mejor recepcion.
2026-04-21T20:05:57.589222,lateral,INCORRECTO,RIGHT,153.0,176.9,173.7,,,,,,,,,,Flexiona mas las rodillas para estabilizar el centro de gravedad. | Inclina un poco mas el tronco para una mejor recepcion.
2026-04-21T20:05:58.090668,lateral,INCORRECTO,RIGHT,146.5,176.9,174.7,,,,,,,,,,Extiende mas los brazos para formar una plataforma firme. | Flexiona mas las rodillas para estabilizar el centro de gravedad. | Inclina un poco mas el tronco para una mejor recepcion.
2026-04-21T20:05:58.469578,lateral,INCORRECTO,RIGHT,143.9,179.7,176.9,,,,,,,,,,Extiende mas los brazos para formar una plataforma firme. | Flexiona mas las rodillas para estabilizar el centro de gravedad. | Inclina un poco mas el tronco para una mejor recepcion.
2026-04-21T20:05:58.918584,lateral,INCORRECTO,RIGHT,140.3,177.4,177.6,,,,,,,,,,Extiende mas los brazos para formar una plataforma firme. | Flexiona mas las rodillas para estabilizar el centro de gravedad. | Inclina un poco mas el tronco para una mejor recepcion.
2026-04-21T20:05:59.368217,lateral,INCORRECTO,RIGHT,137.1,174.7,177.3,,,,,,,,,,Extiende mas los brazos para formar una plataforma firme. | Flexiona mas las rodillas para estabilizar el centro de gravedad. | Inclina un poco mas el tronco para una mejor recepcion.
2026-04-21T20:05:59.822966,lateral,INCORRECTO,RIGHT,128.0,176.5,177.3,,,,,,,,,,Extiende mas los brazos para formar una plataforma firme. | Flexiona mas las rodillas para estabilizar el centro de gravedad. | Inclina un poco mas el tronco para una mejor recepcion.
2026-04-21T20:06:00.271746,lateral,INCORRECTO,RIGHT,126.9,179.3,178.8,,,,,,,,,,Extiende mas los brazos para formar una plataforma firme. | Flexiona mas las rodillas para estabilizar el centro de gravedad. | Inclina un poco mas el tronco para una mejor recepcion.
2026-04-21T20:06:00.731606,lateral,INCORRECTO,RIGHT,125.1,176.1,178.1,,,,,,,,,,Extiende mas los brazos para formar una plataforma firme. | Flexiona mas las rodillas para estabilizar el centro de gravedad. | Inclina un poco mas el tronco para una mejor recepcion.
2026-04-21T20:06:01.166537,lateral,INCORRECTO,RIGHT,125.1,173.4,179.6,,,,,,,,,,Extiende mas los brazos para formar una plataforma firme. | Flexiona mas las rodillas para estabilizar el centro de gravedad. | Inclina un poco mas el tronco para una mejor recepcion.
2026-04-21T20:06:01.635470,lateral,INCORRECTO,RIGHT,125.7,174.0,179.5,,,,,,,,,,Extiende mas los brazos para formar una plataforma firme. | Flexiona mas las rodillas para estabilizar el centro de gravedad. | Inclina un poco mas el tronco para una mejor recepcion.
2026-04-21T20:06:02.101341,lateral,INCORRECTO,RIGHT,126.3,173.2,178.9,,,,,,,,,,Extiende mas los brazos para formar una plataforma firme. | Flexiona mas las rodillas para estabilizar el centro de gravedad. | Inclina un poco mas el tronco para una mejor recepcion.
2026-04-21T20:06:02.535207,lateral,INCORRECTO,RIGHT,129.6,157.3,164.2,,,,,,,,,,Extiende mas los brazos para formar una plataforma firme. | Flexiona mas las rodillas para estabilizar el centro de gravedad. | Inclina un poco mas el tronco para una mejor recepcion.
2026-04-21T20:06:03.000934,lateral,INCORRECTO,RIGHT,128.6,160.8,156.3,,,,,,,,,,Extiende mas los brazos para formar una plataforma firme. | Flexiona mas las rodillas para estabilizar el centro de gravedad.
2026-04-21T20:06:03.445356,lateral,INCORRECTO,RIGHT,125.1,160.0,166.5,,,,,,,,,,Extiende mas los brazos para formar una plataforma firme. | Flexiona mas las rodillas para estabilizar el centro de gravedad. | Inclina un poco mas el tronco para una mejor recepcion.
2026-04-21T20:06:03.909156,lateral,INCORRECTO,RIGHT,125.2,152.5,161.3,,,,,,,,,,Extiende mas los brazos para formar una plataforma firme. | Flexiona mas las rodillas para estabilizar el centro de gravedad. | Inclina un poco mas el tronco para una mejor recepcion.
2026-04-21T20:06:04.334721,lateral,INCORRECTO,RIGHT,127.5,155.9,165.1,,,,,,,,,,Extiende mas los brazos para formar una plataforma firme. | Flexiona mas las rodillas para estabilizar el centro de gravedad. | Inclina un poco mas el tronco para una mejor recepcion.
2026-04-21T20:06:04.770307,lateral,INCORRECTO,RIGHT,146.5,163.9,170.9,,,,,,,,,,Extiende mas los brazos para formar una plataforma firme. | Flexiona mas las rodillas para estabilizar el centro de gravedad. | Inclina un poco mas el tronco para una mejor recepcion.
2026-04-21T20:06:05.218607,lateral,INCORRECTO,RIGHT,166.5,151.5,173.7,,,,,,,,,,Flexiona mas las rodillas para estabilizar el centro de gravedad. | Inclina un poco mas el tronco para una mejor recepcion.
2026-04-21T20:06:05.687155,lateral,INCORRECTO,RIGHT,167.4,171.2,176.2,,,,,,,,,,Flexiona mas las rodillas para estabilizar el centro de gravedad. | Inclina un poco mas el tronco para una mejor recepcion.
2026-04-21T20:06:06.118412,lateral,INCORRECTO,RIGHT,166.4,171.9,177.3,,,,,,,,,,Flexiona mas las rodillas para estabilizar el centro de gravedad. | Inclina un poco mas el tronco para una mejor recepcion.
2026-04-21T20:06:06.569131,lateral,INCORRECTO,RIGHT,161.8,175.4,174.4,,,,,,,,,,Flexiona mas las rodillas para estabilizar el centro de gravedad. | Inclina un poco mas el tronco para una mejor recepcion.
2026-04-21T20:06:07.024062,lateral,INCORRECTO,RIGHT,164.2,175.2,178.8,,,,,,,,,,Flexiona mas las rodillas para estabilizar el centro de gravedad. | Inclina un poco mas el tronco para una mejor recepcion.
2026-04-21T20:06:07.484828,lateral,INCORRECTO,RIGHT,165.6,179.1,179.1,,,,,,,,,,Flexiona mas las rodillas para estabilizar el centro de gravedad. | Inclina un poco mas el tronco para una mejor recepcion.
2026-04-21T20:06:07.923512,lateral,INCORRECTO,RIGHT,167.2,178.2,167.5,,,,,,,,,,Flexiona mas las rodillas para estabilizar el centro de gravedad. | Inclina un poco mas el tronco para una mejor recepcion.
2026-04-21T20:06:08.366195,lateral,INCORRECTO,RIGHT,161.5,170.2,170.5,,,,,,,,,,Flexiona mas las rodillas para estabilizar el centro de gravedad. | Inclina un poco mas el tronco para una mejor recepcion.
2026-04-21T20:06:08.870336,lateral,INCORRECTO,RIGHT,161.3,168.0,172.1,,,,,,,,,,Flexiona mas las rodillas para estabilizar el centro de gravedad. | Inclina un poco mas el tronco para una mejor recepcion.
2026-04-21T20:06:09.301331,lateral,INCORRECTO,RIGHT,163.3,173.2,170.1,,,,,,,,,,Flexiona mas las rodillas para estabilizar el centro de gravedad. | Inclina un poco mas el tronco para una mejor recepcion.
2026-04-21T20:06:09.735116,lateral,INCORRECTO,RIGHT,163.6,166.7,169.3,,,,,,,,,,Flexiona mas las rodillas para estabilizar el centro de gravedad. | Inclina un poco mas el tronco para una mejor recepcion.
2026-04-21T20:06:10.201020,lateral,INCORRECTO,RIGHT,161.7,164.9,169.8,,,,,,,,,,Flexiona mas las rodillas para estabilizar el centro de gravedad. | Inclina un poco mas el tronco para una mejor recepcion.
2026-04-21T20:06:10.636507,lateral,INCORRECTO,RIGHT,145.8,172.5,173.6,,,,,,,,,,Extiende mas los brazos para formar una plataforma firme. | Flexiona mas las rodillas para estabilizar el centro de gravedad. | Inclina un poco mas el tronco para una mejor recepcion.
2026-04-21T20:06:11.103163,lateral,INCORRECTO,RIGHT,145.5,174.9,176.3,,,,,,,,,,Extiende mas los brazos para formar una plataforma firme. | Flexiona mas las rodillas para estabilizar el centro de gravedad. | Inclina un poco mas el tronco para una mejor recepcion.
2026-04-21T20:06:11.536923,lateral,INCORRECTO,RIGHT,145.7,173.6,175.4,,,,,,,,,,Extiende mas los brazos para formar una plataforma firme. | Flexiona mas las rodillas para estabilizar el centro de gravedad. | Inclina un poco mas el tronco para una mejor recepcion.
2026-04-21T20:06:11.968635,lateral,INCORRECTO,RIGHT,148.1,172.2,175.4,,,,,,,,,,Extiende mas los brazos para formar una plataforma firme. | Flexiona mas las rodillas para estabilizar el centro de gravedad. | Inclina un poco mas el tronco para una mejor recepcion.
2026-04-21T20:06:12.422572,lateral,INCORRECTO,RIGHT,147.5,175.1,174.2,,,,,,,,,,Extiende mas los brazos para formar una plataforma firme. | Flexiona mas las rodillas para estabilizar el centro de gravedad. | Inclina un poco mas el tronco para una mejor recepcion.
2026-04-21T20:06:12.869192,lateral,INCORRECTO,RIGHT,142.1,177.5,178.8,,,,,,,,,,Extiende mas los brazos para formar una plataforma firme. | Flexiona mas las rodillas para estabilizar el centro de gravedad. | Inclina un poco mas el tronco para una mejor recepcion.
2026-04-21T20:06:13.318229,lateral,INCORRECTO,RIGHT,124.9,173.8,169.3,,,,,,,,,,Extiende mas los brazos para formar una plataforma firme. | Flexiona mas las rodillas para estabilizar el centro de gravedad. | Inclina un poco mas el tronco para una mejor recepcion.
2026-04-21T20:06:13.771392,lateral,INCORRECTO,RIGHT,125.6,172.3,171.8,,,,,,,,,,Extiende mas los brazos para formar una plataforma firme. | Flexiona mas las rodillas para estabilizar el centro de gravedad. | Inclina un poco mas el tronco para una mejor recepcion.
2026-04-21T20:06:14.224318,lateral,INCORRECTO,RIGHT,120.7,176.9,169.7,,,,,,,,,,Extiende mas los brazos para formar una plataforma firme. | Flexiona mas las rodillas para estabilizar el centro de gravedad. | Inclina un poco mas el tronco para una mejor recepcion.
2026-04-21T20:06:14.689693,lateral,INCORRECTO,RIGHT,127.2,172.4,159.7,,,,,,,,,,Extiende mas los brazos para formar una plataforma firme. | Flexiona mas las rodillas para estabilizar el centro de gravedad.
2026-04-21T20:06:15.129320,lateral,INCORRECTO,RIGHT,124.8,167.8,152.2,,,,,,,,,,Extiende mas los brazos para formar una plataforma firme. | Flexiona mas las rodillas para estabilizar el centro de gravedad.
2026-04-21T20:06:15.567828,lateral,INCORRECTO,RIGHT,128.2,162.2,145.5,,,,,,,,,,Extiende mas los brazos para formar una plataforma firme. | Flexiona mas las rodillas para estabilizar el centro de gravedad.
2026-04-21T20:06:16.034327,lateral,INCORRECTO,RIGHT,129.8,162.5,141.7,,,,,,,,,,Extiende mas los brazos para formar una plataforma firme. | Flexiona mas las rodillas para estabilizar el centro de gravedad.
2026-04-21T20:06:16.484919,lateral,INCORRECTO,RIGHT,126.2,162.2,142.0,,,,,,,,,,Extiende mas los brazos para formar una plataforma firme. | Flexiona mas las rodillas para estabilizar el centro de gravedad.
2026-04-21T20:06:16.935279,lateral,INCORRECTO,RIGHT,129.5,160.3,139.4,,,,,,,,,,Extiende mas los brazos para formar una plataforma firme. | Flexiona mas las rodillas para estabilizar el centro de gravedad.
2026-04-21T20:06:17.384423,lateral,INCORRECTO,RIGHT,131.9,151.5,124.7,,,,,,,,,,Extiende mas los brazos para formar una plataforma firme. | Flexiona mas las rodillas para estabilizar el centro de gravedad.
2026-04-21T20:06:17.836825,lateral,INCORRECTO,RIGHT,130.0,146.7,120.4,,,,,,,,,,Extiende mas los brazos para formar una plataforma firme. | Flexiona mas las rodillas para estabilizar el centro de gravedad.
2026-04-21T20:06:18.301418,lateral,INCORRECTO,RIGHT,128.7,167.0,140.9,,,,,,,,,,Extiende mas los brazos para formar una plataforma firme. | Flexiona mas las rodillas para estabilizar el centro de gravedad.
2026-04-21T20:06:18.734609,lateral,INCORRECTO,RIGHT,125.1,159.1,127.9,,,,,,,,,,Extiende mas los brazos para formar una plataforma firme. | Flexiona mas las rodillas para estabilizar el centro de gravedad.
2026-04-21T20:06:19.170895,lateral,INCORRECTO,RIGHT,126.4,145.2,117.8,,,,,,,,,,Extiende mas los brazos para formar una plataforma firme. | Flexiona mas las rodillas para estabilizar el centro de gravedad.
2026-04-21T20:06:19.618609,lateral,INCORRECTO,RIGHT,139.6,151.9,124.4,,,,,,,,,,Extiende mas los brazos para formar una plataforma firme. | Flexiona mas las rodillas para estabilizar el centro de gravedad.
2026-04-21T20:06:20.069265,lateral,INCORRECTO,RIGHT,139.2,158.5,133.8,,,,,,,,,,Extiende mas los brazos para formar una plataforma firme. | Flexiona mas las rodillas para estabilizar el centro de gravedad.
2026-04-21T20:06:20.519401,lateral,INCORRECTO,RIGHT,144.3,161.3,136.1,,,,,,,,,,Extiende mas los brazos para formar una plataforma firme. | Flexiona mas las rodillas para estabilizar el centro de gravedad.
2026-04-21T20:06:20.969350,lateral,INCORRECTO,RIGHT,141.5,167.5,137.3,,,,,,,,,,Extiende mas los brazos para formar una plataforma firme. | Flexiona mas las rodillas para estabilizar el centro de gravedad.
2026-04-21T20:06:21.437270,lateral,INCORRECTO,RIGHT,142.0,162.0,138.6,,,,,,,,,,Extiende mas los brazos para formar una plataforma firme. | Flexiona mas las rodillas para estabilizar el centro de gravedad.
2026-04-21T20:06:21.870471,lateral,INCORRECTO,RIGHT,169.2,163.1,133.0,,,,,,,,,,Flexiona mas las rodillas para estabilizar el centro de gravedad.
2026-04-21T20:06:22.332641,lateral,INCORRECTO,RIGHT,135.9,159.7,141.3,,,,,,,,,,Extiende mas los brazos para formar una plataforma firme. | Flexiona mas las rodillas para estabilizar el centro de gravedad.
2026-04-21T20:06:22.765364,lateral,INCORRECTO,RIGHT,155.9,169.7,170.9,,,,,,,,,,Flexiona mas las rodillas para estabilizar el centro de gravedad. | Inclina un poco mas el tronco para una mejor recepcion.
2026-04-21T20:06:23.235450,lateral,INCORRECTO,RIGHT,153.4,174.4,177.1,,,,,,,,,,Flexiona mas las rodillas para estabilizar el centro de gravedad. | Inclina un poco mas el tronco para una mejor recepcion.
2026-04-21T20:06:23.698068,lateral,INCORRECTO,RIGHT,162.1,170.8,178.5,,,,,,,,,,Flexiona mas las rodillas para estabilizar el centro de gravedad. | Inclina un poco mas el tronco para una mejor recepcion.
2026-04-21T20:06:24.138843,lateral,INCORRECTO,RIGHT,61.4,177.2,177.4,,,,,,,,,,Extiende mas los brazos para formar una plataforma firme. | Flexiona mas las rodillas para estabilizar el centro de gravedad. | Inclina un poco mas el tronco para una mejor recepcion.
2026-04-21T20:06:24.598676,lateral,INCORRECTO,RIGHT,53.3,178.1,174.5,,,,,,,,,,Extiende mas los brazos para formar una plataforma firme. | Flexiona mas las rodillas para estabilizar el centro de gravedad. | Inclina un poco mas el tronco para una mejor recepcion.
2026-04-21T20:06:25.037095,lateral,INCORRECTO,RIGHT,30.9,175.4,173.7,,,,,,,,,,Extiende mas los brazos para formar una plataforma firme. | Flexiona mas las rodillas para estabilizar el centro de gravedad. | Inclina un poco mas el tronco para una mejor recepcion.
2026-04-21T20:06:25.498602,lateral,INCORRECTO,RIGHT,161.1,178.7,177.4,,,,,,,,,,Flexiona mas las rodillas para estabilizar el centro de gravedad. | Inclina un poco mas el tronco para una mejor recepcion.
2026-04-21T20:06:25.935694,lateral,INCORRECTO,RIGHT,174.5,175.0,174.6,,,,,,,,,,Flexiona mas las rodillas para estabilizar el centro de gravedad. | Inclina un poco mas el tronco para una mejor recepcion.
2026-04-21T20:06:26.367716,lateral,INCORRECTO,RIGHT,168.1,170.7,171.3,,,,,,,,,,Flexiona mas las rodillas para estabilizar el centro de gravedad. | Inclina un poco mas el tronco para una mejor recepcion.
2026-04-21T20:06:26.817082,frontal,INCORRECTO,frontal,176.7,166.1,172.2,177.0,176.4,163.9,168.2,0.0939,0.1189,0.1629,0.3821,2.7532,Alinea la altura de ambas rodillas para una base simetrica. | Mantén ambas manos a una altura similar al formar la plataforma. | Abre un poco mas la base de apoyo con los tobillos.
2026-04-21T20:06:27.284540,frontal,CORRECTO,frontal,174.5,170.2,168.6,169.7,179.4,167.3,173.1,0.0695,0.0352,0.0569,0.9415,2.1134,Tecnica frontal correcta. Mantener alineacion y control postural.
2026-04-21T20:06:27.738055,frontal,INCORRECTO,frontal,165.9,165.0,170.4,166.2,165.7,150.8,179.3,0.1705,0.3385,0.225,0.4875,2.4385,Centra el tronco sobre la cadera para mejorar estabilidad. | Alinea la altura de ambas rodillas para una base simetrica. | Mantén ambas manos a una altura similar al formar la plataforma. | Abre un poco mas la base de apoyo con los tobillos.
2026-04-21T20:07:17.263430,lateral,CORRECTO,RIGHT,37.9,120.1,14.7,,,,,,,,,,"Extiende mas los brazos para formar una plataforma firme. | Endereza un poco el tronco, hay demasiada inclinacion. | Buena ejecucion general. Ajusta detalles para mayor precision."
2026-04-21T20:07:17.664549,lateral,CORRECTO,RIGHT,150.4,41.1,13.8,,,,,,,,,,"Sube un poco la postura: la flexion de rodilla es muy cerrada. | Endereza un poco el tronco, hay demasiada inclinacion. | Buena ejecucion general. Ajusta detalles para mayor precision."
2026-04-21T20:07:18.102397,lateral,CORRECTO,LEFT,88.8,21.7,7.4,,,,,,,,,,"Extiende mas los brazos para formar una plataforma firme. | Sube un poco la postura: la flexion de rodilla es muy cerrada. | Endereza un poco el tronco, hay demasiada inclinacion. | Buena ejecucion general. Ajusta detalles para mayor precision."
2026-04-21T20:07:18.548040,lateral,INCORRECTO,LEFT,91.0,155.4,70.7,,,,,,,,,,"Extiende mas los brazos para formar una plataforma firme. | Flexiona mas las rodillas para estabilizar el centro de gravedad. | Endereza un poco el tronco, hay demasiada inclinacion."
2026-04-21T20:07:19.003363,lateral,CORRECTO,LEFT,76.0,28.6,86.4,,,,,,,,,,"Extiende mas los brazos para formar una plataforma firme. | Sube un poco la postura: la flexion de rodilla es muy cerrada. | Endereza un poco el tronco, hay demasiada inclinacion. | Buena ejecucion general. Ajusta detalles para mayor precision."
2026-04-21T20:07:19.452412,lateral,INCORRECTO,LEFT,138.6,167.8,164.9,,,,,,,,,,Extiende mas los brazos para formar una plataforma firme. | Flexiona mas las rodillas para estabilizar el centro de gravedad. | Inclina un poco mas el tronco para una mejor recepcion.
2026-04-21T20:07:19.896656,lateral,INCORRECTO,LEFT,106.5,141.2,174.9,,,,,,,,,,Extiende mas los brazos para formar una plataforma firme. | Flexiona mas las rodillas para estabilizar el centro de gravedad. | Inclina un poco mas el tronco para una mejor recepcion.
2026-04-21T20:07:20.347825,lateral,INCORRECTO,LEFT,106.7,151.6,33.6,,,,,,,,,,"Extiende mas los brazos para formar una plataforma firme. | Flexiona mas las rodillas para estabilizar el centro de gravedad. | Endereza un poco el tronco, hay demasiada inclinacion."
2026-04-21T20:07:23.977373,lateral,INCORRECTO,LEFT,173.3,179.7,177.6,,,,,,,,,,Flexiona mas las rodillas para estabilizar el centro de gravedad. | Inclina un poco mas el tronco para una mejor recepcion.
2026-04-21T20:07:24.397765,lateral,CORRECTO,LEFT,148.9,8.7,18.8,,,,,,,,,,"Extiende mas los brazos para formar una plataforma firme. | Sube un poco la postura: la flexion de rodilla es muy cerrada. | Endereza un poco el tronco, hay demasiada inclinacion. | Buena ejecucion general. Ajusta detalles para mayor precision."
2026-04-21T20:07:24.846962,lateral,CORRECTO,LEFT,149.4,131.9,131.6,,,,,,,,,,Extiende mas los brazos para formar una plataforma firme. | Buena ejecucion general. Ajusta detalles para mayor precision.
2026-04-21T20:07:25.297181,lateral,INCORRECTO,LEFT,143.7,174.8,166.3,,,,,,,,,,Extiende mas los brazos para formar una plataforma firme. | Flexiona mas las rodillas para estabilizar el centro de gravedad. | Inclina un poco mas el tronco para una mejor recepcion.
2026-04-21T20:07:25.751939,lateral,CORRECTO,LEFT,106.1,117.1,1.0,,,,,,,,,,"Extiende mas los brazos para formar una plataforma firme. | Endereza un poco el tronco, hay demasiada inclinacion. | Buena ejecucion general. Ajusta detalles para mayor precision."
2026-04-21T20:07:26.210970,lateral,CORRECTO,LEFT,4.1,1.5,30.1,,,,,,,,,,"Extiende mas los brazos para formar una plataforma firme. | Sube un poco la postura: la flexion de rodilla es muy cerrada. | Endereza un poco el tronco, hay demasiada inclinacion. | Buena ejecucion general. Ajusta detalles para mayor precision."
2026-04-21T20:07:41.062556,lateral,CORRECTO,LEFT,170.5,176.1,57.9,,,,,,,,,,"Flexiona mas las rodillas para estabilizar el centro de gravedad. | Endereza un poco el tronco, hay demasiada inclinacion. | Buena ejecucion general. Ajusta detalles para mayor precision."
2026-04-21T20:07:41.535458,lateral,CORRECTO,LEFT,170.8,179.9,38.1,,,,,,,,,,"Flexiona mas las rodillas para estabilizar el centro de gravedad. | Endereza un poco el tronco, hay demasiada inclinacion. | Buena ejecucion general. Ajusta detalles para mayor precision."
2026-04-21T20:07:41.948926,lateral,INCORRECTO,LEFT,135.0,164.7,35.3,,,,,,,,,,"Extiende mas los brazos para formar una plataforma firme. | Flexiona mas las rodillas para estabilizar el centro de gravedad. | Endereza un poco el tronco, hay demasiada inclinacion."
2026-04-21T20:07:44.669624,lateral,CORRECTO,LEFT,94.8,81.3,42.8,,,,,,,,,,"Extiende mas los brazos para formar una plataforma firme. | Sube un poco la postura: la flexion de rodilla es muy cerrada. | Endereza un poco el tronco, hay demasiada inclinacion. | Buena ejecucion general. Ajusta detalles para mayor precision."
2026-04-21T20:07:45.126461,lateral,CORRECTO,LEFT,145.3,81.8,49.1,,,,,,,,,,"Extiende mas los brazos para formar una plataforma firme. | Sube un poco la postura: la flexion de rodilla es muy cerrada. | Endereza un poco el tronco, hay demasiada inclinacion. | Buena ejecucion general. Ajusta detalles para mayor precision."
2026-04-21T20:07:45.577770,lateral,INCORRECTO,LEFT,143.7,164.1,37.7,,,,,,,,,,"Extiende mas los brazos para formar una plataforma firme. | Flexiona mas las rodillas para estabilizar el centro de gravedad. | Endereza un poco el tronco, hay demasiada inclinacion."
2026-04-21T20:07:59.063980,lateral,INCORRECTO,LEFT,164.4,162.5,153.4,,,,,,,,,,Flexiona mas las rodillas para estabilizar el centro de gravedad.
2026-04-21T20:07:59.507137,lateral,INCORRECTO,LEFT,166.6,179.0,155.4,,,,,,,,,,Flexiona mas las rodillas para estabilizar el centro de gravedad.
2026-04-21T20:07:59.955956,frontal,INCORRECTO,frontal,64.8,133.6,55.6,46.0,83.7,113.3,153.9,0.2034,0.2729,0.1791,0.6493,4.749,Centra el tronco sobre la cadera para mejorar estabilidad. | Alinea la altura de ambas rodillas para una base simetrica. | Mantén ambas manos a una altura similar al formar la plataforma.
2026-04-21T20:08:00.412337,frontal,INCORRECTO,frontal,144.5,75.9,65.3,127.1,161.9,82.4,69.5,0.5828,0.3519,0.12,0.6023,5.2258,Centra el tronco sobre la cadera para mejorar estabilidad. | Alinea la altura de ambas rodillas para una base simetrica. | Mantén ambas manos a una altura similar al formar la plataforma.
2026-04-21T20:08:00.848091,frontal,INCORRECTO,frontal,144.6,124.2,119.3,132.7,156.6,135.6,112.9,0.4784,0.639,0.7078,0.8131,4.8614,Centra el tronco sobre la cadera para mejorar estabilidad. | Alinea la altura de ambas rodillas para una base simetrica. | Mantén ambas manos a una altura similar al formar la plataforma.
2026-04-21T20:08:01.307898,frontal,INCORRECTO,frontal,114.7,41.6,27.1,91.4,137.9,20.4,62.8,0.2213,0.6338,0.2318,0.9443,3.7154,Centra el tronco sobre la cadera para mejorar estabilidad. | Alinea la altura de ambas rodillas para una base simetrica. | Mantén ambas manos a una altura similar al formar la plataforma.
2026-04-21T20:08:44.990811,lateral,CORRECTO,LEFT,165.8,110.4,144.6,,,,,,,,,,Tecnica correcta. Mantener postura y sincronizacion.
2026-04-21T20:08:45.425057,lateral,CORRECTO,LEFT,47.0,60.7,116.0,,,,,,,,,,Extiende mas los brazos para formar una plataforma firme. | Sube un poco la postura: la flexion de rodilla es muy cerrada. | Buena ejecucion general. Ajusta detalles para mayor precision.
2026-04-21T20:08:45.865347,lateral,INCORRECTO,LEFT,163.0,139.8,173.0,,,,,,,,,,Flexiona mas las rodillas para estabilizar el centro de gravedad. | Inclina un poco mas el tronco para una mejor recepcion.
2026-04-21T20:08:46.324998,lateral,CORRECTO,LEFT,120.8,103.2,14.7,,,,,,,,,,"Extiende mas los brazos para formar una plataforma firme. | Endereza un poco el tronco, hay demasiada inclinacion. | Buena ejecucion general. Ajusta detalles para mayor precision."
2026-04-21T20:08:46.807029,lateral,CORRECTO,LEFT,91.4,132.8,3.9,,,,,,,,,,"Extiende mas los brazos para formar una plataforma firme. | Endereza un poco el tronco, hay demasiada inclinacion. | Buena ejecucion general. Ajusta detalles para mayor precision."
2026-04-21T20:08:47.223678,lateral,CORRECTO,LEFT,113.5,48.9,48.9,,,,,,,,,,"Extiende mas los brazos para formar una plataforma firme. | Sube un poco la postura: la flexion de rodilla es muy cerrada. | Endereza un poco el tronco, hay demasiada inclinacion. | Buena ejecucion general. Ajusta detalles para mayor precision."
2026-04-21T20:09:22.372317,lateral,INCORRECTO,LEFT,164.3,171.3,161.3,,,,,,,,,,Flexiona mas las rodillas para estabilizar el centro de gravedad. | Inclina un poco mas el tronco para una mejor recepcion.
2026-04-21T20:58:37.246431,lateral,INCORRECTO,LEFT,156.4,177.4,171.9,,,,,,,,,,Flexiona mas las rodillas para estabilizar el centro de gravedad. | Inclina un poco mas el tronco para una mejor recepcion.
2026-04-21T20:58:37.571168,lateral,INCORRECTO,LEFT,157.6,179.5,176.6,,,,,,,,,,Flexiona mas las rodillas para estabilizar el centro de gravedad. | Inclina un poco mas el tronco para una mejor recepcion.
2026-04-21T20:58:38.030549,lateral,INCORRECTO,LEFT,156.4,167.7,180.0,,,,,,,,,,Flexiona mas las rodillas para estabilizar el centro de gravedad. | Inclina un poco mas el tronco para una mejor recepcion.
2026-04-21T20:58:38.488979,lateral,INCORRECTO,LEFT,160.6,162.7,178.9,,,,,,,,,,Flexiona mas las rodillas para estabilizar el centro de gravedad. | Inclina un poco mas el tronco para una mejor recepcion.
2026-04-21T20:58:38.947216,lateral,INCORRECTO,LEFT,160.6,162.7,178.9,,,,,,,,,,Flexiona mas las rodillas para estabilizar el centro de gravedad. | Inclina un poco mas el tronco para una mejor recepcion.
2026-04-21T20:58:39.414635,lateral,INCORRECTO,LEFT,157.8,170.5,172.5,,,,,,,,,,Flexiona mas las rodillas para estabilizar el centro de gravedad. | Inclina un poco mas el tronco para una mejor recepcion.
2026-04-21T20:58:39.830392,lateral,INCORRECTO,LEFT,160.6,168.2,176.7,,,,,,,,,,Flexiona mas las rodillas para estabilizar el centro de gravedad. | Inclina un poco mas el tronco para una mejor recepcion.
2026-04-21T20:58:40.740198,lateral,INCORRECTO,LEFT,171.0,177.6,160.3,,,,,,,,,,Flexiona mas las rodillas para estabilizar el centro de gravedad. | Inclina un poco mas el tronco para una mejor recepcion.
2026-04-21T20:58:41.176954,lateral,INCORRECTO,LEFT,79.0,166.3,179.6,,,,,,,,,,Extiende mas los brazos para formar una plataforma firme. | Flexiona mas las rodillas para estabilizar el centro de gravedad. | Inclina un poco mas el tronco para una mejor recepcion.
2026-04-21T20:58:42.129176,lateral,INCORRECTO,LEFT,174.1,139.6,166.6,,,,,,,,,,Flexiona mas las rodillas para estabilizar el centro de gravedad. | Inclina un poco mas el tronco para una mejor recepcion.
2026-04-21T20:58:42.533076,lateral,INCORRECTO,LEFT,150.3,157.5,179.4,,,,,,,,,,Flexiona mas las rodillas para estabilizar el centro de gravedad. | Inclina un poco mas el tronco para una mejor recepcion.
2026-04-21T20:58:42.979289,lateral,INCORRECTO,LEFT,129.4,155.7,178.0,,,,,,,,,,Extiende mas los brazos para formar una plataforma firme. | Flexiona mas las rodillas para estabilizar el centro de gravedad. | Inclina un poco mas el tronco para una mejor recepcion.
2026-04-21T20:58:43.463062,lateral,CORRECTO,LEFT,148.5,110.7,130.2,,,,,,,,,,Extiende mas los brazos para formar una plataforma firme. | Buena ejecucion general. Ajusta detalles para mayor precision.
2026-04-21T20:58:43.884232,lateral,INCORRECTO,LEFT,149.7,144.7,156.5,,,,,,,,,,Extiende mas los brazos para formar una plataforma firme. | Flexiona mas las rodillas para estabilizar el centro de gravedad.
2026-04-21T20:58:44.333099,lateral,INCORRECTO,LEFT,150.3,173.2,175.1,,,,,,,,,,Flexiona mas las rodillas para estabilizar el centro de gravedad. | Inclina un poco mas el tronco para una mejor recepcion.
2026-04-21T20:58:44.785171,lateral,INCORRECTO,LEFT,150.6,163.5,179.7,,,,,,,,,,Flexiona mas las rodillas para estabilizar el centro de gravedad. | Inclina un poco mas el tronco para una mejor recepcion.
2026-04-21T20:58:45.231968,lateral,INCORRECTO,LEFT,147.8,168.0,179.1,,,,,,,,,,Extiende mas los brazos para formar una plataforma firme. | Flexiona mas las rodillas para estabilizar el centro de gravedad. | Inclina un poco mas el tronco para una mejor recepcion.
2026-04-21T20:58:45.696144,lateral,INCORRECTO,LEFT,153.4,165.7,179.1,,,,,,,,,,Flexiona mas las rodillas para estabilizar el centro de gravedad. | Inclina un poco mas el tronco para una mejor recepcion.
2026-04-21T20:58:46.130036,lateral,INCORRECTO,LEFT,156.3,165.7,177.6,,,,,,,,,,Flexiona mas las rodillas para estabilizar el centro de gravedad. | Inclina un poco mas el tronco para una mejor recepcion.
2026-04-21T20:58:46.568306,lateral,INCORRECTO,LEFT,156.4,170.1,180.0,,,,,,,,,,Flexiona mas las rodillas para estabilizar el centro de gravedad. | Inclina un poco mas el tronco para una mejor recepcion.
2026-04-21T20:58:47.030639,lateral,INCORRECTO,LEFT,156.4,164.0,175.8,,,,,,,,,,Flexiona mas las rodillas para estabilizar el centro de gravedad. | Inclina un poco mas el tronco para una mejor recepcion.
2026-04-21T20:58:47.484136,lateral,INCORRECTO,LEFT,156.4,167.3,178.7,,,,,,,,,,Flexiona mas las rodillas para estabilizar el centro de gravedad. | Inclina un poco mas el tronco para una mejor recepcion.
2026-04-21T20:58:47.936662,lateral,INCORRECTO,LEFT,159.4,170.1,180.0,,,,,,,,,,Flexiona mas las rodillas para estabilizar el centro de gravedad. | Inclina un poco mas el tronco para una mejor recepcion.
2026-04-21T20:58:48.384899,lateral,INCORRECTO,LEFT,159.4,170.1,180.0,,,,,,,,,,Flexiona mas las rodillas para estabilizar el centro de gravedad. | Inclina un poco mas el tronco para una mejor recepcion.
2026-04-21T20:58:48.830025,lateral,INCORRECTO,LEFT,160.6,175.2,180.0,,,,,,,,,,Flexiona mas las rodillas para estabilizar el centro de gravedad. | Inclina un poco mas el tronco para una mejor recepcion.
2026-04-21T20:58:49.285399,lateral,INCORRECTO,LEFT,159.4,170.1,180.0,,,,,,,,,,Flexiona mas las rodillas para estabilizar el centro de gravedad. | Inclina un poco mas el tronco para una mejor recepcion.
2026-04-21T20:58:49.712966,lateral,INCORRECTO,LEFT,160.6,175.0,180.0,,,,,,,,,,Flexiona mas las rodillas para estabilizar el centro de gravedad. | Inclina un poco mas el tronco para una mejor recepcion.
2026-04-21T20:58:50.185583,lateral,INCORRECTO,LEFT,159.4,170.1,180.0,,,,,,,,,,Flexiona mas las rodillas para estabilizar el centro de gravedad. | Inclina un poco mas el tronco para una mejor recepcion.
2026-04-21T20:58:50.632226,lateral,INCORRECTO,LEFT,160.6,164.7,174.6,,,,,,,,,,Flexiona mas las rodillas para estabilizar el centro de gravedad. | Inclina un poco mas el tronco para una mejor recepcion.
2026-04-21T20:58:51.065464,lateral,INCORRECTO,LEFT,154.9,174.5,161.7,,,,,,,,,,Flexiona mas las rodillas para estabilizar el centro de gravedad. | Inclina un poco mas el tronco para una mejor recepcion.
2026-04-21T20:58:51.544644,lateral,INCORRECTO,LEFT,161.8,153.6,169.2,,,,,,,,,,Flexiona mas las rodillas para estabilizar el centro de gravedad. | Inclina un poco mas el tronco para una mejor recepcion.
2026-04-21T20:58:51.979249,lateral,INCORRECTO,LEFT,161.8,169.1,178.5,,,,,,,,,,Flexiona mas las rodillas para estabilizar el centro de gravedad. | Inclina un poco mas el tronco para una mejor recepcion.
2026-04-21T20:58:52.437659,lateral,INCORRECTO,LEFT,161.6,170.8,175.9,,,,,,,,,,Flexiona mas las rodillas para estabilizar el centro de gravedad. | Inclina un poco mas el tronco para una mejor recepcion.
2026-04-21T20:58:52.882884,lateral,INCORRECTO,LEFT,161.6,160.5,176.1,,,,,,,,,,Flexiona mas las rodillas para estabilizar el centro de gravedad. | Inclina un poco mas el tronco para una mejor recepcion.
2026-04-21T20:58:53.329314,lateral,INCORRECTO,LEFT,161.6,168.7,180.0,,,,,,,,,,Flexiona mas las rodillas para estabilizar el centro de gravedad. | Inclina un poco mas el tronco para una mejor recepcion.
2026-04-21T20:58:53.779112,lateral,INCORRECTO,LEFT,156.4,173.8,179.8,,,,,,,,,,Flexiona mas las rodillas para estabilizar el centro de gravedad. | Inclina un poco mas el tronco para una mejor recepcion.
2026-04-21T20:58:54.229241,lateral,INCORRECTO,LEFT,156.3,169.1,173.5,,,,,,,,,,Flexiona mas las rodillas para estabilizar el centro de gravedad. | Inclina un poco mas el tronco para una mejor recepcion.
2026-04-21T20:58:54.698711,lateral,INCORRECTO,LEFT,128.3,148.0,159.0,,,,,,,,,,Extiende mas los brazos para formar una plataforma firme. | Flexiona mas las rodillas para estabilizar el centro de gravedad.
2026-04-21T20:58:55.129121,lateral,CORRECTO,LEFT,103.5,116.3,121.3,,,,,,,,,,Extiende mas los brazos para formar una plataforma firme. | Buena ejecucion general. Ajusta detalles para mayor precision.
2026-04-21T20:58:55.720108,lateral,INCORRECTO,LEFT,144.3,170.9,173.7,,,,,,,,,,Extiende mas los brazos para formar una plataforma firme. | Flexiona mas las rodillas para estabilizar el centro de gravedad. | Inclina un poco mas el tronco para una mejor recepcion.
2026-04-21T20:58:56.050178,lateral,INCORRECTO,LEFT,153.3,174.6,170.4,,,,,,,,,,Flexiona mas las rodillas para estabilizar el centro de gravedad. | Inclina un poco mas el tronco para una mejor recepcion.
2026-04-21T20:58:56.477931,lateral,INCORRECTO,LEFT,124.2,177.5,163.8,,,,,,,,,,Extiende mas los brazos para formar una plataforma firme. | Flexiona mas las rodillas para estabilizar el centro de gravedad. | Inclina un poco mas el tronco para una mejor recepcion.
2026-04-21T20:58:56.942123,lateral,INCORRECTO,LEFT,153.0,178.7,175.7,,,,,,,,,,Flexiona mas las rodillas para estabilizar el centro de gravedad. | Inclina un poco mas el tronco para una mejor recepcion.
2026-04-21T20:58:57.382116,lateral,INCORRECTO,LEFT,171.9,175.9,171.1,,,,,,,,,,Flexiona mas las rodillas para estabilizar el centro de gravedad. | Inclina un poco mas el tronco para una mejor recepcion.
2026-04-21T20:58:57.814656,lateral,INCORRECTO,LEFT,177.6,173.1,168.3,,,,,,,,,,Flexiona mas las rodillas para estabilizar el centro de gravedad. | Inclina un poco mas el tronco para una mejor recepcion.
2026-04-21T20:58:58.264720,lateral,INCORRECTO,LEFT,132.4,145.9,132.5,,,,,,,,,,Extiende mas los brazos para formar una plataforma firme. | Flexiona mas las rodillas para estabilizar el centro de gravedad.
2026-04-21T20:58:58.734220,lateral,CORRECTO,LEFT,112.1,132.8,116.4,,,,,,,,,,Extiende mas los brazos para formar una plataforma firme. | Buena ejecucion general. Ajusta detalles para mayor precision.
2026-04-21T20:58:59.179399,lateral,INCORRECTO,LEFT,106.0,135.5,112.4,,,,,,,,,,Extiende mas los brazos para formar una plataforma firme. | Flexiona mas las rodillas para estabilizar el centro de gravedad.
2026-04-21T20:58:59.632858,lateral,INCORRECTO,LEFT,108.0,133.4,112.2,,,,,,,,,,Extiende mas los brazos para formar una plataforma firme.
2026-04-21T20:59:00.063003,lateral,CORRECTO,LEFT,145.3,118.5,106.6,,,,,,,,,,"Extiende mas los brazos para formar una plataforma firme. | Endereza un poco el tronco, hay demasiada inclinacion. | Buena ejecucion general. Ajusta detalles para mayor precision."
2026-04-21T20:59:00.532248,lateral,CORRECTO,LEFT,151.0,129.9,125.0,,,,,,,,,,Tecnica correcta. Mantener postura y sincronizacion.
2026-04-21T20:59:01.448669,lateral,INCORRECTO,LEFT,167.8,138.3,95.5,,,,,,,,,,"Flexiona mas las rodillas para estabilizar el centro de gravedad. | Endereza un poco el tronco, hay demasiada inclinacion."
2026-04-21T20:59:01.879989,lateral,CORRECTO,LEFT,149.7,128.1,95.9,,,,,,,,,,"Extiende mas los brazos para formar una plataforma firme. | Endereza un poco el tronco, hay demasiada inclinacion. | Buena ejecucion general. Ajusta detalles para mayor precision."
2026-04-21T20:59:02.329427,lateral,INCORRECTO,LEFT,143.0,144.6,109.7,,,,,,,,,,"Extiende mas los brazos para formar una plataforma firme. | Flexiona mas las rodillas para estabilizar el centro de gravedad. | Endereza un poco el tronco, hay demasiada inclinacion."
2026-04-21T20:59:02.862743,lateral,CORRECTO,LEFT,121.6,125.9,100.5,,,,,,,,,,"Extiende mas los brazos para formar una plataforma firme. | Endereza un poco el tronco, hay demasiada inclinacion. | Buena ejecucion general. Ajusta detalles para mayor precision."
2026-04-21T20:59:03.264010,lateral,CORRECTO,LEFT,143.4,105.0,96.1,,,,,,,,,,"Extiende mas los brazos para formar una plataforma firme. | Endereza un poco el tronco, hay demasiada inclinacion. | Buena ejecucion general. Ajusta detalles para mayor precision."
2026-04-21T20:59:03.665663,lateral,CORRECTO,LEFT,122.7,120.8,123.4,,,,,,,,,,Extiende mas los brazos para formar una plataforma firme. | Buena ejecucion general. Ajusta detalles para mayor precision.
2026-04-21T20:59:04.131310,lateral,INCORRECTO,LEFT,136.4,139.8,137.4,,,,,,,,,,Extiende mas los brazos para formar una plataforma firme. | Flexiona mas las rodillas para estabilizar el centro de gravedad.
2026-04-21T20:59:04.563708,lateral,INCORRECTO,LEFT,136.6,134.3,135.4,,,,,,,,,,Extiende mas los brazos para formar una plataforma firme.
2026-04-21T20:59:05.013153,lateral,INCORRECTO,LEFT,114.8,139.7,144.8,,,,,,,,,,Extiende mas los brazos para formar una plataforma firme. | Flexiona mas las rodillas para estabilizar el centro de gravedad.
2026-04-21T20:59:05.532864,lateral,INCORRECTO,LEFT,159.3,175.6,156.7,,,,,,,,,,Flexiona mas las rodillas para estabilizar el centro de gravedad.
2026-04-21T20:59:05.918661,lateral,INCORRECTO,LEFT,131.0,119.8,174.6,,,,,,,,,,Extiende mas los brazos para formar una plataforma firme. | Inclina un poco mas el tronco para una mejor recepcion.
2026-04-21T20:59:06.845711,lateral,INCORRECTO,LEFT,179.8,170.5,179.0,,,,,,,,,,Flexiona mas las rodillas para estabilizar el centro de gravedad. | Inclina un poco mas el tronco para una mejor recepcion.
2026-04-21T20:59:07.294617,lateral,INCORRECTO,LEFT,140.6,145.4,144.7,,,,,,,,,,Extiende mas los brazos para formar una plataforma firme. | Flexiona mas las rodillas para estabilizar el centro de gravedad.
2026-04-21T20:59:07.738043,lateral,INCORRECTO,LEFT,135.9,156.8,171.5,,,,,,,,,,Extiende mas los brazos para formar una plataforma firme. | Flexiona mas las rodillas para estabilizar el centro de gravedad. | Inclina un poco mas el tronco para una mejor recepcion.
2026-04-21T20:59:08.177776,lateral,INCORRECTO,LEFT,149.2,151.8,158.9,,,,,,,,,,Extiende mas los brazos para formar una plataforma firme. | Flexiona mas las rodillas para estabilizar el centro de gravedad.
2026-04-21T20:59:08.627130,lateral,INCORRECTO,LEFT,163.6,165.7,170.2,,,,,,,,,,Flexiona mas las rodillas para estabilizar el centro de gravedad. | Inclina un poco mas el tronco para una mejor recepcion.
2026-04-21T20:59:09.081127,lateral,INCORRECTO,LEFT,160.6,172.9,171.5,,,,,,,,,,Flexiona mas las rodillas para estabilizar el centro de gravedad. | Inclina un poco mas el tronco para una mejor recepcion.
2026-04-21T20:59:09.529336,lateral,INCORRECTO,LEFT,145.0,159.2,155.8,,,,,,,,,,Extiende mas los brazos para formar una plataforma firme. | Flexiona mas las rodillas para estabilizar el centro de gravedad.
2026-04-21T20:59:09.979217,lateral,CORRECTO,LEFT,134.4,126.2,125.4,,,,,,,,,,Extiende mas los brazos para formar una plataforma firme. | Buena ejecucion general. Ajusta detalles para mayor precision.
2026-04-21T20:59:10.428244,lateral,INCORRECTO,LEFT,161.0,140.6,139.7,,,,,,,,,,Flexiona mas las rodillas para estabilizar el centro de gravedad.
2026-04-21T20:59:10.895556,lateral,INCORRECTO,LEFT,51.3,150.5,154.2,,,,,,,,,,Extiende mas los brazos para formar una plataforma firme. | Flexiona mas las rodillas para estabilizar el centro de gravedad.
2026-04-21T20:59:11.328979,lateral,INCORRECTO,LEFT,64.8,157.0,164.8,,,,,,,,,,Extiende mas los brazos para formar una plataforma firme. | Flexiona mas las rodillas para estabilizar el centro de gravedad. | Inclina un poco mas el tronco para una mejor recepcion.
2026-04-21T20:59:11.778780,lateral,INCORRECTO,LEFT,142.8,137.6,152.3,,,,,,,,,,Extiende mas los brazos para formar una plataforma firme. | Flexiona mas las rodillas para estabilizar el centro de gravedad.
2026-04-21T20:59:12.497350,lateral,INCORRECTO,LEFT,141.7,140.5,149.2,,,,,,,,,,Extiende mas los brazos para formar una plataforma firme. | Flexiona mas las rodillas para estabilizar el centro de gravedad.
2026-04-21T20:59:12.696228,lateral,INCORRECTO,LEFT,164.0,150.1,147.1,,,,,,,,,,Flexiona mas las rodillas para estabilizar el centro de gravedad.
2026-04-21T20:59:13.115619,lateral,CORRECTO,LEFT,176.4,178.2,132.7,,,,,,,,,,Flexiona mas las rodillas para estabilizar el centro de gravedad. | Buena ejecucion general. Ajusta detalles para mayor precision.
2026-04-21T20:59:13.574646,lateral,INCORRECTO,LEFT,170.1,157.2,138.1,,,,,,,,,,Flexiona mas las rodillas para estabilizar el centro de gravedad.
2026-04-21T20:59:14.028565,lateral,INCORRECTO,LEFT,153.2,166.6,139.0,,,,,,,,,,Flexiona mas las rodillas para estabilizar el centro de gravedad.
2026-04-21T20:59:14.496886,lateral,INCORRECTO,LEFT,139.4,166.3,153.0,,,,,,,,,,Extiende mas los brazos para formar una plataforma firme. | Flexiona mas las rodillas para estabilizar el centro de gravedad.
2026-04-21T20:59:14.928676,lateral,INCORRECTO,LEFT,177.6,177.2,177.8,,,,,,,,,,Flexiona mas las rodillas para estabilizar el centro de gravedad. | Inclina un poco mas el tronco para una mejor recepcion.
2026-04-21T20:59:15.378530,lateral,INCORRECTO,LEFT,177.6,178.3,167.7,,,,,,,,,,Flexiona mas las rodillas para estabilizar el centro de gravedad. | Inclina un poco mas el tronco para una mejor recepcion.
2026-04-21T20:59:15.828932,lateral,INCORRECTO,LEFT,175.9,175.2,161.7,,,,,,,,,,Flexiona mas las rodillas para estabilizar el centro de gravedad. | Inclina un poco mas el tronco para una mejor recepcion.
2026-04-21T20:59:16.745402,lateral,INCORRECTO,LEFT,98.6,161.0,141.9,,,,,,,,,,Extiende mas los brazos para formar una plataforma firme. | Flexiona mas las rodillas para estabilizar el centro de gravedad.
2026-04-21T20:59:17.243728,lateral,INCORRECTO,LEFT,105.8,158.6,147.0,,,,,,,,,,Extiende mas los brazos para formar una plataforma firme. | Flexiona mas las rodillas para estabilizar el centro de gravedad.
2026-04-21T20:59:17.625402,lateral,INCORRECTO,LEFT,127.9,164.2,158.4,,,,,,,,,,Extiende mas los brazos para formar una plataforma firme. | Flexiona mas las rodillas para estabilizar el centro de gravedad.
2026-04-21T20:59:18.061546,lateral,INCORRECTO,LEFT,151.9,140.1,168.4,,,,,,,,,,Flexiona mas las rodillas para estabilizar el centro de gravedad. | Inclina un poco mas el tronco para una mejor recepcion.
2026-04-21T20:59:18.534965,lateral,CORRECTO,LEFT,174.5,158.5,151.6,,,,,,,,,,Flexiona mas las rodillas para estabilizar el centro de gravedad. | Buena ejecucion general. Ajusta detalles para mayor precision.
2026-04-21T20:59:18.994267,lateral,INCORRECTO,LEFT,165.4,170.5,180.0,,,,,,,,,,Flexiona mas las rodillas para estabilizar el centro de gravedad. | Inclina un poco mas el tronco para una mejor recepcion.
2026-04-21T20:59:19.412330,lateral,INCORRECTO,LEFT,180.0,165.7,168.0,,,,,,,,,,Flexiona mas las rodillas para estabilizar el centro de gravedad. | Inclina un poco mas el tronco para una mejor recepcion.
2026-04-21T20:59:19.879196,lateral,INCORRECTO,LEFT,161.3,171.2,174.0,,,,,,,,,,Flexiona mas las rodillas para estabilizar el centro de gravedad. | Inclina un poco mas el tronco para una mejor recepcion.
2026-04-21T20:59:20.331918,lateral,INCORRECTO,LEFT,129.5,164.5,179.9,,,,,,,,,,Extiende mas los brazos para formar una plataforma firme. | Flexiona mas las rodillas para estabilizar el centro de gravedad. | Inclina un poco mas el tronco para una mejor recepcion.
2026-04-21T20:59:20.786599,lateral,INCORRECTO,LEFT,65.3,173.2,179.4,,,,,,,,,,Extiende mas los brazos para formar una plataforma firme. | Flexiona mas las rodillas para estabilizar el centro de gravedad. | Inclina un poco mas el tronco para una mejor recepcion.
2026-04-21T20:59:21.225992,lateral,INCORRECTO,LEFT,66.8,170.8,180.0,,,,,,,,,,Extiende mas los brazos para formar una plataforma firme. | Flexiona mas las rodillas para estabilizar el centro de gravedad. | Inclina un poco mas el tronco para una mejor recepcion.
2026-04-21T20:59:21.681321,lateral,INCORRECTO,LEFT,78.8,159.1,172.5,,,,,,,,,,Extiende mas los brazos para formar una plataforma firme. | Flexiona mas las rodillas para estabilizar el centro de gravedad. | Inclina un poco mas el tronco para una mejor recepcion.
2026-04-21T20:59:22.127737,lateral,INCORRECTO,LEFT,82.9,163.1,176.9,,,,,,,,,,Extiende mas los brazos para formar una plataforma firme. | Flexiona mas las rodillas para estabilizar el centro de gravedad. | Inclina un poco mas el tronco para una mejor recepcion.
2026-04-21T20:59:22.582398,lateral,INCORRECTO,LEFT,78.3,171.2,161.9,,,,,,,,,,Extiende mas los brazos para formar una plataforma firme. | Flexiona mas las rodillas para estabilizar el centro de gravedad. | Inclina un poco mas el tronco para una mejor recepcion.
2026-04-21T20:59:23.014039,lateral,INCORRECTO,LEFT,80.6,168.9,176.3,,,,,,,,,,Extiende mas los brazos para formar una plataforma firme. | Flexiona mas las rodillas para estabilizar el centro de gravedad. | Inclina un poco mas el tronco para una mejor recepcion.
2026-04-21T20:59:23.483302,lateral,INCORRECTO,LEFT,74.1,173.0,177.3,,,,,,,,,,Extiende mas los brazos para formar una plataforma firme. | Flexiona mas las rodillas para estabilizar el centro de gravedad. | Inclina un poco mas el tronco para una mejor recepcion.
2026-04-21T20:59:23.973647,lateral,INCORRECTO,LEFT,170.5,177.8,166.5,,,,,,,,,,Flexiona mas las rodillas para estabilizar el centro de gravedad. | Inclina un poco mas el tronco para una mejor recepcion.
2026-04-21T20:59:24.384131,lateral,INCORRECTO,LEFT,177.0,168.5,172.5,,,,,,,,,,Flexiona mas las rodillas para estabilizar el centro de gravedad. | Inclina un poco mas el tronco para una mejor recepcion.
2026-04-21T20:59:24.840155,lateral,INCORRECTO,LEFT,79.1,171.2,172.3,,,,,,,,,,Extiende mas los brazos para formar una plataforma firme. | Flexiona mas las rodillas para estabilizar el centro de gravedad. | Inclina un poco mas el tronco para una mejor recepcion.
2026-04-21T20:59:25.296162,lateral,INCORRECTO,LEFT,87.3,179.3,167.9,,,,,,,,,,Extiende mas los brazos para formar una plataforma firme. | Flexiona mas las rodillas para estabilizar el centro de gravedad. | Inclina un poco mas el tronco para una mejor recepcion.
2026-04-21T20:59:25.767556,lateral,INCORRECTO,LEFT,92.2,177.8,166.2,,,,,,,,,,Extiende mas los brazos para formar una plataforma firme. | Flexiona mas las rodillas para estabilizar el centro de gravedad. | Inclina un poco mas el tronco para una mejor recepcion.
2026-04-21T20:59:26.149524,lateral,INCORRECTO,LEFT,100.3,174.3,164.8,,,,,,,,,,Extiende mas los brazos para formar una plataforma firme. | Flexiona mas las rodillas para estabilizar el centro de gravedad. | Inclina un poco mas el tronco para una mejor recepcion.
2026-04-21T20:59:26.602104,lateral,INCORRECTO,LEFT,121.0,173.3,163.1,,,,,,,,,,Extiende mas los brazos para formar una plataforma firme. | Flexiona mas las rodillas para estabilizar el centro de gravedad. | Inclina un poco mas el tronco para una mejor recepcion.
2026-04-21T20:59:27.062896,lateral,INCORRECTO,LEFT,102.1,177.5,165.2,,,,,,,,,,Extiende mas los brazos para formar una plataforma firme. | Flexiona mas las rodillas para estabilizar el centro de gravedad. | Inclina un poco mas el tronco para una mejor recepcion.
2026-04-21T20:59:27.525701,lateral,INCORRECTO,LEFT,105.4,175.8,169.8,,,,,,,,,,Extiende mas los brazos para formar una plataforma firme. | Flexiona mas las rodillas para estabilizar el centro de gravedad. | Inclina un poco mas el tronco para una mejor recepcion.
2026-04-21T20:59:27.988415,lateral,INCORRECTO,LEFT,100.3,177.5,165.2,,,,,,,,,,Extiende mas los brazos para formar una plataforma firme. | Flexiona mas las rodillas para estabilizar el centro de gravedad. | Inclina un poco mas el tronco para una mejor recepcion.
2026-04-21T20:59:28.444001,lateral,INCORRECTO,LEFT,102.7,177.5,165.2,,,,,,,,,,Extiende mas los brazos para formar una plataforma firme. | Flexiona mas las rodillas para estabilizar el centro de gravedad. | Inclina un poco mas el tronco para una mejor recepcion.
2026-04-21T20:59:28.890142,lateral,INCORRECTO,LEFT,89.3,178.3,163.8,,,,,,,,,,Extiende mas los brazos para formar una plataforma firme. | Flexiona mas las rodillas para estabilizar el centro de gravedad. | Inclina un poco mas el tronco para una mejor recepcion.
2026-04-21T20:59:29.346246,lateral,INCORRECTO,LEFT,85.1,177.1,164.6,,,,,,,,,,Extiende mas los brazos para formar una plataforma firme. | Flexiona mas las rodillas para estabilizar el centro de gravedad. | Inclina un poco mas el tronco para una mejor recepcion.
2026-04-21T20:59:29.760243,lateral,INCORRECTO,LEFT,110.2,166.1,176.9,,,,,,,,,,Extiende mas los brazos para formar una plataforma firme. | Flexiona mas las rodillas para estabilizar el centro de gravedad. | Inclina un poco mas el tronco para una mejor recepcion.
2026-04-21T20:59:30.211236,lateral,INCORRECTO,LEFT,109.5,172.6,178.4,,,,,,,,,,Extiende mas los brazos para formar una plataforma firme. | Flexiona mas las rodillas para estabilizar el centro de gravedad. | Inclina un poco mas el tronco para una mejor recepcion.
2026-04-21T20:59:30.669418,lateral,INCORRECTO,LEFT,141.9,168.4,179.1,,,,,,,,,,Extiende mas los brazos para formar una plataforma firme. | Flexiona mas las rodillas para estabilizar el centro de gravedad. | Inclina un poco mas el tronco para una mejor recepcion.
2026-04-21T20:59:31.146899,lateral,INCORRECTO,LEFT,129.8,166.1,179.0,,,,,,,,,,Extiende mas los brazos para formar una plataforma firme. | Flexiona mas las rodillas para estabilizar el centro de gravedad. | Inclina un poco mas el tronco para una mejor recepcion.
2026-04-21T20:59:31.577038,lateral,INCORRECTO,LEFT,135.0,170.9,178.4,,,,,,,,,,Extiende mas los brazos para formar una plataforma firme. | Flexiona mas las rodillas para estabilizar el centro de gravedad. | Inclina un poco mas el tronco para una mejor recepcion.
2026-04-21T20:59:32.026786,lateral,INCORRECTO,LEFT,135.4,169.2,178.4,,,,,,,,,,Extiende mas los brazos para formar una plataforma firme. | Flexiona mas las rodillas para estabilizar el centro de gravedad. | Inclina un poco mas el tronco para una mejor recepcion.
2026-04-21T20:59:32.476914,lateral,INCORRECTO,LEFT,90.0,172.6,178.4,,,,,,,,,,Extiende mas los brazos para formar una plataforma firme. | Flexiona mas las rodillas para estabilizar el centro de gravedad. | Inclina un poco mas el tronco para una mejor recepcion.
2026-04-21T20:59:32.929376,lateral,INCORRECTO,LEFT,141.3,168.2,176.0,,,,,,,,,,Extiende mas los brazos para formar una plataforma firme. | Flexiona mas las rodillas para estabilizar el centro de gravedad. | Inclina un poco mas el tronco para una mejor recepcion.
2026-04-21T20:59:33.396115,lateral,INCORRECTO,LEFT,135.4,163.5,174.8,,,,,,,,,,Extiende mas los brazos para formar una plataforma firme. | Flexiona mas las rodillas para estabilizar el centro de gravedad. | Inclina un poco mas el tronco para una mejor recepcion.
2026-04-21T20:59:33.851594,lateral,INCORRECTO,LEFT,106.3,167.6,175.9,,,,,,,,,,Extiende mas los brazos para formar una plataforma firme. | Flexiona mas las rodillas para estabilizar el centro de gravedad. | Inclina un poco mas el tronco para una mejor recepcion.
2026-04-21T20:59:34.320029,lateral,INCORRECTO,LEFT,141.5,168.7,180.0,,,,,,,,,,Extiende mas los brazos para formar una plataforma firme. | Flexiona mas las rodillas para estabilizar el centro de gravedad. | Inclina un poco mas el tronco para una mejor recepcion.
2026-04-21T20:59:34.722810,lateral,INCORRECTO,LEFT,156.0,170.5,180.0,,,,,,,,,,Flexiona mas las rodillas para estabilizar el centro de gravedad. | Inclina un poco mas el tronco para una mejor recepcion.
2026-04-21T20:59:35.174268,lateral,INCORRECTO,LEFT,154.6,175.4,176.7,,,,,,,,,,Flexiona mas las rodillas para estabilizar el centro de gravedad. | Inclina un poco mas el tronco para una mejor recepcion.
2026-04-21T20:59:35.625907,lateral,INCORRECTO,LEFT,161.6,175.1,177.8,,,,,,,,,,Flexiona mas las rodillas para estabilizar el centro de gravedad. | Inclina un poco mas el tronco para una mejor recepcion.
2026-04-21T20:59:36.559738,lateral,INCORRECTO,LEFT,130.0,176.7,177.9,,,,,,,,,,Extiende mas los brazos para formar una plataforma firme. | Flexiona mas las rodillas para estabilizar el centro de gravedad. | Inclina un poco mas el tronco para una mejor recepcion.
2026-04-21T20:59:36.977203,lateral,INCORRECTO,LEFT,140.9,170.2,179.1,,,,,,,,,,Extiende mas los brazos para formar una plataforma firme. | Flexiona mas las rodillas para estabilizar el centro de gravedad. | Inclina un poco mas el tronco para una mejor recepcion.
2026-04-21T20:59:37.426925,lateral,INCORRECTO,LEFT,165.0,173.2,180.0,,,,,,,,,,Flexiona mas las rodillas para estabilizar el centro de gravedad. | Inclina un poco mas el tronco para una mejor recepcion.
2026-04-21T20:59:37.890860,lateral,INCORRECTO,LEFT,166.8,171.6,179.1,,,,,,,,,,Flexiona mas las rodillas para estabilizar el centro de gravedad. | Inclina un poco mas el tronco para una mejor recepcion.
2026-04-21T20:59:38.343604,lateral,INCORRECTO,LEFT,155.9,168.7,173.5,,,,,,,,,,Flexiona mas las rodillas para estabilizar el centro de gravedad. | Inclina un poco mas el tronco para una mejor recepcion.
2026-04-21T20:59:38.769568,lateral,INCORRECTO,LEFT,167.3,167.2,176.0,,,,,,,,,,Flexiona mas las rodillas para estabilizar el centro de gravedad. | Inclina un poco mas el tronco para una mejor recepcion.
2026-04-21T20:59:39.223591,lateral,INCORRECTO,LEFT,164.7,171.3,176.7,,,,,,,,,,Flexiona mas las rodillas para estabilizar el centro de gravedad. | Inclina un poco mas el tronco para una mejor recepcion.
2026-04-21T20:59:39.694285,lateral,INCORRECTO,LEFT,156.4,176.0,177.4,,,,,,,,,,Flexiona mas las rodillas para estabilizar el centro de gravedad. | Inclina un poco mas el tronco para una mejor recepcion.
2026-04-21T20:59:40.127284,lateral,INCORRECTO,LEFT,164.9,176.0,179.3,,,,,,,,,,Flexiona mas las rodillas para estabilizar el centro de gravedad. | Inclina un poco mas el tronco para una mejor recepcion.
2026-04-21T20:59:40.579906,lateral,INCORRECTO,LEFT,163.1,169.1,175.4,,,,,,,,,,Flexiona mas las rodillas para estabilizar el centro de gravedad. | Inclina un poco mas el tronco para una mejor recepcion.
2026-04-21T20:59:41.054664,lateral,INCORRECTO,LEFT,156.0,175.2,176.2,,,,,,,,,,Flexiona mas las rodillas para estabilizar el centro de gravedad. | Inclina un poco mas el tronco para una mejor recepcion.
2026-04-21T20:59:41.515716,lateral,INCORRECTO,LEFT,172.3,170.5,177.1,,,,,,,,,,Flexiona mas las rodillas para estabilizar el centro de gravedad. | Inclina un poco mas el tronco para una mejor recepcion.
2026-04-21T20:59:41.911561,lateral,INCORRECTO,LEFT,164.9,170.5,176.7,,,,,,,,,,Flexiona mas las rodillas para estabilizar el centro de gravedad. | Inclina un poco mas el tronco para una mejor recepcion.
2026-04-21T20:59:42.377023,lateral,INCORRECTO,LEFT,173.7,168.4,173.6,,,,,,,,,,Flexiona mas las rodillas para estabilizar el centro de gravedad. | Inclina un poco mas el tronco para una mejor recepcion.
2026-04-21T20:59:42.832695,lateral,INCORRECTO,LEFT,176.2,168.4,170.2,,,,,,,,,,Flexiona mas las rodillas para estabilizar el centro de gravedad. | Inclina un poco mas el tronco para una mejor recepcion.
2026-04-21T20:59:43.276389,lateral,INCORRECTO,LEFT,171.9,165.3,177.6,,,,,,,,,,Flexiona mas las rodillas para estabilizar el centro de gravedad. | Inclina un poco mas el tronco para una mejor recepcion.
2026-04-21T20:59:43.710537,lateral,INCORRECTO,LEFT,125.8,179.2,171.3,,,,,,,,,,Extiende mas los brazos para formar una plataforma firme. | Flexiona mas las rodillas para estabilizar el centro de gravedad. | Inclina un poco mas el tronco para una mejor recepcion.
2026-04-21T20:59:44.161279,lateral,INCORRECTO,LEFT,132.4,168.6,165.5,,,,,,,,,,Extiende mas los brazos para formar una plataforma firme. | Flexiona mas las rodillas para estabilizar el centro de gravedad. | Inclina un poco mas el tronco para una mejor recepcion.
2026-04-21T20:59:44.609386,lateral,INCORRECTO,LEFT,120.2,170.2,161.9,,,,,,,,,,Extiende mas los brazos para formar una plataforma firme. | Flexiona mas las rodillas para estabilizar el centro de gravedad. | Inclina un poco mas el tronco para una mejor recepcion.
2026-04-21T20:59:45.091814,lateral,INCORRECTO,LEFT,108.4,169.5,163.0,,,,,,,,,,Extiende mas los brazos para formar una plataforma firme. | Flexiona mas las rodillas para estabilizar el centro de gravedad. | Inclina un poco mas el tronco para una mejor recepcion.
2026-04-21T20:59:45.527329,lateral,INCORRECTO,LEFT,134.5,163.4,161.2,,,,,,,,,,Extiende mas los brazos para formar una plataforma firme. | Flexiona mas las rodillas para estabilizar el centro de gravedad. | Inclina un poco mas el tronco para una mejor recepcion.
2026-04-21T20:59:45.976716,lateral,INCORRECTO,LEFT,135.0,176.5,168.0,,,,,,,,,,Extiende mas los brazos para formar una plataforma firme. | Flexiona mas las rodillas para estabilizar el centro de gravedad. | Inclina un poco mas el tronco para una mejor recepcion.
2026-04-21T20:59:46.427238,lateral,INCORRECTO,LEFT,129.9,169.3,169.6,,,,,,,,,,Extiende mas los brazos para formar una plataforma firme. | Flexiona mas las rodillas para estabilizar el centro de gravedad. | Inclina un poco mas el tronco para una mejor recepcion.
2026-04-21T20:59:46.877917,lateral,INCORRECTO,LEFT,172.4,179.0,168.9,,,,,,,,,,Flexiona mas las rodillas para estabilizar el centro de gravedad. | Inclina un poco mas el tronco para una mejor recepcion.
2026-04-21T20:59:47.346682,lateral,INCORRECTO,LEFT,155.0,176.8,171.4,,,,,,,,,,Flexiona mas las rodillas para estabilizar el centro de gravedad. | Inclina un poco mas el tronco para una mejor recepcion.
2026-04-21T20:59:47.789384,lateral,INCORRECTO,LEFT,156.8,177.7,177.5,,,,,,,,,,Flexiona mas las rodillas para estabilizar el centro de gravedad. | Inclina un poco mas el tronco para una mejor recepcion.
2026-04-21T20:59:48.231370,lateral,INCORRECTO,LEFT,158.6,161.9,170.0,,,,,,,,,,Flexiona mas las rodillas para estabilizar el centro de gravedad. | Inclina un poco mas el tronco para una mejor recepcion.
2026-04-21T20:59:48.659902,lateral,INCORRECTO,LEFT,138.8,168.3,172.1,,,,,,,,,,Extiende mas los brazos para formar una plataforma firme. | Flexiona mas las rodillas para estabilizar el centro de gravedad. | Inclina un poco mas el tronco para una mejor recepcion.
2026-04-21T20:59:49.141902,lateral,INCORRECTO,LEFT,140.7,169.2,165.1,,,,,,,,,,Extiende mas los brazos para formar una plataforma firme. | Flexiona mas las rodillas para estabilizar el centro de gravedad. | Inclina un poco mas el tronco para una mejor recepcion.
2026-04-21T20:59:49.577057,lateral,INCORRECTO,LEFT,147.4,158.1,151.6,,,,,,,,,,Extiende mas los brazos para formar una plataforma firme. | Flexiona mas las rodillas para estabilizar el centro de gravedad.
2026-04-21T20:59:50.026900,lateral,INCORRECTO,LEFT,176.6,168.8,172.6,,,,,,,,,,Flexiona mas las rodillas para estabilizar el centro de gravedad. | Inclina un poco mas el tronco para una mejor recepcion.
2026-04-21T20:59:50.460026,lateral,INCORRECTO,LEFT,150.6,174.1,177.9,,,,,,,,,,Flexiona mas las rodillas para estabilizar el centro de gravedad. | Inclina un poco mas el tronco para una mejor recepcion.
2026-04-21T20:59:50.927191,lateral,INCORRECTO,LEFT,152.6,166.8,163.0,,,,,,,,,,Flexiona mas las rodillas para estabilizar el centro de gravedad. | Inclina un poco mas el tronco para una mejor recepcion.
2026-04-21T20:59:51.377183,lateral,INCORRECTO,LEFT,165.1,172.0,169.5,,,,,,,,,,Flexiona mas las rodillas para estabilizar el centro de gravedad. | Inclina un poco mas el tronco para una mejor recepcion.
2026-04-21T20:59:51.826888,lateral,INCORRECTO,LEFT,174.9,173.9,171.5,,,,,,,,,,Flexiona mas las rodillas para estabilizar el centro de gravedad. | Inclina un poco mas el tronco para una mejor recepcion.
2026-04-21T20:59:52.276520,lateral,INCORRECTO,LEFT,159.4,171.5,174.0,,,,,,,,,,Flexiona mas las rodillas para estabilizar el centro de gravedad. | Inclina un poco mas el tronco para una mejor recepcion.
2026-04-21T20:59:52.927579,lateral,INCORRECTO,LEFT,146.3,167.5,174.0,,,,,,,,,,Extiende mas los brazos para formar una plataforma firme. | Flexiona mas las rodillas para estabilizar el centro de gravedad. | Inclina un poco mas el tronco para una mejor recepcion.
2026-04-21T20:59:53.187820,lateral,INCORRECTO,LEFT,164.7,169.4,167.9,,,,,,,,,,Flexiona mas las rodillas para estabilizar el centro de gravedad. | Inclina un poco mas el tronco para una mejor recepcion.
2026-04-21T20:59:53.631807,lateral,CORRECTO,LEFT,177.9,141.8,138.8,,,,,,,,,,Flexiona mas las rodillas para estabilizar el centro de gravedad. | Buena ejecucion general. Ajusta detalles para mayor precision.
2026-04-21T20:59:54.076426,lateral,CORRECTO,LEFT,177.2,151.9,122.6,,,,,,,,,,Flexiona mas las rodillas para estabilizar el centro de gravedad. | Buena ejecucion general. Ajusta detalles para mayor precision.
2026-04-21T20:59:54.510105,lateral,INCORRECTO,LEFT,169.6,152.5,132.1,,,,,,,,,,Flexiona mas las rodillas para estabilizar el centro de gravedad.
2026-04-21T20:59:54.976138,lateral,INCORRECTO,LEFT,140.7,161.6,151.9,,,,,,,,,,Extiende mas los brazos para formar una plataforma firme. | Flexiona mas las rodillas para estabilizar el centro de gravedad.
2026-04-21T20:59:55.426387,lateral,INCORRECTO,LEFT,151.9,165.9,161.8,,,,,,,,,,Flexiona mas las rodillas para estabilizar el centro de gravedad. | Inclina un poco mas el tronco para una mejor recepcion.
2026-04-21T20:59:55.874612,lateral,INCORRECTO,LEFT,153.6,171.4,168.9,,,,,,,,,,Flexiona mas las rodillas para estabilizar el centro de gravedad. | Inclina un poco mas el tronco para una mejor recepcion.
2026-04-21T20:59:56.329261,lateral,INCORRECTO,LEFT,149.5,169.2,165.1,,,,,,,,,,Extiende mas los brazos para formar una plataforma firme. | Flexiona mas las rodillas para estabilizar el centro de gravedad. | Inclina un poco mas el tronco para una mejor recepcion.
2026-04-21T20:59:56.776062,lateral,INCORRECTO,LEFT,142.4,173.4,163.1,,,,,,,,,,Extiende mas los brazos para formar una plataforma firme. | Flexiona mas las rodillas para estabilizar el centro de gravedad. | Inclina un poco mas el tronco para una mejor recepcion.
2026-04-21T20:59:57.257864,lateral,INCORRECTO,LEFT,167.6,174.7,147.6,,,,,,,,,,Flexiona mas las rodillas para estabilizar el centro de gravedad.
2026-04-21T20:59:57.726976,lateral,CORRECTO,LEFT,171.5,146.4,116.7,,,,,,,,,,Flexiona mas las rodillas para estabilizar el centro de gravedad. | Buena ejecucion general. Ajusta detalles para mayor precision.
2026-04-21T20:59:58.119997,lateral,INCORRECTO,LEFT,147.5,144.7,121.8,,,,,,,,,,Extiende mas los brazos para formar una plataforma firme. | Flexiona mas las rodillas para estabilizar el centro de gravedad.
2026-04-21T20:59:58.576241,lateral,INCORRECTO,LEFT,160.4,157.3,146.5,,,,,,,,,,Flexiona mas las rodillas para estabilizar el centro de gravedad.
2026-04-21T20:59:59.031347,lateral,INCORRECTO,LEFT,159.2,169.2,158.7,,,,,,,,,,Flexiona mas las rodillas para estabilizar el centro de gravedad.
2026-04-21T20:59:59.493093,lateral,INCORRECTO,LEFT,163.6,158.0,168.1,,,,,,,,,,Flexiona mas las rodillas para estabilizar el centro de gravedad. | Inclina un poco mas el tronco para una mejor recepcion.
2026-04-21T20:59:59.944167,lateral,INCORRECTO,LEFT,152.2,171.3,168.9,,,,,,,,,,Flexiona mas las rodillas para estabilizar el centro de gravedad. | Inclina un poco mas el tronco para una mejor recepcion.
2026-04-21T21:00:00.376458,lateral,INCORRECTO,LEFT,153.4,173.3,160.9,,,,,,,,,,Flexiona mas las rodillas para estabilizar el centro de gravedad. | Inclina un poco mas el tronco para una mejor recepcion.
2026-04-21T21:00:00.842408,lateral,CORRECTO,LEFT,172.6,155.2,148.5,,,,,,,,,,Flexiona mas las rodillas para estabilizar el centro de gravedad. | Buena ejecucion general. Ajusta detalles para mayor precision.
2026-04-21T21:00:01.430454,lateral,INCORRECTO,LEFT,149.3,164.5,144.9,,,,,,,,,,Extiende mas los brazos para formar una plataforma firme. | Flexiona mas las rodillas para estabilizar el centro de gravedad.
2026-04-21T21:00:01.729942,lateral,INCORRECTO,LEFT,156.6,178.0,166.3,,,,,,,,,,Flexiona mas las rodillas para estabilizar el centro de gravedad. | Inclina un poco mas el tronco para una mejor recepcion.
2026-04-21T21:00:02.160010,lateral,INCORRECTO,LEFT,142.1,167.5,149.6,,,,,,,,,,Extiende mas los brazos para formar una plataforma firme. | Flexiona mas las rodillas para estabilizar el centro de gravedad.
2026-04-21T21:00:02.609266,lateral,INCORRECTO,LEFT,144.0,161.8,155.4,,,,,,,,,,Extiende mas los brazos para formar una plataforma firme. | Flexiona mas las rodillas para estabilizar el centro de gravedad.
2026-04-21T21:00:03.090808,lateral,INCORRECTO,LEFT,123.7,168.4,169.6,,,,,,,,,,Extiende mas los brazos para formar una plataforma firme. | Flexiona mas las rodillas para estabilizar el centro de gravedad. | Inclina un poco mas el tronco para una mejor recepcion.
2026-04-21T21:00:03.533678,lateral,INCORRECTO,LEFT,164.7,164.9,175.6,,,,,,,,,,Flexiona mas las rodillas para estabilizar el centro de gravedad. | Inclina un poco mas el tronco para una mejor recepcion.
2026-04-21T21:00:03.997835,lateral,INCORRECTO,LEFT,175.0,178.4,169.1,,,,,,,,,,Flexiona mas las rodillas para estabilizar el centro de gravedad. | Inclina un poco mas el tronco para una mejor recepcion.
2026-04-21T21:00:04.427024,lateral,INCORRECTO,LEFT,170.5,163.3,179.3,,,,,,,,,,Flexiona mas las rodillas para estabilizar el centro de gravedad. | Inclina un poco mas el tronco para una mejor recepcion.
2026-04-21T21:00:04.893844,lateral,INCORRECTO,LEFT,142.1,170.9,164.4,,,,,,,,,,Extiende mas los brazos para formar una plataforma firme. | Flexiona mas las rodillas para estabilizar el centro de gravedad. | Inclina un poco mas el tronco para una mejor recepcion.
2026-04-21T21:00:05.325989,lateral,INCORRECTO,LEFT,148.2,166.5,167.8,,,,,,,,,,Extiende mas los brazos para formar una plataforma firme. | Flexiona mas las rodillas para estabilizar el centro de gravedad. | Inclina un poco mas el tronco para una mejor recepcion.
2026-04-21T21:00:05.794740,lateral,INCORRECTO,LEFT,171.4,141.3,166.8,,,,,,,,,,Flexiona mas las rodillas para estabilizar el centro de gravedad. | Inclina un poco mas el tronco para una mejor recepcion.
2026-04-21T21:00:06.237084,lateral,INCORRECTO,LEFT,160.6,171.0,157.0,,,,,,,,,,Flexiona mas las rodillas para estabilizar el centro de gravedad.
2026-04-21T21:00:07.602751,lateral,INCORRECTO,LEFT,159.7,154.7,73.4,,,,,,,,,,"Flexiona mas las rodillas para estabilizar el centro de gravedad. | Endereza un poco el tronco, hay demasiada inclinacion."
2026-04-21T21:00:08.026747,lateral,CORRECTO,LEFT,175.6,140.6,46.2,,,,,,,,,,"Flexiona mas las rodillas para estabilizar el centro de gravedad. | Endereza un poco el tronco, hay demasiada inclinacion. | Buena ejecucion general. Ajusta detalles para mayor precision."
2026-04-21T21:00:08.476740,lateral,CORRECTO,LEFT,177.8,178.6,77.4,,,,,,,,,,"Flexiona mas las rodillas para estabilizar el centro de gravedad. | Endereza un poco el tronco, hay demasiada inclinacion. | Buena ejecucion general. Ajusta detalles para mayor precision."
2026-04-21T21:00:08.927595,lateral,CORRECTO,LEFT,171.6,155.9,73.0,,,,,,,,,,"Flexiona mas las rodillas para estabilizar el centro de gravedad. | Endereza un poco el tronco, hay demasiada inclinacion. | Buena ejecucion general. Ajusta detalles para mayor precision."
2026-04-21T21:00:12.110375,lateral,CORRECTO,LEFT,177.4,123.6,151.8,,,,,,,,,,Tecnica correcta. Mantener postura y sincronizacion.
2026-04-21T21:00:12.527747,lateral,INCORRECTO,LEFT,162.9,178.7,166.6,,,,,,,,,,Flexiona mas las rodillas para estabilizar el centro de gravedad. | Inclina un poco mas el tronco para una mejor recepcion.
2026-04-21T21:00:12.977588,lateral,INCORRECTO,LEFT,134.4,170.1,176.4,,,,,,,,,,Extiende mas los brazos para formar una plataforma firme. | Flexiona mas las rodillas para estabilizar el centro de gravedad. | Inclina un poco mas el tronco para una mejor recepcion.
2026-04-21T21:00:13.428520,lateral,INCORRECTO,LEFT,155.8,167.0,173.2,,,,,,,,,,Flexiona mas las rodillas para estabilizar el centro de gravedad. | Inclina un poco mas el tronco para una mejor recepcion.
2026-04-21T21:00:13.878042,lateral,INCORRECTO,LEFT,155.6,173.4,171.3,,,,,,,,,,Flexiona mas las rodillas para estabilizar el centro de gravedad. | Inclina un poco mas el tronco para una mejor recepcion.
2026-04-21T21:00:14.327670,lateral,INCORRECTO,LEFT,154.2,166.6,173.3,,,,,,,,,,Flexiona mas las rodillas para estabilizar el centro de gravedad. | Inclina un poco mas el tronco para una mejor recepcion.
2026-04-21T21:00:14.778682,lateral,INCORRECTO,LEFT,156.8,164.4,171.3,,,,,,,,,,Flexiona mas las rodillas para estabilizar el centro de gravedad. | Inclina un poco mas el tronco para una mejor recepcion.
2026-04-21T21:00:15.225988,lateral,INCORRECTO,LEFT,154.8,155.0,172.5,,,,,,,,,,Flexiona mas las rodillas para estabilizar el centro de gravedad. | Inclina un poco mas el tronco para una mejor recepcion.
2026-04-21T21:00:15.692992,lateral,INCORRECTO,LEFT,149.5,153.8,174.1,,,,,,,,,,Extiende mas los brazos para formar una plataforma firme. | Flexiona mas las rodillas para estabilizar el centro de gravedad. | Inclina un poco mas el tronco para una mejor recepcion.
2026-04-21T21:00:16.125404,lateral,INCORRECTO,LEFT,152.1,160.3,176.1,,,,,,,,,,Flexiona mas las rodillas para estabilizar el centro de gravedad. | Inclina un poco mas el tronco para una mejor recepcion.
2026-04-21T21:00:16.575491,lateral,INCORRECTO,LEFT,151.2,173.4,175.5,,,,,,,,,,Flexiona mas las rodillas para estabilizar el centro de gravedad. | Inclina un poco mas el tronco para una mejor recepcion.
2026-04-21T21:00:17.038431,lateral,INCORRECTO,LEFT,151.4,168.8,178.5,,,,,,,,,,Flexiona mas las rodillas para estabilizar el centro de gravedad. | Inclina un poco mas el tronco para una mejor recepcion.
2026-04-21T21:00:17.482124,lateral,INCORRECTO,LEFT,145.3,173.4,177.0,,,,,,,,,,Extiende mas los brazos para formar una plataforma firme. | Flexiona mas las rodillas para estabilizar el centro de gravedad. | Inclina un poco mas el tronco para una mejor recepcion.
2026-04-21T21:00:17.928835,lateral,INCORRECTO,LEFT,155.7,171.3,174.0,,,,,,,,,,Flexiona mas las rodillas para estabilizar el centro de gravedad. | Inclina un poco mas el tronco para una mejor recepcion.
2026-04-21T21:00:18.379202,lateral,INCORRECTO,LEFT,144.0,173.4,177.7,,,,,,,,,,Extiende mas los brazos para formar una plataforma firme. | Flexiona mas las rodillas para estabilizar el centro de gravedad. | Inclina un poco mas el tronco para una mejor recepcion.
2026-04-21T21:00:18.838535,lateral,INCORRECTO,LEFT,147.4,173.5,174.6,,,,,,,,,,Extiende mas los brazos para formar una plataforma firme. | Flexiona mas las rodillas para estabilizar el centro de gravedad. | Inclina un poco mas el tronco para una mejor recepcion.
2026-04-21T21:00:19.316216,lateral,INCORRECTO,LEFT,161.7,179.9,176.2,,,,,,,,,,Flexiona mas las rodillas para estabilizar el centro de gravedad. | Inclina un poco mas el tronco para una mejor recepcion.
2026-04-21T21:00:19.725977,lateral,INCORRECTO,LEFT,156.7,170.8,176.9,,,,,,,,,,Flexiona mas las rodillas para estabilizar el centro de gravedad. | Inclina un poco mas el tronco para una mejor recepcion.
2026-04-21T21:00:20.175711,lateral,INCORRECTO,LEFT,148.6,171.0,174.1,,,,,,,,,,Extiende mas los brazos para formar una plataforma firme. | Flexiona mas las rodillas para estabilizar el centro de gravedad. | Inclina un poco mas el tronco para una mejor recepcion.
2026-04-21T21:00:20.625448,lateral,INCORRECTO,LEFT,157.8,169.2,176.4,,,,,,,,,,Flexiona mas las rodillas para estabilizar el centro de gravedad. | Inclina un poco mas el tronco para una mejor recepcion.
2026-04-21T21:00:21.075376,lateral,INCORRECTO,LEFT,157.0,175.6,179.4,,,,,,,,,,Flexiona mas las rodillas para estabilizar el centro de gravedad. | Inclina un poco mas el tronco para una mejor recepcion.
2026-04-21T21:00:21.531955,lateral,INCORRECTO,LEFT,151.9,162.7,179.3,,,,,,,,,,Flexiona mas las rodillas para estabilizar el centro de gravedad. | Inclina un poco mas el tronco para una mejor recepcion.
2026-04-21T21:00:21.974904,lateral,INCORRECTO,LEFT,147.5,173.7,172.4,,,,,,,,,,Extiende mas los brazos para formar una plataforma firme. | Flexiona mas las rodillas para estabilizar el centro de gravedad. | Inclina un poco mas el tronco para una mejor recepcion.
2026-04-21T21:00:22.425833,lateral,INCORRECTO,LEFT,149.3,165.1,179.3,,,,,,,,,,Extiende mas los brazos para formar una plataforma firme. | Flexiona mas las rodillas para estabilizar el centro de gravedad. | Inclina un poco mas el tronco para una mejor recepcion.
2026-04-21T21:00:22.891171,lateral,INCORRECTO,LEFT,154.7,171.3,180.0,,,,,,,,,,Flexiona mas las rodillas para estabilizar el centro de gravedad. | Inclina un poco mas el tronco para una mejor recepcion.
2026-04-21T21:00:23.309667,lateral,INCORRECTO,LEFT,150.4,169.5,177.0,,,,,,,,,,Flexiona mas las rodillas para estabilizar el centro de gravedad. | Inclina un poco mas el tronco para una mejor recepcion.
2026-04-21T21:00:23.775414,lateral,INCORRECTO,LEFT,153.4,149.8,159.0,,,,,,,,,,Flexiona mas las rodillas para estabilizar el centro de gravedad.
2026-04-21T21:00:24.330548,lateral,CORRECTO,LEFT,147.4,129.9,136.2,,,,,,,,,,Extiende mas los brazos para formar una plataforma firme. | Buena ejecucion general. Ajusta detalles para mayor precision.
2026-04-21T21:00:24.727734,lateral,CORRECTO,LEFT,170.3,121.4,115.1,,,,,,,,,,Tecnica correcta. Mantener postura y sincronizacion.
2026-04-21T21:00:25.127628,lateral,CORRECTO,LEFT,113.3,132.5,127.2,,,,,,,,,,Extiende mas los brazos para formar una plataforma firme. | Buena ejecucion general. Ajusta detalles para mayor precision.
2026-04-21T21:00:25.589737,lateral,INCORRECTO,LEFT,126.7,147.2,154.8,,,,,,,,,,Extiende mas los brazos para formar una plataforma firme. | Flexiona mas las rodillas para estabilizar el centro de gravedad.
2026-04-21T21:00:26.010713,lateral,INCORRECTO,LEFT,149.7,134.8,156.2,,,,,,,,,,Extiende mas los brazos para formar una plataforma firme.
2026-04-21T21:00:26.474916,lateral,INCORRECTO,LEFT,146.7,163.3,139.2,,,,,,,,,,Extiende mas los brazos para formar una plataforma firme. | Flexiona mas las rodillas para estabilizar el centro de gravedad.
2026-04-21T21:00:26.924621,lateral,INCORRECTO,LEFT,13.3,137.8,135.0,,,,,,,,,,Extiende mas los brazos para formar una plataforma firme. | Flexiona mas las rodillas para estabilizar el centro de gravedad.
2026-04-21T21:00:27.488387,lateral,CORRECTO,LEFT,150.6,120.3,143.8,,,,,,,,,,Tecnica correcta. Mantener postura y sincronizacion.
2026-04-21T21:00:27.807919,lateral,INCORRECTO,LEFT,145.7,134.1,152.5,,,,,,,,,,Extiende mas los brazos para formar una plataforma firme.
2026-04-21T21:00:28.403386,lateral,CORRECTO,LEFT,156.9,106.6,104.3,,,,,,,,,,"Endereza un poco el tronco, hay demasiada inclinacion. | Buena ejecucion general. Ajusta detalles para mayor precision."
2026-04-21T21:00:28.786795,lateral,CORRECTO,LEFT,169.7,131.5,120.4,,,,,,,,,,Tecnica correcta. Mantener postura y sincronizacion.
2026-04-21T21:00:29.642500,lateral,INCORRECTO,LEFT,138.5,139.3,161.3,,,,,,,,,,Extiende mas los brazos para formar una plataforma firme. | Flexiona mas las rodillas para estabilizar el centro de gravedad. | Inclina un poco mas el tronco para una mejor recepcion.
2026-04-21T21:00:30.090998,lateral,INCORRECTO,LEFT,154.0,144.3,148.5,,,,,,,,,,Flexiona mas las rodillas para estabilizar el centro de gravedad.
2026-04-21T21:00:30.526908,lateral,CORRECTO,LEFT,137.4,117.9,130.4,,,,,,,,,,Extiende mas los brazos para formar una plataforma firme. | Buena ejecucion general. Ajusta detalles para mayor precision.
2026-04-21T21:00:31.039561,lateral,INCORRECTO,LEFT,132.4,135.9,118.7,,,,,,,,,,Extiende mas los brazos para formar una plataforma firme. | Flexiona mas las rodillas para estabilizar el centro de gravedad.
2026-04-21T21:00:31.468534,lateral,INCORRECTO,LEFT,144.2,162.3,139.6,,,,,,,,,,Extiende mas los brazos para formar una plataforma firme. | Flexiona mas las rodillas para estabilizar el centro de gravedad.
2026-04-21T21:00:31.856059,lateral,INCORRECTO,LEFT,158.2,154.7,152.4,,,,,,,,,,Flexiona mas las rodillas para estabilizar el centro de gravedad.
2026-04-21T21:00:32.322640,lateral,CORRECTO,LEFT,143.6,119.2,134.3,,,,,,,,,,Extiende mas los brazos para formar una plataforma firme. | Buena ejecucion general. Ajusta detalles para mayor precision.
2026-04-21T21:00:32.756218,lateral,INCORRECTO,LEFT,123.1,169.9,169.2,,,,,,,,,,Extiende mas los brazos para formar una plataforma firme. | Flexiona mas las rodillas para estabilizar el centro de gravedad. | Inclina un poco mas el tronco para una mejor recepcion.
2026-04-21T21:00:33.241528,lateral,INCORRECTO,LEFT,123.2,155.2,165.3,,,,,,,,,,Extiende mas los brazos para formar una plataforma firme. | Flexiona mas las rodillas para estabilizar el centro de gravedad. | Inclina un poco mas el tronco para una mejor recepcion.
2026-04-21T21:00:33.676512,lateral,INCORRECTO,LEFT,91.5,170.8,179.4,,,,,,,,,,Extiende mas los brazos para formar una plataforma firme. | Flexiona mas las rodillas para estabilizar el centro de gravedad. | Inclina un poco mas el tronco para una mejor recepcion.
2026-04-21T21:00:34.124169,lateral,INCORRECTO,LEFT,118.6,160.8,176.7,,,,,,,,,,Extiende mas los brazos para formar una plataforma firme. | Flexiona mas las rodillas para estabilizar el centro de gravedad. | Inclina un poco mas el tronco para una mejor recepcion.
2026-04-21T21:00:34.572644,lateral,INCORRECTO,LEFT,148.4,175.0,179.2,,,,,,,,,,Extiende mas los brazos para formar una plataforma firme. | Flexiona mas las rodillas para estabilizar el centro de gravedad. | Inclina un poco mas el tronco para una mejor recepcion.
2026-04-21T21:00:35.035170,lateral,INCORRECTO,LEFT,156.0,166.9,164.2,,,,,,,,,,Flexiona mas las rodillas para estabilizar el centro de gravedad. | Inclina un poco mas el tronco para una mejor recepcion.
2026-04-21T21:00:35.474727,lateral,INCORRECTO,LEFT,161.6,168.8,179.0,,,,,,,,,,Flexiona mas las rodillas para estabilizar el centro de gravedad. | Inclina un poco mas el tronco para una mejor recepcion.
2026-04-21T21:00:35.941700,lateral,INCORRECTO,LEFT,157.0,165.9,178.1,,,,,,,,,,Flexiona mas las rodillas para estabilizar el centro de gravedad. | Inclina un poco mas el tronco para una mejor recepcion.
2026-04-21T21:00:36.370291,lateral,INCORRECTO,LEFT,161.6,172.6,176.3,,,,,,,,,,Flexiona mas las rodillas para estabilizar el centro de gravedad. | Inclina un poco mas el tronco para una mejor recepcion.
2026-04-21T21:00:36.840949,lateral,INCORRECTO,LEFT,163.5,170.1,176.5,,,,,,,,,,Flexiona mas las rodillas para estabilizar el centro de gravedad. | Inclina un poco mas el tronco para una mejor recepcion.
2026-04-21T21:00:37.307424,lateral,INCORRECTO,LEFT,168.2,177.5,175.5,,,,,,,,,,Flexiona mas las rodillas para estabilizar el centro de gravedad. | Inclina un poco mas el tronco para una mejor recepcion.
2026-04-21T21:00:37.724239,lateral,INCORRECTO,LEFT,162.6,177.5,173.7,,,,,,,,,,Flexiona mas las rodillas para estabilizar el centro de gravedad. | Inclina un poco mas el tronco para una mejor recepcion.
2026-04-21T21:00:38.175857,lateral,INCORRECTO,LEFT,155.0,179.9,173.8,,,,,,,,,,Flexiona mas las rodillas para estabilizar el centro de gravedad. | Inclina un poco mas el tronco para una mejor recepcion.
2026-04-21T21:00:38.644367,lateral,INCORRECTO,LEFT,155.0,179.9,173.9,,,,,,,,,,Flexiona mas las rodillas para estabilizar el centro de gravedad. | Inclina un poco mas el tronco para una mejor recepcion.
2026-04-21T21:00:39.091654,lateral,INCORRECTO,LEFT,163.1,177.3,177.4,,,,,,,,,,Flexiona mas las rodillas para estabilizar el centro de gravedad. | Inclina un poco mas el tronco para una mejor recepcion.
2026-04-21T21:00:39.540974,lateral,INCORRECTO,LEFT,161.4,169.3,177.2,,,,,,,,,,Flexiona mas las rodillas para estabilizar el centro de gravedad. | Inclina un poco mas el tronco para una mejor recepcion.
2026-04-21T21:00:40.005685,lateral,INCORRECTO,LEFT,159.4,169.7,174.4,,,,,,,,,,Flexiona mas las rodillas para estabilizar el centro de gravedad. | Inclina un poco mas el tronco para una mejor recepcion.
2026-04-21T21:00:40.442432,lateral,INCORRECTO,LEFT,161.6,158.7,173.3,,,,,,,,,,Flexiona mas las rodillas para estabilizar el centro de gravedad. | Inclina un poco mas el tronco para una mejor recepcion.
2026-04-21T21:00:40.891732,lateral,INCORRECTO,LEFT,156.8,140.5,160.7,,,,,,,,,,Flexiona mas las rodillas para estabilizar el centro de gravedad. | Inclina un poco mas el tronco para una mejor recepcion.
2026-04-21T21:00:41.358107,lateral,INCORRECTO,LEFT,168.7,140.3,146.5,,,,,,,,,,Flexiona mas las rodillas para estabilizar el centro de gravedad.
2026-04-21T21:00:41.989419,lateral,CORRECTO,LEFT,168.7,131.2,139.4,,,,,,,,,,Tecnica correcta. Mantener postura y sincronizacion.
2026-04-21T21:00:42.240185,lateral,INCORRECTO,LEFT,126.4,137.3,156.2,,,,,,,,,,Extiende mas los brazos para formar una plataforma firme. | Flexiona mas las rodillas para estabilizar el centro de gravedad.
2026-04-21T21:00:42.670524,lateral,INCORRECTO,LEFT,136.6,147.3,173.7,,,,,,,,,,Extiende mas los brazos para formar una plataforma firme. | Flexiona mas las rodillas para estabilizar el centro de gravedad. | Inclina un poco mas el tronco para una mejor recepcion.
2026-04-21T21:00:43.106525,lateral,CORRECTO,LEFT,155.2,126.5,144.2,,,,,,,,,,Tecnica correcta. Mantener postura y sincronizacion.
2026-04-21T21:00:43.590220,lateral,CORRECTO,LEFT,179.2,154.5,155.4,,,,,,,,,,Flexiona mas las rodillas para estabilizar el centro de gravedad. | Buena ejecucion general. Ajusta detalles para mayor precision.
2026-04-21T21:00:44.190241,lateral,INCORRECTO,LEFT,173.9,178.2,175.3,,,,,,,,,,Flexiona mas las rodillas para estabilizar el centro de gravedad. | Inclina un poco mas el tronco para una mejor recepcion.
2026-04-21T21:00:44.456790,lateral,CORRECTO,LEFT,155.3,36.8,84.8,,,,,,,,,,"Sube un poco la postura: la flexion de rodilla es muy cerrada. | Endereza un poco el tronco, hay demasiada inclinacion. | Buena ejecucion general. Ajusta detalles para mayor precision."
2026-04-21T21:00:44.932743,lateral,CORRECTO,LEFT,157.8,86.7,116.3,,,,,,,,,,Sube un poco la postura: la flexion de rodilla es muy cerrada. | Buena ejecucion general. Ajusta detalles para mayor precision.
2026-04-21T21:00:45.357437,lateral,INCORRECTO,LEFT,159.4,146.5,131.9,,,,,,,,,,Flexiona mas las rodillas para estabilizar el centro de gravedad.
2026-04-21T21:00:45.823573,lateral,INCORRECTO,LEFT,170.5,173.3,158.7,,,,,,,,,,Flexiona mas las rodillas para estabilizar el centro de gravedad.
2026-04-21T21:00:46.273547,lateral,INCORRECTO,LEFT,178.1,174.0,177.8,,,,,,,,,,Flexiona mas las rodillas para estabilizar el centro de gravedad. | Inclina un poco mas el tronco para una mejor recepcion.
2026-04-21T21:00:46.724396,lateral,INCORRECTO,LEFT,168.1,168.3,176.4,,,,,,,,,,Flexiona mas las rodillas para estabilizar el centro de gravedad. | Inclina un poco mas el tronco para una mejor recepcion.
2026-04-21T21:00:47.181790,lateral,INCORRECTO,LEFT,160.3,174.1,178.9,,,,,,,,,,Flexiona mas las rodillas para estabilizar el centro de gravedad. | Inclina un poco mas el tronco para una mejor recepcion.
2026-04-21T21:00:47.626503,lateral,INCORRECTO,LEFT,171.7,163.8,167.2,,,,,,,,,,Flexiona mas las rodillas para estabilizar el centro de gravedad. | Inclina un poco mas el tronco para una mejor recepcion.
2026-04-21T21:00:48.076317,lateral,INCORRECTO,LEFT,147.5,177.4,178.2,,,,,,,,,,Extiende mas los brazos para formar una plataforma firme. | Flexiona mas las rodillas para estabilizar el centro de gravedad. | Inclina un poco mas el tronco para una mejor recepcion.
2026-04-21T21:00:48.526570,lateral,INCORRECTO,LEFT,161.7,171.5,179.0,,,,,,,,,,Flexiona mas las rodillas para estabilizar el centro de gravedad. | Inclina un poco mas el tronco para una mejor recepcion.
2026-04-21T21:00:49.036028,lateral,INCORRECTO,LEFT,145.2,160.0,168.2,,,,,,,,,,Extiende mas los brazos para formar una plataforma firme. | Flexiona mas las rodillas para estabilizar el centro de gravedad. | Inclina un poco mas el tronco para una mejor recepcion.
2026-04-21T21:00:49.427328,lateral,INCORRECTO,LEFT,155.3,150.5,156.9,,,,,,,,,,Flexiona mas las rodillas para estabilizar el centro de gravedad.
2026-04-21T21:00:49.955448,lateral,CORRECTO,LEFT,171.9,139.6,129.8,,,,,,,,,,Flexiona mas las rodillas para estabilizar el centro de gravedad. | Buena ejecucion general. Ajusta detalles para mayor precision.
2026-04-21T21:00:50.338491,lateral,INCORRECTO,LEFT,103.3,142.8,147.3,,,,,,,,,,Extiende mas los brazos para formar una plataforma firme. | Flexiona mas las rodillas para estabilizar el centro de gravedad.
2026-04-21T21:00:50.771726,lateral,INCORRECTO,LEFT,152.7,161.8,161.9,,,,,,,,,,Flexiona mas las rodillas para estabilizar el centro de gravedad. | Inclina un poco mas el tronco para una mejor recepcion.
2026-04-21T21:00:51.223408,lateral,INCORRECTO,LEFT,132.3,139.8,149.9,,,,,,,,,,Extiende mas los brazos para formar una plataforma firme. | Flexiona mas las rodillas para estabilizar el centro de gravedad.
2026-04-21T21:00:51.673789,lateral,CORRECTO,LEFT,138.1,122.1,116.6,,,,,,,,,,Extiende mas los brazos para formar una plataforma firme. | Buena ejecucion general. Ajusta detalles para mayor precision.
2026-04-21T21:00:52.127406,lateral,CORRECTO,LEFT,137.2,105.4,87.3,,,,,,,,,,"Extiende mas los brazos para formar una plataforma firme. | Endereza un poco el tronco, hay demasiada inclinacion. | Buena ejecucion general. Ajusta detalles para mayor precision."
2026-04-21T21:00:52.662360,lateral,INCORRECTO,LEFT,69.3,136.5,128.5,,,,,,,,,,Extiende mas los brazos para formar una plataforma firme. | Flexiona mas las rodillas para estabilizar el centro de gravedad.
2026-04-21T21:00:53.006900,lateral,INCORRECTO,LEFT,147.4,136.7,146.1,,,,,,,,,,Extiende mas los brazos para formar una plataforma firme. | Flexiona mas las rodillas para estabilizar el centro de gravedad.
2026-04-21T21:00:53.478276,lateral,CORRECTO,LEFT,149.7,109.7,102.2,,,,,,,,,,"Extiende mas los brazos para formar una plataforma firme. | Endereza un poco el tronco, hay demasiada inclinacion. | Buena ejecucion general. Ajusta detalles para mayor precision."
2026-04-21T21:00:53.941037,lateral,CORRECTO,LEFT,161.6,106.6,101.0,,,,,,,,,,"Endereza un poco el tronco, hay demasiada inclinacion. | Buena ejecucion general. Ajusta detalles para mayor precision."
2026-04-21T21:00:54.356886,lateral,INCORRECTO,LEFT,56.3,144.0,136.7,,,,,,,,,,Extiende mas los brazos para formar una plataforma firme. | Flexiona mas las rodillas para estabilizar el centro de gravedad.
2026-04-21T21:00:54.806819,lateral,INCORRECTO,LEFT,164.8,154.6,147.4,,,,,,,,,,Flexiona mas las rodillas para estabilizar el centro de gravedad.
2026-04-21T21:00:55.275372,lateral,INCORRECTO,LEFT,161.7,134.3,140.3,,,,,,,,,,Se detectaron errores tecnicos. Ajusta postura y repite.
2026-04-21T21:00:55.804237,lateral,CORRECTO,LEFT,176.5,156.8,141.4,,,,,,,,,,Flexiona mas las rodillas para estabilizar el centro de gravedad. | Buena ejecucion general. Ajusta detalles para mayor precision.
2026-04-21T21:00:56.157249,lateral,INCORRECTO,LEFT,81.0,156.3,179.3,,,,,,,,,,Extiende mas los brazos para formar una plataforma firme. | Flexiona mas las rodillas para estabilizar el centro de gravedad. | Inclina un poco mas el tronco para una mejor recepcion.
2026-04-21T21:00:56.612644,lateral,INCORRECTO,LEFT,51.3,166.0,178.4,,,,,,,,,,Extiende mas los brazos para formar una plataforma firme. | Flexiona mas las rodillas para estabilizar el centro de gravedad. | Inclina un poco mas el tronco para una mejor recepcion.
2026-04-21T21:00:57.098493,lateral,INCORRECTO,LEFT,162.5,171.6,175.1,,,,,,,,,,Flexiona mas las rodillas para estabilizar el centro de gravedad. | Inclina un poco mas el tronco para una mejor recepcion.
2026-04-21T21:00:57.522105,lateral,INCORRECTO,LEFT,165.5,175.6,144.3,,,,,,,,,,Flexiona mas las rodillas para estabilizar el centro de gravedad.
2026-04-21T21:00:57.982285,lateral,INCORRECTO,LEFT,148.6,171.3,161.8,,,,,,,,,,Extiende mas los brazos para formar una plataforma firme. | Flexiona mas las rodillas para estabilizar el centro de gravedad. | Inclina un poco mas el tronco para una mejor recepcion.
2026-04-21T21:00:58.434563,lateral,INCORRECTO,LEFT,151.6,169.6,156.0,,,,,,,,,,Flexiona mas las rodillas para estabilizar el centro de gravedad.
2026-04-21T21:00:59.338892,lateral,CORRECTO,LEFT,150.3,128.1,115.3,,,,,,,,,,Tecnica correcta. Mantener postura y sincronizacion.
2026-04-21T21:01:00.239639,lateral,INCORRECTO,LEFT,169.8,177.0,153.7,,,,,,,,,,Flexiona mas las rodillas para estabilizar el centro de gravedad.
2026-04-21T21:01:00.656872,lateral,INCORRECTO,LEFT,97.1,173.8,143.3,,,,,,,,,,Extiende mas los brazos para formar una plataforma firme. | Flexiona mas las rodillas para estabilizar el centro de gravedad.
2026-04-21T21:01:01.122254,lateral,INCORRECTO,LEFT,107.7,164.0,161.5,,,,,,,,,,Extiende mas los brazos para formar una plataforma firme. | Flexiona mas las rodillas para estabilizar el centro de gravedad. | Inclina un poco mas el tronco para una mejor recepcion.
2026-04-21T21:01:01.572827,lateral,CORRECTO,LEFT,170.7,165.8,150.4,,,,,,,,,,Flexiona mas las rodillas para estabilizar el centro de gravedad. | Buena ejecucion general. Ajusta detalles para mayor precision.
2026-04-21T21:01:02.022996,lateral,INCORRECTO,LEFT,127.9,175.9,168.2,,,,,,,,,,Extiende mas los brazos para formar una plataforma firme. | Flexiona mas las rodillas para estabilizar el centro de gravedad. | Inclina un poco mas el tronco para una mejor recepcion.
2026-04-21T21:01:02.472360,lateral,INCORRECTO,LEFT,45.0,177.2,176.4,,,,,,,,,,Extiende mas los brazos para formar una plataforma firme. | Flexiona mas las rodillas para estabilizar el centro de gravedad. | Inclina un poco mas el tronco para una mejor recepcion.
2026-04-21T21:01:05.626323,lateral,INCORRECTO,LEFT,175.2,177.9,173.3,,,,,,,,,,Flexiona mas las rodillas para estabilizar el centro de gravedad. | Inclina un poco mas el tronco para una mejor recepcion.
2026-04-21T21:01:07.439085,frontal,INCORRECTO,frontal,108.0,158.4,154.5,98.7,117.2,151.3,165.5,0.1334,0.1918,0.033,0.5276,5.2867,Centra el tronco sobre la cadera para mejorar estabilidad. | Alinea la altura de ambas rodillas para una base simetrica.
2026-04-21T21:01:07.870884,frontal,CORRECTO,frontal,101.4,159.5,156.9,125.2,77.5,143.5,175.4,0.058,0.1558,0.0606,0.5177,2.4244,Alinea la altura de ambas rodillas para una base simetrica.
2026-06-18T21:39:18.695043,frontal,INCORRECTO,frontal,102.1,161.1,15.0,107.3,96.8,149.2,173.0,0.4007,0.8445,0.8581,1.2538,3.509,Centra el tronco sobre la cadera para mejorar estabilidad. | Alinea la altura de ambas rodillas para una base simetrica. | Mantén ambas manos a una altura similar al formar la plataforma.
2026-06-18T21:39:19.121994,frontal,INCORRECTO,frontal,96.6,58.0,56.4,101.9,91.3,57.4,58.6,0.2523,0.2798,0.273,0.4644,3.9738,Centra el tronco sobre la cadera para mejorar estabilidad. | Alinea la altura de ambas rodillas para una base simetrica. | Mantén ambas manos a una altura similar al formar la plataforma. | Abre un poco mas la base de apoyo con los tobillos.
2026-06-18T21:39:19.578497,frontal,INCORRECTO,frontal,158.5,178.0,177.2,164.3,152.6,179.2,176.9,0.1507,0.0774,0.3107,0.6554,3.814,Centra el tronco sobre la cadera para mejorar estabilidad. | Mantén ambas manos a una altura similar al formar la plataforma.
2026-06-18T21:39:20.029917,frontal,INCORRECTO,frontal,111.2,57.2,57.5,115.2,107.2,49.7,64.8,0.3824,0.0855,0.0862,0.5369,5.1855,Centra el tronco sobre la cadera para mejorar estabilidad. | Alinea la altura de ambas rodillas para una base simetrica. | Mantén ambas manos a una altura similar al formar la plataforma.
2026-06-18T21:39:20.476237,frontal,INCORRECTO,frontal,116.0,36.9,25.2,136.7,95.3,6.3,67.4,0.3551,0.7204,0.6492,0.8482,6.1701,Centra el tronco sobre la cadera para mejorar estabilidad. | Alinea la altura de ambas rodillas para una base simetrica. | Mantén ambas manos a una altura similar al formar la plataforma.
2026-06-18T21:39:20.919582,frontal,INCORRECTO,frontal,147.0,146.7,0.5,163.9,130.1,166.6,126.8,0.4853,0.469,0.0359,0.3032,8.118,Centra el tronco sobre la cadera para mejorar estabilidad. | Alinea la altura de ambas rodillas para una base simetrica. | Abre un poco mas la base de apoyo con los tobillos.
2026-06-18T21:39:21.378343,frontal,INCORRECTO,frontal,71.7,157.2,12.0,91.1,52.4,139.3,175.1,0.6656,0.6275,0.1928,0.5444,10.2944,Centra el tronco sobre la cadera para mejorar estabilidad. | Alinea la altura de ambas rodillas para una base simetrica. | Mantén ambas manos a una altura similar al formar la plataforma. | Mantén el tronco recto: evita inclinarlo hacia los lados.
2026-06-18T21:39:22.737360,frontal,CORRECTO,frontal,168.8,178.2,175.5,176.2,161.3,178.2,178.2,0.0662,0.0425,0.1899,0.5566,2.003,Mantén ambas manos a una altura similar al formar la plataforma.
2026-06-18T21:39:23.174188,frontal,CORRECTO,frontal,170.6,179.1,175.1,174.0,167.2,179.5,178.7,0.0458,0.0311,0.049,0.5881,1.4349,Tecnica frontal correcta. Mantener alineacion y control postural.
2026-06-18T21:39:23.633239,frontal,CORRECTO,frontal,161.9,179.4,175.1,155.0,168.8,179.4,179.5,0.0505,0.0408,0.2595,0.6031,1.5158,Mantén ambas manos a una altura similar al formar la plataforma.
2026-06-18T21:39:24.078690,frontal,CORRECTO,frontal,171.3,179.2,175.1,169.0,173.7,179.4,178.9,0.0675,0.0496,0.0415,0.6388,2.1154,Tecnica frontal correcta. Mantener alineacion y control postural.
2026-06-18T21:39:24.528589,frontal,CORRECTO,frontal,166.7,179.7,175.6,166.8,166.6,179.7,179.7,0.0734,0.058,0.0723,0.6172,2.2699,Tecnica frontal correcta. Mantener alineacion y control postural.
2026-06-18T21:39:24.986412,frontal,INCORRECTO,frontal,168.0,179.1,175.0,170.8,165.1,179.6,178.5,0.0274,0.139,0.1383,0.6315,0.8884,Alinea la altura de ambas rodillas para una base simetrica. | Mantén ambas manos a una altura similar al formar la plataforma.
2026-06-18T21:39:25.421790,frontal,CORRECTO,frontal,168.8,179.3,175.3,171.9,165.8,179.8,178.7,0.0625,0.061,0.4941,0.5724,2.0222,Mantén ambas manos a una altura similar al formar la plataforma.
2026-06-18T21:39:25.889341,frontal,CORRECTO,frontal,168.8,179.3,175.3,167.6,170.0,179.0,179.5,0.1108,0.0394,0.1261,0.6069,3.5832,Mantén ambas manos a una altura similar al formar la plataforma.
2026-06-18T21:39:26.328305,frontal,CORRECTO,frontal,169.6,179.4,175.4,175.3,163.9,179.0,179.8,0.0531,0.0142,0.0493,0.6338,1.7548,Tecnica frontal correcta. Mantener alineacion y control postural.
2026-06-18T21:39:26.786733,frontal,CORRECTO,frontal,168.4,179.4,175.4,177.1,159.7,178.9,179.8,0.0155,0.0446,0.0605,0.6166,0.5097,Tecnica frontal correcta. Mantener alineacion y control postural.
2026-06-18T21:39:27.235382,frontal,CORRECTO,frontal,166.1,179.0,176.2,175.2,157.1,178.3,179.7,0.0256,0.042,0.5301,0.5753,0.823,Mantén ambas manos a una altura similar al formar la plataforma.
2026-06-18T21:39:27.683258,frontal,CORRECTO,frontal,171.5,179.5,175.1,173.5,169.5,179.0,179.9,0.0242,0.0492,0.163,0.5905,0.7934,Mantén ambas manos a una altura similar al formar la plataforma.
2026-06-18T21:39:28.190358,frontal,CORRECTO,frontal,171.1,179.1,174.9,174.7,167.4,179.2,179.1,0.0371,0.0742,0.1169,0.5906,1.2178,Mantén ambas manos a una altura similar al formar la plataforma.
2026-06-18T21:39:28.608658,frontal,CORRECTO,frontal,171.4,179.6,175.6,178.3,164.4,179.3,179.8,0.0383,0.0313,0.3353,0.5745,1.1841,Mantén ambas manos a una altura similar al formar la plataforma.
2026-06-18T21:39:29.081389,frontal,CORRECTO,frontal,170.5,178.3,174.7,171.9,169.2,177.9,178.7,0.0293,0.0105,0.0824,0.5802,0.9235,Mantén ambas manos a una altura similar al formar la plataforma.
2026-06-18T21:39:29.533374,frontal,INCORRECTO,frontal,166.0,178.4,175.5,174.3,157.7,179.2,177.7,0.0267,0.0932,0.2063,0.5481,0.8177,Alinea la altura de ambas rodillas para una base simetrica. | Mantén ambas manos a una altura similar al formar la plataforma.
2026-06-18T21:39:29.984206,frontal,INCORRECTO,frontal,144.2,178.4,176.3,122.6,165.8,178.9,177.9,0.0604,0.1244,1.1044,0.5312,1.7713,Alinea la altura de ambas rodillas para una base simetrica. | Mantén ambas manos a una altura similar al formar la plataforma.
2026-06-18T21:39:30.418584,frontal,CORRECTO,frontal,174.2,178.0,176.6,176.2,172.2,180.0,176.1,0.0299,0.0844,0.0545,0.6212,0.9142,Alinea la altura de ambas rodillas para una base simetrica.
2026-06-18T21:39:30.902373,frontal,CORRECTO,frontal,110.2,178.5,174.6,44.0,176.3,177.8,179.2,0.0779,0.0695,1.0892,0.5289,2.1316,Mantén ambas manos a una altura similar al formar la plataforma.
2026-06-18T21:39:31.322562,frontal,CORRECTO,frontal,174.7,179.3,175.2,179.9,169.6,179.5,179.1,0.0513,0.1082,0.0456,0.6363,1.6169,Alinea la altura de ambas rodillas para una base simetrica.
2026-06-18T21:39:31.775904,frontal,INCORRECTO,frontal,177.7,177.6,175.5,179.9,175.6,178.1,177.0,0.0452,0.0819,0.0216,0.4719,1.4668,Alinea la altura de ambas rodillas para una base simetrica. | Abre un poco mas la base de apoyo con los tobillos.
2026-06-18T21:39:32.218921,frontal,CORRECTO,frontal,172.2,178.5,171.9,177.8,166.6,179.2,177.8,0.0069,0.0761,0.0966,0.5819,0.2485,Mantén ambas manos a una altura similar al formar la plataforma.
2026-06-18T21:39:32.666632,frontal,CORRECTO,frontal,172.0,179.6,174.8,168.6,175.5,179.5,179.7,0.0449,0.0772,0.1186,0.5432,1.44,Mantén ambas manos a una altura similar al formar la plataforma.
2026-06-18T21:39:33.111207,frontal,CORRECTO,frontal,175.1,179.4,177.3,171.8,178.4,178.9,179.9,0.0375,0.078,0.2068,0.6708,1.0407,Mantén ambas manos a una altura similar al formar la plataforma.
2026-06-18T21:39:33.572799,frontal,CORRECTO,frontal,141.9,179.4,176.6,114.4,169.5,179.9,179.0,0.013,0.025,0.3439,0.6504,0.3503,Mantén ambas manos a una altura similar al formar la plataforma.
2026-06-18T21:39:34.006722,frontal,CORRECTO,frontal,172.9,179.5,177.1,176.9,168.9,179.9,179.2,0.0473,0.0417,0.5147,0.6104,1.2551,Mantén ambas manos a una altura similar al formar la plataforma.
2026-06-18T21:39:34.470385,frontal,INCORRECTO,frontal,170.6,178.6,177.0,165.2,176.1,179.6,177.6,0.0195,0.1788,0.1248,0.587,0.4917,Alinea la altura de ambas rodillas para una base simetrica. | Mantén ambas manos a una altura similar al formar la plataforma.
2026-06-18T21:39:34.900547,frontal,INCORRECTO,frontal,164.7,179.4,177.3,177.4,152.1,179.9,179.0,0.0329,0.1242,0.433,0.6178,0.8613,Alinea la altura de ambas rodillas para una base simetrica. | Mantén ambas manos a una altura similar al formar la plataforma.
2026-06-18T21:39:35.381436,frontal,CORRECTO,frontal,3.0,179.7,177.1,3.2,2.9,179.7,179.6,0.0577,0.0037,0.8512,0.5937,1.654,Mantén ambas manos a una altura similar al formar la plataforma.
2026-06-18T21:39:35.826520,frontal,INCORRECTO,frontal,166.7,178.6,175.7,156.9,176.6,179.4,177.8,0.1246,0.0298,0.8303,0.4709,3.7639,Centra el tronco sobre la cadera para mejorar estabilidad. | Mantén ambas manos a una altura similar al formar la plataforma. | Abre un poco mas la base de apoyo con los tobillos.
2026-06-18T21:39:36.290773,frontal,CORRECTO,frontal,138.4,172.3,169.5,101.6,175.1,171.4,173.1,0.077,0.0708,0.2886,0.7096,2.6336,Mantén ambas manos a una altura similar al formar la plataforma.
2026-06-18T21:39:36.729161,frontal,CORRECTO,frontal,19.9,173.9,170.1,38.1,1.7,176.0,171.7,0.0921,0.0401,0.031,0.5465,3.1465,Tecnica frontal correcta. Mantener alineacion y control postural.
2026-06-18T21:39:37.174742,frontal,INCORRECTO,frontal,76.7,178.1,177.7,108.4,45.0,179.3,176.9,0.2639,0.352,2.0962,1.037,2.4817,Centra el tronco sobre la cadera para mejorar estabilidad. | Alinea la altura de ambas rodillas para una base simetrica. | Mantén ambas manos a una altura similar al formar la plataforma.
2026-06-18T21:39:37.808295,lateral,CORRECTO,RIGHT,179.5,65.7,75.1,,,,,,,,,,"Sube un poco la postura: la flexion de rodilla es muy cerrada. | Endereza un poco el tronco, hay demasiada inclinacion. | Buena ejecucion general. Ajusta detalles para mayor precision."
2026-06-18T21:39:38.089225,lateral,CORRECTO,RIGHT,97.0,35.8,24.2,,,,,,,,,,"Extiende mas los brazos para formar una plataforma firme. | Sube un poco la postura: la flexion de rodilla es muy cerrada. | Endereza un poco el tronco, hay demasiada inclinacion. | Buena ejecucion general. Ajusta detalles para mayor precision."
2026-06-18T21:39:38.521488,lateral,INCORRECTO,RIGHT,161.0,177.8,176.2,,,,,,,,,,Flexiona mas las rodillas para estabilizar el centro de gravedad. | Inclina un poco mas el tronco para una mejor recepcion.
2026-06-18T21:39:38.988627,frontal,INCORRECTO,frontal,165.5,171.6,173.8,167.8,163.1,169.1,174.0,0.0371,0.1565,0.081,0.6353,0.9663,Alinea la altura de ambas rodillas para una base simetrica. | Mantén ambas manos a una altura similar al formar la plataforma.
2026-06-18T21:39:39.422225,frontal,CORRECTO,frontal,165.9,172.1,171.8,167.8,163.9,168.3,175.9,0.0544,0.0047,0.0953,0.5165,1.4361,Mantén ambas manos a una altura similar al formar la plataforma.
2026-06-18T21:39:39.869521,frontal,CORRECTO,frontal,167.7,178.3,174.2,165.8,169.7,177.1,179.5,0.0983,0.0241,0.2134,0.5021,2.8549,Mantén ambas manos a una altura similar al formar la plataforma.
2026-06-18T21:39:40.317743,frontal,INCORRECTO,frontal,175.9,178.2,174.9,176.0,175.9,178.0,178.4,0.1767,0.0896,0.0716,0.5592,4.9107,Centra el tronco sobre la cadera para mejorar estabilidad. | Alinea la altura de ambas rodillas para una base simetrica.
2026-06-18T21:39:40.762418,frontal,INCORRECTO,frontal,175.2,178.4,175.5,175.9,174.5,177.8,178.9,0.138,0.1081,0.0088,0.5574,3.7723,Centra el tronco sobre la cadera para mejorar estabilidad. | Alinea la altura de ambas rodillas para una base simetrica.
2026-06-18T21:39:41.215549,frontal,CORRECTO,frontal,171.8,178.7,176.1,174.5,169.0,178.9,178.5,0.0659,0.0449,0.037,0.533,1.7661,Tecnica frontal correcta. Mantener alineacion y control postural.
2026-06-18T21:39:41.663234,frontal,CORRECTO,frontal,173.8,178.7,176.3,175.8,171.9,177.9,179.5,0.0632,0.1157,0.0297,0.534,1.7481,Alinea la altura de ambas rodillas para una base simetrica.
2026-06-18T21:39:42.117815,frontal,INCORRECTO,frontal,173.7,178.6,175.6,179.4,168.0,177.8,179.3,0.0477,0.0805,0.2136,0.4965,1.3244,Alinea la altura de ambas rodillas para una base simetrica. | Mantén ambas manos a una altura similar al formar la plataforma. | Abre un poco mas la base de apoyo con los tobillos.
2026-06-18T21:39:42.582810,frontal,CORRECTO,frontal,174.9,178.2,174.7,172.3,177.5,176.9,179.5,0.0074,0.055,0.0506,0.5734,0.2073,Tecnica frontal correcta. Mantener alineacion y control postural.
2026-06-18T21:39:43.050168,frontal,CORRECTO,frontal,173.0,178.2,175.1,170.1,175.9,177.7,178.8,0.0023,0.0416,0.0216,0.5638,0.0645,Tecnica frontal correcta. Mantener alineacion y control postural.
2026-06-18T21:39:43.483716,frontal,CORRECTO,frontal,174.5,178.2,174.7,169.8,179.2,178.2,178.2,0.0133,0.0679,0.0671,0.584,0.3787,Tecnica frontal correcta. Mantener alineacion y control postural.
2026-06-18T21:39:43.929590,frontal,CORRECTO,frontal,173.3,178.4,174.8,170.0,176.5,178.0,178.8,0.0114,0.0644,0.0287,0.5746,0.325,Tecnica frontal correcta. Mantener alineacion y control postural.
2026-06-18T21:39:44.389380,frontal,CORRECTO,frontal,173.8,178.8,175.8,169.4,178.3,179.4,178.2,0.0323,0.0523,0.0275,0.5581,0.9213,Tecnica frontal correcta. Mantener alineacion y control postural.
2026-06-18T21:39:44.831256,frontal,CORRECTO,frontal,174.1,178.6,175.3,169.9,178.4,178.1,179.2,0.0187,0.0368,0.0149,0.5518,0.5331,Tecnica frontal correcta. Mantener alineacion y control postural.
2026-06-18T21:39:45.276193,frontal,CORRECTO,frontal,174.8,178.8,175.6,171.4,178.3,178.8,178.7,0.0188,0.0588,0.0047,0.562,0.5303,Tecnica frontal correcta. Mantener alineacion y control postural.
2026-06-18T21:39:45.721673,frontal,CORRECTO,frontal,174.7,178.7,175.7,171.2,178.3,178.8,178.5,0.0179,0.0691,0.0252,0.5605,0.5015,Tecnica frontal correcta. Mantener alineacion y control postural.
2026-06-18T21:39:46.156880,frontal,CORRECTO,frontal,175.5,178.6,175.5,171.8,179.1,178.7,178.4,0.0142,0.0593,0.0251,0.5473,0.4007,Tecnica frontal correcta. Mantener alineacion y control postural.
2026-06-18T21:39:46.606066,frontal,CORRECTO,frontal,175.3,178.7,175.7,171.6,179.1,178.6,178.8,0.0121,0.0576,0.0483,0.5382,0.3363,Tecnica frontal correcta. Mantener alineacion y control postural.
2026-06-18T21:39:47.077516,frontal,CORRECTO,frontal,172.8,178.7,175.6,167.4,178.2,178.4,179.1,0.0079,0.0363,0.0122,0.5358,0.222,Tecnica frontal correcta. Mantener alineacion y control postural.
2026-06-18T21:39:47.507917,frontal,CORRECTO,frontal,172.1,178.8,175.7,167.7,176.5,178.5,179.0,0.0072,0.0354,0.0709,0.5555,0.2019,Tecnica frontal correcta. Mantener alineacion y control postural.
2026-06-18T21:39:47.966028,frontal,CORRECTO,frontal,170.4,178.6,175.8,166.7,174.1,178.9,178.4,0.025,0.0769,0.0968,0.5158,0.7072,Mantén ambas manos a una altura similar al formar la plataforma.
2026-06-18T21:39:48.410441,frontal,CORRECTO,frontal,169.7,178.8,175.7,165.8,173.7,179.3,178.3,0.0154,0.0471,0.0599,0.5034,0.4338,Tecnica frontal correcta. Mantener alineacion y control postural.
2026-06-18T21:39:48.876178,frontal,CORRECTO,frontal,170.3,179.1,175.8,165.0,175.5,179.8,178.5,0.015,0.0462,0.0031,0.5137,0.4264,Tecnica frontal correcta. Mantener alineacion y control postural.
2026-06-18T21:39:49.299545,frontal,CORRECTO,frontal,172.9,179.1,175.7,166.0,179.8,179.5,178.8,0.0109,0.0432,0.0359,0.5245,0.3099,Tecnica frontal correcta. Mantener alineacion y control postural.
2026-06-18T21:39:49.787690,frontal,CORRECTO,frontal,173.4,179.1,175.8,167.4,179.3,179.2,179.0,0.0052,0.0427,0.0447,0.5456,0.1473,Tecnica frontal correcta. Mantener alineacion y control postural.
2026-06-18T21:39:50.244294,frontal,CORRECTO,frontal,168.4,179.6,177.1,164.7,172.0,179.5,179.6,0.0259,0.0443,0.2311,0.5443,0.6998,Mantén ambas manos a una altura similar al formar la plataforma.
2026-06-18T21:39:50.672359,frontal,CORRECTO,frontal,172.0,178.5,175.8,171.3,172.7,179.8,177.1,0.0299,0.0486,0.1764,0.5456,0.8295,Mantén ambas manos a una altura similar al formar la plataforma.
2026-06-18T21:39:51.128423,frontal,CORRECTO,frontal,171.2,178.2,175.4,169.5,172.9,179.0,177.4,0.0145,0.0629,0.042,0.5579,0.4074,Tecnica frontal correcta. Mantener alineacion y control postural.
2026-06-18T21:39:51.574490,frontal,CORRECTO,frontal,138.5,178.4,174.5,135.8,141.3,177.9,178.9,0.0164,0.0417,0.1049,0.5366,0.4771,Mantén ambas manos a una altura similar al formar la plataforma.
2026-06-18T21:39:52.036528,frontal,CORRECTO,frontal,177.0,178.0,174.5,178.5,175.5,177.1,178.9,0.0617,0.0369,0.2038,0.5232,1.805,Mantén ambas manos a una altura similar al formar la plataforma.
2026-06-18T21:39:52.477338,frontal,CORRECTO,frontal,165.0,178.2,174.1,156.8,173.2,177.4,179.0,0.0368,0.0511,0.1135,0.5244,1.0806,Mantén ambas manos a una altura similar al formar la plataforma.
2026-06-18T21:39:52.910794,frontal,CORRECTO,frontal,164.3,176.7,172.7,167.4,161.2,175.0,178.4,0.0068,0.0493,0.0812,0.5424,0.201,Mantén ambas manos a una altura similar al formar la plataforma.
2026-06-18T21:39:53.373889,frontal,CORRECTO,frontal,168.5,177.4,174.1,164.1,172.8,177.3,177.5,0.0088,0.0036,0.3813,0.5321,0.2414,Mantén ambas manos a una altura similar al formar la plataforma.
2026-06-18T21:39:53.817440,frontal,CORRECTO,frontal,161.3,177.4,173.4,163.1,159.4,178.8,176.0,0.0089,0.0209,0.214,0.531,0.2519,Mantén ambas manos a una altura similar al formar la plataforma.
2026-06-18T21:39:54.279541,frontal,CORRECTO,frontal,163.3,177.4,173.3,162.9,163.6,178.4,176.4,0.0103,0.0153,0.0211,0.5403,0.293,Tecnica frontal correcta. Mantener alineacion y control postural.
2026-06-18T21:39:54.705502,frontal,CORRECTO,frontal,160.5,177.8,173.9,161.3,159.7,178.4,177.1,0.0213,0.0262,0.0098,0.5419,0.6152,Tecnica frontal correcta. Mantener alineacion y control postural.
2026-06-18T21:39:55.163740,frontal,CORRECTO,frontal,165.7,177.8,173.7,169.4,162.0,178.0,177.6,0.0231,0.0635,0.0973,0.5653,0.6615,Mantén ambas manos a una altura similar al formar la plataforma.
2026-06-18T21:39:55.606611,frontal,CORRECTO,frontal,172.0,178.1,174.2,176.9,167.1,178.0,178.2,0.0136,0.0728,0.165,0.544,0.3951,Mantén ambas manos a una altura similar al formar la plataforma.
2026-06-18T21:39:56.061974,frontal,CORRECTO,frontal,98.9,178.3,174.2,21.8,176.1,177.4,179.1,0.0167,0.0701,1.6324,0.577,0.4727,Mantén ambas manos a una altura similar al formar la plataforma.
2026-06-18T21:39:56.507308,frontal,INCORRECTO,frontal,101.8,178.2,174.6,25.9,177.6,176.6,179.7,0.0266,0.0895,2.0468,0.5919,0.7205,Alinea la altura de ambas rodillas para una base simetrica. | Mantén ambas manos a una altura similar al formar la plataforma.
2026-06-18T21:39:56.995426,frontal,INCORRECTO,frontal,100.4,177.9,175.1,32.2,168.7,176.0,179.8,0.0923,0.1298,2.2124,0.5967,2.4761,Alinea la altura de ambas rodillas para una base simetrica. | Mantén ambas manos a una altura similar al formar la plataforma.
2026-06-18T21:39:57.434143,frontal,INCORRECTO,frontal,92.8,177.1,175.0,18.3,167.4,175.2,179.0,0.09,0.1424,2.2397,0.6533,2.3294,Alinea la altura de ambas rodillas para una base simetrica. | Mantén ambas manos a una altura similar al formar la plataforma.
2026-06-18T21:39:57.889540,frontal,INCORRECTO,frontal,90.7,178.0,174.9,13.9,167.4,176.1,179.9,0.0699,0.1279,2.0677,0.6242,1.8415,Alinea la altura de ambas rodillas para una base simetrica. | Mantén ambas manos a una altura similar al formar la plataforma.
2026-06-18T21:39:58.331606,frontal,INCORRECTO,frontal,91.3,178.0,174.7,12.4,170.1,177.0,179.0,0.061,0.1124,2.5137,0.616,1.575,Alinea la altura de ambas rodillas para una base simetrica. | Mantén ambas manos a una altura similar al formar la plataforma.
2026-06-18T21:39:58.771467,frontal,INCORRECTO,frontal,85.1,178.0,175.1,0.3,169.9,177.6,178.5,0.063,0.1572,2.8009,0.6141,1.6198,Alinea la altura de ambas rodillas para una base simetrica. | Mantén ambas manos a una altura similar al formar la plataforma.
2026-06-18T21:39:59.222875,frontal,INCORRECTO,frontal,88.4,177.9,174.7,7.8,169.1,177.1,178.8,0.0647,0.1267,2.5867,0.6453,1.6833,Alinea la altura de ambas rodillas para una base simetrica. | Mantén ambas manos a una altura similar al formar la plataforma.
2026-06-18T21:39:59.677286,frontal,INCORRECTO,frontal,88.9,178.1,175.0,6.5,171.3,177.3,178.9,0.0637,0.1333,2.6224,0.6472,1.655,Alinea la altura de ambas rodillas para una base simetrica. | Mantén ambas manos a una altura similar al formar la plataforma.
2026-06-18T21:40:00.127513,frontal,INCORRECTO,frontal,86.5,178.2,174.7,2.4,170.7,177.8,178.6,0.0349,0.1198,2.3899,0.6356,0.917,Alinea la altura de ambas rodillas para una base simetrica. | Mantén ambas manos a una altura similar al formar la plataforma.
2026-06-18T21:40:00.560404,frontal,INCORRECTO,frontal,103.7,178.0,174.2,62.5,145.0,177.1,178.9,0.0178,0.1067,0.4951,0.5975,0.473,Alinea la altura de ambas rodillas para una base simetrica. | Mantén ambas manos a una altura similar al formar la plataforma.
2026-06-18T21:40:01.011724,frontal,CORRECTO,frontal,147.4,177.7,174.3,140.1,154.8,176.2,179.2,0.0241,0.0773,0.2175,0.5751,0.6587,Mantén ambas manos a una altura similar al formar la plataforma.
2026-06-18T21:40:01.460786,frontal,CORRECTO,frontal,153.6,177.8,173.8,173.2,133.9,176.6,178.9,0.0024,0.0799,0.0523,0.5938,0.0684,Tecnica frontal correcta. Mantener alineacion y control postural.
2026-06-18T21:40:01.914245,frontal,CORRECTO,frontal,149.9,177.6,173.5,167.5,132.2,176.6,178.6,0.0038,0.0542,0.0602,0.596,0.1084,Tecnica frontal correcta. Mantener alineacion y control postural.
2026-06-18T21:40:02.366703,frontal,INCORRECTO,frontal,143.4,177.9,173.9,156.5,130.3,176.0,179.8,0.0039,0.1078,0.1213,0.6034,0.1104,Alinea la altura de ambas rodillas para una base simetrica. | Mantén ambas manos a una altura similar al formar la plataforma.
2026-06-18T21:40:02.814033,frontal,CORRECTO,frontal,126.5,177.5,174.2,148.7,104.3,178.2,176.8,0.0364,0.0203,0.0887,0.6462,0.9742,Mantén ambas manos a una altura similar al formar la plataforma.
2026-06-18T21:40:03.268554,frontal,CORRECTO,frontal,143.7,177.7,174.4,170.5,116.8,177.5,177.8,0.0863,0.0234,0.0127,0.619,2.2281,Tecnica frontal correcta. Mantener alineacion y control postural.
2026-06-18T21:40:03.717634,frontal,CORRECTO,frontal,146.6,178.0,174.2,169.1,124.1,178.2,177.9,0.1007,0.0967,0.0039,0.601,2.5495,Alinea la altura de ambas rodillas para una base simetrica.
2026-06-18T21:40:04.195636,frontal,INCORRECTO,frontal,150.8,175.0,171.1,169.4,132.2,175.2,174.7,0.075,0.3219,0.0877,0.7176,1.8487,Alinea la altura de ambas rodillas para una base simetrica. | Mantén ambas manos a una altura similar al formar la plataforma.
2026-06-18T21:40:04.624316,frontal,INCORRECTO,frontal,155.7,172.3,169.4,179.6,131.8,172.7,171.9,0.0424,0.4205,0.0911,0.7847,1.1077,Alinea la altura de ambas rodillas para una base simetrica. | Mantén ambas manos a una altura similar al formar la plataforma.
2026-06-18T21:40:05.073821,frontal,CORRECTO,frontal,154.7,178.8,174.4,173.3,136.2,178.1,179.6,0.0004,0.1379,0.0363,0.6841,0.0114,Alinea la altura de ambas rodillas para una base simetrica.
2026-06-18T21:40:05.526158,frontal,INCORRECTO,frontal,153.2,178.6,174.3,172.1,134.2,178.7,178.6,0.0159,0.1231,0.0858,0.6003,0.4337,Alinea la altura de ambas rodillas para una base simetrica. | Mantén ambas manos a una altura similar al formar la plataforma.
2026-06-18T21:40:05.980980,frontal,CORRECTO,frontal,151.8,178.5,174.2,171.8,131.7,179.1,178.0,0.0233,0.1235,0.0304,0.5847,0.6472,Alinea la altura de ambas rodillas para una base simetrica.
2026-06-18T21:40:06.436454,frontal,CORRECTO,frontal,151.7,178.5,173.7,170.8,132.6,179.4,177.7,0.0207,0.1252,0.0374,0.6094,0.5816,Alinea la altura de ambas rodillas para una base simetrica.
2026-06-18T21:40:06.883640,frontal,CORRECTO,frontal,153.8,178.3,174.1,176.0,131.5,179.0,177.6,0.0191,0.1091,0.0477,0.5701,0.5271,Alinea la altura de ambas rodillas para una base simetrica.
2026-06-18T21:40:07.334734,frontal,CORRECTO,frontal,152.5,178.2,174.0,172.7,132.2,178.8,177.5,0.0243,0.059,0.0283,0.5684,0.6673,Tecnica frontal correcta. Mantener alineacion y control postural.
2026-06-18T21:40:07.781524,frontal,CORRECTO,frontal,151.5,178.5,174.3,172.4,130.6,179.6,177.5,0.0326,0.0617,0.0116,0.5798,0.8958,Tecnica frontal correcta. Mantener alineacion y control postural.
2026-06-18T21:40:08.215227,frontal,CORRECTO,frontal,153.6,178.3,173.9,174.2,132.9,179.1,177.6,0.0236,0.0654,0.0093,0.5878,0.6561,Tecnica frontal correcta. Mantener alineacion y control postural.
2026-06-18T21:40:08.663758,frontal,CORRECTO,frontal,148.8,178.3,173.7,166.0,131.6,179.2,177.4,0.0242,0.1335,0.0307,0.5838,0.6773,Alinea la altura de ambas rodillas para una base simetrica.
2026-06-18T21:40:09.108864,frontal,INCORRECTO,frontal,154.0,178.4,173.8,172.7,135.4,178.9,178.0,0.022,0.0936,0.103,0.5932,0.6158,Alinea la altura de ambas rodillas para una base simetrica. | Mantén ambas manos a una altura similar al formar la plataforma.
2026-06-18T21:40:09.562999,frontal,CORRECTO,frontal,154.8,178.8,174.1,170.5,139.1,178.3,179.4,0.049,0.1386,0.0558,0.596,1.3978,Alinea la altura de ambas rodillas para una base simetrica.
2026-06-18T21:40:10.004228,frontal,CORRECTO,frontal,151.9,178.9,174.7,167.9,135.9,179.1,178.8,0.0497,0.15,0.0595,0.6009,1.3512,Alinea la altura de ambas rodillas para una base simetrica.
2026-06-18T21:40:10.457197,frontal,CORRECTO,frontal,153.2,177.9,173.6,167.1,139.2,177.2,178.5,0.0409,0.2589,0.0658,0.7465,1.1532,Alinea la altura de ambas rodillas para una base simetrica.
2026-06-18T21:40:10.908179,frontal,INCORRECTO,frontal,154.6,179.9,174.8,169.7,139.5,179.8,179.9,0.0425,0.2184,0.107,0.6752,1.1652,Alinea la altura de ambas rodillas para una base simetrica. | Mantén ambas manos a una altura similar al formar la plataforma.
2026-06-18T21:40:11.384688,frontal,INCORRECTO,frontal,150.4,178.8,174.2,165.4,135.5,178.7,179.0,0.0291,0.1865,0.1044,0.6749,0.8223,Alinea la altura de ambas rodillas para una base simetrica. | Mantén ambas manos a una altura similar al formar la plataforma.
2026-06-18T21:40:11.842688,frontal,CORRECTO,frontal,149.3,176.0,174.4,163.4,135.3,176.2,175.8,0.0657,0.3478,0.0622,0.725,1.8606,Alinea la altura de ambas rodillas para una base simetrica.
2026-06-18T21:40:12.279991,frontal,CORRECTO,frontal,153.0,174.7,173.9,165.9,140.2,174.8,174.7,0.0516,0.3649,0.0514,0.7787,1.4891,Alinea la altura de ambas rodillas para una base simetrica.
2026-06-18T21:40:12.737546,frontal,CORRECTO,frontal,151.6,178.6,174.3,166.6,136.7,178.9,178.3,0.0423,0.2471,0.0133,0.7264,1.2093,Alinea la altura de ambas rodillas para una base simetrica.
2026-06-18T21:40:13.181515,frontal,CORRECTO,frontal,150.3,179.5,174.5,165.6,135.0,179.4,179.5,0.0415,0.1304,0.0532,0.6188,1.1766,Alinea la altura de ambas rodillas para una base simetrica.
2026-06-18T21:40:13.624252,frontal,CORRECTO,frontal,148.1,179.5,174.5,164.3,131.8,179.1,179.8,0.047,0.1643,0.0529,0.6419,1.3218,Alinea la altura de ambas rodillas para una base simetrica.
2026-06-18T21:40:14.076513,frontal,INCORRECTO,frontal,147.1,179.7,174.4,164.0,130.2,179.7,179.6,0.0494,0.1607,0.1007,0.6868,1.423,Alinea la altura de ambas rodillas para una base simetrica. | Mantén ambas manos a una altura similar al formar la plataforma.
2026-06-18T21:40:14.516872,frontal,INCORRECTO,frontal,147.8,173.5,174.1,165.7,129.8,174.3,172.6,0.024,0.2461,0.1065,0.726,0.7036,Alinea la altura de ambas rodillas para una base simetrica. | Mantén ambas manos a una altura similar al formar la plataforma.
2026-06-18T21:40:14.973699,frontal,INCORRECTO,frontal,146.7,178.6,174.7,166.0,127.4,178.5,178.7,0.0592,0.1448,0.0931,0.6357,1.7102,Alinea la altura de ambas rodillas para una base simetrica. | Mantén ambas manos a una altura similar al formar la plataforma.
2026-06-18T21:40:15.405293,frontal,CORRECTO,frontal,169.4,146.0,148.6,163.3,175.5,130.7,161.2,0.0704,0.036,0.2833,0.6187,2.1353,Mantén ambas manos a una altura similar al formar la plataforma.
2026-06-18T21:40:15.856898,frontal,INCORRECTO,frontal,171.8,174.1,174.3,169.5,174.0,172.2,175.9,0.0076,0.0208,0.0858,0.4732,0.2204,Mantén ambas manos a una altura similar al formar la plataforma. | Abre un poco mas la base de apoyo con los tobillos.
2026-06-18T21:40:16.330533,frontal,CORRECTO,frontal,171.3,177.7,175.5,166.7,175.9,177.3,178.1,0.0391,0.0045,0.0153,0.4322,1.145,Abre un poco mas la base de apoyo con los tobillos.
2026-06-18T21:40:16.777344,frontal,CORRECTO,frontal,171.9,178.9,174.1,175.4,168.4,177.9,179.9,0.02,0.0538,0.0309,0.5197,0.5682,Tecnica frontal correcta. Mantener alineacion y control postural.
2026-06-18T21:40:17.216198,frontal,INCORRECTO,frontal,173.8,178.8,174.0,169.2,178.4,178.7,179.0,0.0811,0.0083,0.2192,0.4708,2.3615,Mantén ambas manos a una altura similar al formar la plataforma. | Abre un poco mas la base de apoyo con los tobillos.
2026-06-18T21:40:17.663256,frontal,INCORRECTO,frontal,173.9,177.0,173.0,176.9,170.8,174.7,179.3,0.1747,0.0062,0.3564,0.4263,5.6078,Centra el tronco sobre la cadera para mejorar estabilidad. | Mantén ambas manos a una altura similar al formar la plataforma. | Abre un poco mas la base de apoyo con los tobillos.
2026-06-18T21:40:18.114006,frontal,INCORRECTO,frontal,175.3,177.2,172.4,176.2,174.4,174.9,179.5,0.3317,0.1591,0.7108,0.4974,10.7274,Centra el tronco sobre la cadera para mejorar estabilidad. | Alinea la altura de ambas rodillas para una base simetrica. | Mantén ambas manos a una altura similar al formar la plataforma. | Abre un poco mas la base de apoyo con los tobillos. | Mantén el tronco recto: evita inclinarlo hacia los lados.
2026-06-18T21:40:18.583238,frontal,INCORRECTO,frontal,171.5,171.2,172.5,171.0,171.9,168.3,174.2,0.2894,0.0523,0.4234,0.3553,10.9708,Centra el tronco sobre la cadera para mejorar estabilidad. | Mantén ambas manos a una altura similar al formar la plataforma. | Abre un poco mas la base de apoyo con los tobillos. | Mantén el tronco recto: evita inclinarlo hacia los lados.
2026-06-18T21:40:19.033230,frontal,INCORRECTO,frontal,167.9,174.7,173.4,159.6,176.1,172.4,176.9,0.2464,0.0181,0.2876,0.3975,8.7244,Centra el tronco sobre la cadera para mejorar estabilidad. | Mantén ambas manos a una altura similar al formar la plataforma. | Abre un poco mas la base de apoyo con los tobillos.
2026-06-18T21:40:19.478172,frontal,INCORRECTO,frontal,170.4,172.7,172.0,169.7,171.1,166.7,178.7,0.2278,0.1427,0.8107,0.3777,8.3358,Centra el tronco sobre la cadera para mejorar estabilidad. | Alinea la altura de ambas rodillas para una base simetrica. | Mantén ambas manos a una altura similar al formar la plataforma. | Abre un poco mas la base de apoyo con los tobillos.
2026-06-18T21:40:19.943325,frontal,INCORRECTO,frontal,170.4,174.8,171.4,171.1,169.6,171.2,178.4,0.1543,0.158,0.5475,0.5275,5.3419,Centra el tronco sobre la cadera para mejorar estabilidad. | Alinea la altura de ambas rodillas para una base simetrica. | Mantén ambas manos a una altura similar al formar la plataforma.
2026-06-18T21:40:20.374953,frontal,INCORRECTO,frontal,172.7,174.7,170.7,166.3,179.1,169.9,179.4,0.1489,0.1001,0.3495,0.3711,5.8242,Centra el tronco sobre la cadera para mejorar estabilidad. | Alinea la altura de ambas rodillas para una base simetrica. | Mantén ambas manos a una altura similar al formar la plataforma. | Abre un poco mas la base de apoyo con los tobillos.
2026-06-18T21:40:22.194694,frontal,INCORRECTO,frontal,76.0,178.0,174.3,12.2,139.9,178.7,177.2,0.3451,0.2188,1.9163,0.6311,9.8388,Centra el tronco sobre la cadera para mejorar estabilidad. | Alinea la altura de ambas rodillas para una base simetrica. | Mantén ambas manos a una altura similar al formar la plataforma.
2026-06-18T21:40:22.616008,frontal,INCORRECTO,frontal,89.2,178.4,175.4,8.2,170.3,177.2,179.7,0.2149,0.1928,2.0981,0.6384,6.0213,Centra el tronco sobre la cadera para mejorar estabilidad. | Alinea la altura de ambas rodillas para una base simetrica. | Mantén ambas manos a una altura similar al formar la plataforma.
2026-06-18T21:40:23.070526,frontal,INCORRECTO,frontal,155.9,178.5,175.5,145.4,166.3,178.9,178.1,0.1166,0.1479,0.6999,0.6194,3.7579,Alinea la altura de ambas rodillas para una base simetrica. | Mantén ambas manos a una altura similar al formar la plataforma.
2026-06-18T21:40:23.489574,frontal,CORRECTO,frontal,99.0,174.5,173.5,26.5,171.5,175.0,173.9,0.1004,0.0244,2.4051,0.559,3.0991,Mantén ambas manos a una altura similar al formar la plataforma.
2026-06-18T21:40:23.926186,frontal,CORRECTO,frontal,165.2,179.5,175.2,164.8,165.6,179.1,179.9,0.0702,0.0603,0.1501,0.6332,2.3077,Mantén ambas manos a una altura similar al formar la plataforma.
2026-06-18T21:40:24.408600,frontal,CORRECTO,frontal,170.0,179.3,175.3,175.9,164.1,178.7,180.0,0.0212,0.0378,0.1129,0.5881,0.6867,Mantén ambas manos a una altura similar al formar la plataforma.
2026-06-18T21:40:24.843174,frontal,CORRECTO,frontal,167.2,179.5,175.1,172.3,162.0,179.0,179.9,0.0488,0.0543,0.0983,0.5785,1.5754,Mantén ambas manos a una altura similar al formar la plataforma.
2026-06-18T21:40:25.288325,frontal,CORRECTO,frontal,167.7,179.5,174.5,171.1,164.3,179.8,179.1,0.067,0.0482,0.1412,0.5515,2.1528,Mantén ambas manos a una altura similar al formar la plataforma.
2026-06-18T21:40:25.720893,frontal,CORRECTO,frontal,165.2,179.1,174.2,169.8,160.6,178.9,179.3,0.0574,0.069,0.1316,0.5608,1.8325,Mantén ambas manos a una altura similar al formar la plataforma.
2026-06-18T21:40:26.183050,frontal,CORRECTO,frontal,165.2,179.3,174.4,168.4,162.0,179.4,179.1,0.0642,0.0602,0.229,0.5509,2.0872,Mantén ambas manos a una altura similar al formar la plataforma.
2026-06-18T21:40:26.633429,frontal,CORRECTO,frontal,164.1,179.2,174.7,167.9,160.2,179.1,179.4,0.0725,0.0471,0.1286,0.5666,2.3471,Mantén ambas manos a una altura similar al formar la plataforma.
2026-06-18T21:40:27.075794,frontal,INCORRECTO,frontal,167.7,179.5,174.8,174.8,160.7,179.1,179.9,0.0746,0.084,0.2067,0.5822,2.3939,Alinea la altura de ambas rodillas para una base simetrica. | Mantén ambas manos a una altura similar al formar la plataforma.
2026-06-18T21:40:27.549307,frontal,INCORRECTO,frontal,167.4,179.6,174.4,171.6,163.2,179.7,179.5,0.0607,0.0921,0.1599,0.5845,1.9266,Alinea la altura de ambas rodillas para una base simetrica. | Mantén ambas manos a una altura similar al formar la plataforma.
2026-06-18T21:40:27.979718,frontal,INCORRECTO,frontal,162.6,177.7,173.8,162.5,162.7,178.9,176.5,0.0766,0.0811,0.7056,0.5453,2.471,Alinea la altura de ambas rodillas para una base simetrica. | Mantén ambas manos a una altura similar al formar la plataforma.
2026-06-18T21:40:28.425732,frontal,CORRECTO,frontal,166.1,178.8,174.0,169.8,162.5,179.5,178.2,0.0732,0.0741,0.1442,0.5621,2.3549,Mantén ambas manos a una altura similar al formar la plataforma.
2026-06-18T21:40:28.874753,frontal,INCORRECTO,frontal,157.4,178.0,174.4,151.7,163.2,179.1,176.9,0.0948,0.1201,0.8837,0.5538,3.0407,Alinea la altura de ambas rodillas para una base simetrica. | Mantén ambas manos a una altura similar al formar la plataforma.
2026-06-18T21:40:29.333697,frontal,INCORRECTO,frontal,165.2,179.3,174.5,168.8,161.6,179.3,179.3,0.0683,0.0801,0.1396,0.5758,2.1948,Alinea la altura de ambas rodillas para una base simetrica. | Mantén ambas manos a una altura similar al formar la plataforma.
2026-06-18T21:40:29.768963,frontal,CORRECTO,frontal,166.5,177.3,174.0,167.8,165.3,179.8,174.8,0.0901,0.0347,0.3922,0.5408,2.8538,Mantén ambas manos a una altura similar al formar la plataforma.
2026-06-18T21:40:30.230586,frontal,CORRECTO,frontal,164.5,178.6,174.7,169.8,159.1,179.5,177.7,0.0312,0.0208,0.1505,0.5797,0.9968,Mantén ambas manos a una altura similar al formar la plataforma.
2026-06-18T21:40:30.679775,frontal,CORRECTO,frontal,173.0,178.2,175.8,178.6,167.4,177.8,178.5,0.0128,0.0259,0.0276,0.5834,0.3913,Tecnica frontal correcta. Mantener alineacion y control postural.
2026-06-18T21:40:31.125691,frontal,CORRECTO,frontal,169.7,179.7,175.9,176.0,163.5,179.8,179.5,0.0146,0.0139,0.1194,0.5551,0.4458,Mantén ambas manos a una altura similar al formar la plataforma.
2026-06-18T21:40:31.572190,frontal,INCORRECTO,frontal,163.5,178.0,176.3,170.3,156.8,178.3,177.6,0.0698,0.0879,0.9214,0.5927,1.995,Alinea la altura de ambas rodillas para una base simetrica. | Mantén ambas manos a una altura similar al formar la plataforma.
2026-06-18T21:40:32.028430,frontal,INCORRECTO,frontal,81.4,177.0,176.8,1.0,161.8,177.5,176.4,0.0825,0.1663,1.8733,0.644,2.2416,Alinea la altura de ambas rodillas para una base simetrica. | Mantén ambas manos a una altura similar al formar la plataforma.
2026-06-18T21:40:32.480651,frontal,INCORRECTO,frontal,169.4,177.9,175.8,176.3,162.5,178.6,177.2,0.0045,0.0821,0.6392,0.6355,0.1372,Alinea la altura de ambas rodillas para una base simetrica. | Mantén ambas manos a una altura similar al formar la plataforma.
2026-06-18T21:40:32.931791,frontal,CORRECTO,frontal,49.3,177.2,176.4,5.0,93.6,177.3,177.0,0.0373,0.0068,1.2155,0.5731,1.039,Mantén ambas manos a una altura similar al formar la plataforma.
2026-06-18T21:40:33.386037,frontal,INCORRECTO,frontal,129.3,119.5,97.5,128.9,129.7,97.8,141.3,0.125,0.6071,0.564,0.8065,1.8613,Centra el tronco sobre la cadera para mejorar estabilidad. | Alinea la altura de ambas rodillas para una base simetrica. | Mantén ambas manos a una altura similar al formar la plataforma.
2026-06-18T21:40:33.819231,frontal,INCORRECTO,frontal,108.8,101.2,55.5,100.1,117.6,130.4,72.1,0.1853,0.3906,0.2277,0.3716,3.5008,Centra el tronco sobre la cadera para mejorar estabilidad. | Alinea la altura de ambas rodillas para una base simetrica. | Mantén ambas manos a una altura similar al formar la plataforma. | Abre un poco mas la base de apoyo con los tobillos.
2026-06-18T21:40:34.272710,frontal,CORRECTO,frontal,87.3,177.7,174.4,6.6,167.9,178.5,176.8,0.0914,0.0261,1.7777,0.5419,3.1931,Mantén ambas manos a una altura similar al formar la plataforma.
2026-06-18T21:40:34.722273,frontal,CORRECTO,frontal,87.1,177.8,173.2,8.4,165.9,176.3,179.3,0.0696,0.035,1.877,0.565,2.4172,Mantén ambas manos a una altura similar al formar la plataforma.
2026-06-18T21:40:35.176201,frontal,CORRECTO,frontal,86.7,177.9,176.5,14.8,158.7,178.5,177.3,0.0005,0.0179,1.516,0.5919,0.0161,Mantén ambas manos a una altura similar al formar la plataforma.
2026-06-18T21:40:35.627634,frontal,INCORRECTO,frontal,80.9,177.3,176.3,14.2,147.7,177.5,177.2,0.0303,0.0954,1.5914,0.6095,0.8701,Alinea la altura de ambas rodillas para una base simetrica. | Mantén ambas manos a una altura similar al formar la plataforma.
2026-06-18T21:40:36.085393,frontal,CORRECTO,frontal,5.6,178.9,175.9,9.4,1.8,179.2,178.7,0.0936,0.0074,1.1272,0.5999,2.6724,Mantén ambas manos a una altura similar al formar la plataforma.
2026-06-18T21:40:36.531551,frontal,CORRECTO,frontal,54.9,178.2,175.3,9.3,100.4,178.0,178.4,0.0791,0.0462,1.366,0.5786,2.4822,Mantén ambas manos a una altura similar al formar la plataforma.
2026-06-18T21:40:36.976519,frontal,INCORRECTO,frontal,172.5,178.6,175.9,179.9,165.2,179.4,177.9,0.086,0.0931,0.56,0.598,2.5462,Alinea la altura de ambas rodillas para una base simetrica. | Mantén ambas manos a una altura similar al formar la plataforma.
2026-06-18T21:40:37.424641,frontal,CORRECTO,frontal,168.9,179.8,176.1,176.1,161.7,179.8,179.8,0.0959,0.0364,0.2417,0.6157,2.7354,Mantén ambas manos a una altura similar al formar la plataforma.
2026-06-18T21:40:37.879274,frontal,INCORRECTO,frontal,169.6,178.5,175.7,176.8,162.4,179.0,178.1,0.1066,0.1191,0.2442,0.6236,3.1508,Alinea la altura de ambas rodillas para una base simetrica. | Mantén ambas manos a una altura similar al formar la plataforma.
2026-06-18T21:40:38.329895,frontal,INCORRECTO,frontal,165.4,178.4,175.7,168.7,162.0,179.1,177.7,0.1125,0.1026,0.3224,0.6255,3.4347,Alinea la altura de ambas rodillas para una base simetrica. | Mantén ambas manos a una altura similar al formar la plataforma.
2026-06-18T21:40:38.775036,frontal,INCORRECTO,frontal,166.0,178.7,175.2,172.4,159.7,179.1,178.3,0.0938,0.0956,0.3952,0.5796,2.8751,Alinea la altura de ambas rodillas para una base simetrica. | Mantén ambas manos a una altura similar al formar la plataforma.
2026-06-18T21:40:39.298816,frontal,CORRECTO,frontal,166.0,177.9,175.5,175.1,156.8,178.7,177.0,0.0808,0.0796,0.2571,0.602,2.5108,Mantén ambas manos a una altura similar al formar la plataforma.
2026-06-18T21:40:39.774949,frontal,CORRECTO,frontal,166.8,177.4,175.4,176.3,157.3,178.1,176.7,0.0404,0.0591,0.0103,0.6253,1.2424,Tecnica frontal correcta. Mantener alineacion y control postural.
2026-06-18T21:40:40.163348,frontal,CORRECTO,frontal,165.1,178.0,175.5,174.4,155.7,178.7,177.3,0.0443,0.0387,0.0848,0.5823,1.3891,Mantén ambas manos a una altura similar al formar la plataforma.
2026-06-18T21:40:40.618195,frontal,CORRECTO,frontal,167.0,178.1,174.9,176.3,157.7,178.4,177.7,0.0369,0.0402,0.0041,0.5689,1.1756,Tecnica frontal correcta. Mantener alineacion y control postural.
2026-06-18T21:40:41.059557,frontal,CORRECTO,frontal,163.0,179.5,174.5,167.6,158.5,179.6,179.4,0.0462,0.0252,0.0323,0.548,1.5161,Tecnica frontal correcta. Mantener alineacion y control postural.
2026-06-18T21:40:41.489278,frontal,INCORRECTO,frontal,169.0,179.1,175.3,173.6,164.3,179.6,178.6,0.0454,0.087,0.4094,0.5867,1.4173,Alinea la altura de ambas rodillas para una base simetrica. | Mantén ambas manos a una altura similar al formar la plataforma.
2026-06-18T21:40:41.954347,frontal,CORRECTO,frontal,170.1,179.2,175.1,177.2,162.9,179.8,178.5,0.0027,0.0684,0.2498,0.5622,0.0872,Mantén ambas manos a una altura similar al formar la plataforma.
2026-06-18T21:40:42.410134,frontal,INCORRECTO,frontal,168.1,178.1,175.5,172.3,163.9,179.1,177.0,0.0389,0.1087,0.8767,0.5593,1.1604,Alinea la altura de ambas rodillas para una base simetrica. | Mantén ambas manos a una altura similar al formar la plataforma.
2026-06-18T21:40:42.855476,frontal,INCORRECTO,frontal,87.4,177.2,175.3,8.9,166.0,178.4,176.0,0.0217,0.1047,1.8601,0.5592,0.6828,Alinea la altura de ambas rodillas para una base simetrica. | Mantén ambas manos a una altura similar al formar la plataforma.
2026-06-18T21:40:43.306876,frontal,CORRECTO,frontal,92.7,177.5,177.2,22.6,162.8,178.8,176.2,0.0022,0.0225,1.9878,0.5963,0.0585,Mantén ambas manos a una altura similar al formar la plataforma.
2026-06-18T21:40:43.760422,frontal,INCORRECTO,frontal,27.1,177.6,178.4,28.0,26.2,175.1,180.0,0.0235,0.313,0.7866,0.766,0.6375,Alinea la altura de ambas rodillas para una base simetrica. | Mantén ambas manos a una altura similar al formar la plataforma.
2026-06-18T21:40:44.212557,frontal,INCORRECTO,frontal,134.6,178.3,176.0,99.3,169.9,178.2,178.4,0.0213,0.0732,1.0053,0.4647,0.6268,Mantén ambas manos a una altura similar al formar la plataforma. | Abre un poco mas la base de apoyo con los tobillos.
2026-06-18T21:40:44.654012,frontal,INCORRECTO,frontal,33.7,177.9,175.5,41.2,26.2,179.2,176.5,0.0011,0.1992,0.3366,0.6152,0.0336,Alinea la altura de ambas rodillas para una base simetrica. | Mantén ambas manos a una altura similar al formar la plataforma.
2026-06-18T21:40:45.105860,frontal,CORRECTO,frontal,130.8,176.6,174.9,93.0,168.6,175.3,177.9,0.0,0.0047,1.097,0.5184,0.0002,Mantén ambas manos a una altura similar al formar la plataforma.
2026-06-18T21:40:45.543219,frontal,INCORRECTO,frontal,86.0,174.9,175.9,9.7,162.2,174.9,174.9,0.0002,0.09,2.3249,0.5858,0.0043,Alinea la altura de ambas rodillas para una base simetrica. | Mantén ambas manos a una altura similar al formar la plataforma.
2026-06-18T21:40:46.005451,frontal,CORRECTO,frontal,100.3,166.6,176.6,42.5,158.1,168.2,165.0,0.016,0.0591,1.482,0.5154,0.4261,Mantén ambas manos a una altura similar al formar la plataforma.
2026-06-18T21:40:46.448954,frontal,CORRECTO,frontal,116.7,176.7,174.9,68.1,165.4,176.9,176.5,0.0403,0.046,1.3152,0.5658,1.2331,Mantén ambas manos a una altura similar al formar la plataforma.
2026-06-18T21:40:46.911019,frontal,CORRECTO,frontal,102.3,178.6,175.2,37.2,167.4,179.0,178.1,0.0776,0.0658,1.686,0.5968,2.4132,Mantén ambas manos a una altura similar al formar la plataforma.
2026-06-18T21:40:47.361394,frontal,CORRECTO,frontal,168.8,179.2,173.5,172.6,165.1,179.9,178.4,0.0165,0.0597,0.246,0.5462,0.5945,Mantén ambas manos a una altura similar al formar la plataforma.
2026-06-18T21:40:47.978776,frontal,CORRECTO,frontal,96.3,179.4,175.2,22.9,169.7,179.7,179.1,0.0441,0.0341,1.4172,0.5539,1.3769,Mantén ambas manos a una altura similar al formar la plataforma.
2026-06-18T21:40:48.243377,frontal,CORRECTO,frontal,172.8,179.4,175.7,178.3,167.3,179.8,179.1,0.0587,0.0484,0.4422,0.5796,1.8139,Mantén ambas manos a una altura similar al formar la plataforma.
2026-06-18T21:40:50.053604,lateral,INCORRECTO,RIGHT,171.1,175.7,176.6,,,,,,,,,,Flexiona mas las rodillas para estabilizar el centro de gravedad. | Inclina un poco mas el tronco para una mejor recepcion.
2026-06-18T21:40:50.489960,lateral,INCORRECTO,RIGHT,155.7,176.4,176.6,,,,,,,,,,Flexiona mas las rodillas para estabilizar el centro de gravedad. | Inclina un poco mas el tronco para una mejor recepcion.
2026-06-18T21:40:50.937384,lateral,INCORRECTO,RIGHT,171.5,178.6,176.1,,,,,,,,,,Flexiona mas las rodillas para estabilizar el centro de gravedad. | Inclina un poco mas el tronco para una mejor recepcion.
2026-06-18T21:40:51.386916,lateral,INCORRECTO,LEFT,34.4,135.1,136.3,,,,,,,,,,Extiende mas los brazos para formar una plataforma firme. | Flexiona mas las rodillas para estabilizar el centro de gravedad.
2026-06-18T21:40:51.823840,lateral,CORRECTO,LEFT,157.7,116.5,128.6,,,,,,,,,,Tecnica correcta. Mantener postura y sincronizacion.
2026-06-18T21:40:52.274512,lateral,CORRECTO,LEFT,158.0,43.2,5.5,,,,,,,,,,"Sube un poco la postura: la flexion de rodilla es muy cerrada. | Endereza un poco el tronco, hay demasiada inclinacion. | Buena ejecucion general. Ajusta detalles para mayor precision."
2026-06-18T21:40:52.737303,lateral,CORRECTO,LEFT,151.7,49.4,12.5,,,,,,,,,,"Sube un poco la postura: la flexion de rodilla es muy cerrada. | Endereza un poco el tronco, hay demasiada inclinacion. | Buena ejecucion general. Ajusta detalles para mayor precision."
2026-06-18T21:40:53.187169,lateral,INCORRECTO,LEFT,150.8,164.1,179.9,,,,,,,,,,Flexiona mas las rodillas para estabilizar el centro de gravedad. | Inclina un poco mas el tronco para una mejor recepcion.
2026-06-18T21:40:53.636166,lateral,CORRECTO,LEFT,165.9,30.8,1.5,,,,,,,,,,"Sube un poco la postura: la flexion de rodilla es muy cerrada. | Endereza un poco el tronco, hay demasiada inclinacion. | Buena ejecucion general. Ajusta detalles para mayor precision."
2026-06-18T21:40:54.085217,lateral,CORRECTO,LEFT,169.0,91.6,73.2,,,,,,,,,,"Endereza un poco el tronco, hay demasiada inclinacion. | Buena ejecucion general. Ajusta detalles para mayor precision."
2026-06-18T21:40:54.538805,lateral,CORRECTO,LEFT,156.4,29.4,5.3,,,,,,,,,,"Sube un poco la postura: la flexion de rodilla es muy cerrada. | Endereza un poco el tronco, hay demasiada inclinacion. | Buena ejecucion general. Ajusta detalles para mayor precision."
2026-06-18T21:40:54.988711,lateral,CORRECTO,LEFT,158.1,45.0,4.0,,,,,,,,,,"Sube un poco la postura: la flexion de rodilla es muy cerrada. | Endereza un poco el tronco, hay demasiada inclinacion. | Buena ejecucion general. Ajusta detalles para mayor precision."
2026-06-18T21:40:55.435816,lateral,CORRECTO,LEFT,165.4,36.6,18.1,,,,,,,,,,"Sube un poco la postura: la flexion de rodilla es muy cerrada. | Endereza un poco el tronco, hay demasiada inclinacion. | Buena ejecucion general. Ajusta detalles para mayor precision."
2026-06-18T21:40:55.885601,lateral,CORRECTO,LEFT,168.5,13.9,13.1,,,,,,,,,,"Sube un poco la postura: la flexion de rodilla es muy cerrada. | Endereza un poco el tronco, hay demasiada inclinacion. | Buena ejecucion general. Ajusta detalles para mayor precision."
2026-06-18T21:40:56.320013,lateral,CORRECTO,LEFT,160.1,41.0,2.9,,,,,,,,,,"Sube un poco la postura: la flexion de rodilla es muy cerrada. | Endereza un poco el tronco, hay demasiada inclinacion. | Buena ejecucion general. Ajusta detalles para mayor precision."
2026-06-18T21:40:56.784930,lateral,CORRECTO,LEFT,173.5,13.7,7.9,,,,,,,,,,"Sube un poco la postura: la flexion de rodilla es muy cerrada. | Endereza un poco el tronco, hay demasiada inclinacion. | Buena ejecucion general. Ajusta detalles para mayor precision."
2026-06-18T21:40:57.242297,lateral,CORRECTO,LEFT,168.2,38.0,0.9,,,,,,,,,,"Sube un poco la postura: la flexion de rodilla es muy cerrada. | Endereza un poco el tronco, hay demasiada inclinacion. | Buena ejecucion general. Ajusta detalles para mayor precision."
2026-06-18T21:40:57.686063,lateral,CORRECTO,LEFT,163.7,26.0,38.5,,,,,,,,,,"Sube un poco la postura: la flexion de rodilla es muy cerrada. | Endereza un poco el tronco, hay demasiada inclinacion. | Buena ejecucion general. Ajusta detalles para mayor precision."
2026-06-18T21:40:58.136882,lateral,CORRECTO,LEFT,167.6,56.4,70.2,,,,,,,,,,"Sube un poco la postura: la flexion de rodilla es muy cerrada. | Endereza un poco el tronco, hay demasiada inclinacion. | Buena ejecucion general. Ajusta detalles para mayor precision."
2026-06-18T21:40:58.589781,lateral,CORRECTO,LEFT,168.0,53.9,70.7,,,,,,,,,,"Sube un poco la postura: la flexion de rodilla es muy cerrada. | Endereza un poco el tronco, hay demasiada inclinacion. | Buena ejecucion general. Ajusta detalles para mayor precision."
2026-06-18T21:40:59.038252,lateral,CORRECTO,LEFT,161.9,26.1,9.0,,,,,,,,,,"Sube un poco la postura: la flexion de rodilla es muy cerrada. | Endereza un poco el tronco, hay demasiada inclinacion. | Buena ejecucion general. Ajusta detalles para mayor precision."
2026-06-18T21:40:59.486153,lateral,CORRECTO,LEFT,158.5,82.6,88.4,,,,,,,,,,"Sube un poco la postura: la flexion de rodilla es muy cerrada. | Endereza un poco el tronco, hay demasiada inclinacion. | Buena ejecucion general. Ajusta detalles para mayor precision."
2026-06-18T21:40:59.935525,lateral,INCORRECTO,LEFT,150.5,134.1,146.3,,,,,,,,,,Se detectaron errores tecnicos. Ajusta postura y repite.
2026-06-18T21:41:00.387241,lateral,CORRECTO,LEFT,165.1,5.3,24.1,,,,,,,,,,"Sube un poco la postura: la flexion de rodilla es muy cerrada. | Endereza un poco el tronco, hay demasiada inclinacion. | Buena ejecucion general. Ajusta detalles para mayor precision."
2026-06-18T21:41:00.841789,lateral,CORRECTO,LEFT,179.5,39.1,2.7,,,,,,,,,,"Sube un poco la postura: la flexion de rodilla es muy cerrada. | Endereza un poco el tronco, hay demasiada inclinacion. | Buena ejecucion general. Ajusta detalles para mayor precision."
2026-06-18T21:41:01.285539,lateral,CORRECTO,LEFT,169.9,53.6,6.2,,,,,,,,,,"Sube un poco la postura: la flexion de rodilla es muy cerrada. | Endereza un poco el tronco, hay demasiada inclinacion. | Buena ejecucion general. Ajusta detalles para mayor precision."
2026-06-18T21:41:01.739850,lateral,CORRECTO,LEFT,178.8,18.7,13.2,,,,,,,,,,"Sube un poco la postura: la flexion de rodilla es muy cerrada. | Endereza un poco el tronco, hay demasiada inclinacion. | Buena ejecucion general. Ajusta detalles para mayor precision."
2026-08-03T17:03:32.790469,frontal,CORRECTO,frontal,67.3,179.0,177.3,39.3,95.3,179.2,178.9,0.0516,0.042,0.3702,0.6533,1.3416,Mantén ambas manos a una altura similar al formar la plataforma.
2026-08-03T17:03:33.206607,frontal,CORRECTO,frontal,165.7,177.3,173.9,179.4,152.0,175.0,179.6,0.04,0.0498,0.2453,0.5598,1.257,Mantén ambas manos a una altura similar al formar la plataforma.
2026-08-03T17:03:33.650656,frontal,CORRECTO,frontal,165.6,179.5,173.9,169.5,161.6,179.2,179.8,0.0613,0.0559,0.1398,0.6006,2.089,Mantén ambas manos a una altura similar al formar la plataforma.
2026-08-03T17:03:34.100584,frontal,CORRECTO,frontal,162.9,179.2,172.8,169.3,156.4,178.5,179.8,0.0662,0.0153,0.1522,0.6067,2.27,Mantén ambas manos a una altura similar al formar la plataforma.
2026-08-03T17:03:34.550608,frontal,CORRECTO,frontal,160.4,179.6,174.0,172.5,148.4,179.6,179.7,0.0847,0.0491,0.2038,0.6074,2.8983,Mantén ambas manos a una altura similar al formar la plataforma.
2026-08-03T17:03:35.001731,frontal,CORRECTO,frontal,154.9,179.7,174.0,159.6,150.2,179.9,179.5,0.0878,0.0489,0.2607,0.5822,3.0675,Mantén ambas manos a una altura similar al formar la plataforma.
2026-08-03T17:03:35.450729,frontal,CORRECTO,frontal,155.4,179.5,174.0,161.8,149.1,179.7,179.3,0.0678,0.0297,0.0243,0.575,2.3366,Tecnica frontal correcta. Mantener alineacion y control postural.
2026-08-03T17:03:35.901517,frontal,CORRECTO,frontal,91.4,177.2,174.9,97.8,85.0,176.5,178.0,0.0214,0.0293,0.2685,0.6135,0.6822,Mantén ambas manos a una altura similar al formar la plataforma.
2026-08-03T17:03:36.350547,frontal,CORRECTO,frontal,89.4,177.9,175.4,99.2,79.7,177.0,178.8,0.0355,0.0722,0.1072,0.5917,1.1153,Mantén ambas manos a una altura similar al formar la plataforma.
2026-08-03T17:03:36.800865,frontal,CORRECTO,frontal,90.5,177.6,175.4,100.8,80.3,176.9,178.3,0.0698,0.0389,0.1796,0.5906,2.1988,Mantén ambas manos a una altura similar al formar la plataforma.
2026-08-03T17:03:37.250883,frontal,INCORRECTO,frontal,126.5,177.4,174.6,136.3,116.7,177.2,177.6,0.0244,0.0867,0.7711,0.5678,0.8314,Alinea la altura de ambas rodillas para una base simetrica. | Mantén ambas manos a una altura similar al formar la plataforma.
2026-08-03T17:03:37.700644,frontal,CORRECTO,frontal,160.4,179.7,174.4,170.5,150.4,179.9,179.5,0.0026,0.0041,0.0666,0.5836,0.0918,Tecnica frontal correcta. Mantener alineacion y control postural.
2026-08-03T17:03:38.151166,frontal,CORRECTO,frontal,159.7,179.2,174.0,166.2,153.1,179.7,178.8,0.0082,0.0065,0.0682,0.5702,0.2991,Tecnica frontal correcta. Mantener alineacion y control postural.
2026-08-03T17:03:38.601865,frontal,CORRECTO,frontal,160.8,179.3,173.4,168.0,153.6,179.7,178.9,0.0137,0.0146,0.0168,0.5672,0.5117,Tecnica frontal correcta. Mantener alineacion y control postural.
2026-08-03T17:03:39.051268,frontal,CORRECTO,frontal,160.0,179.5,173.5,167.7,152.3,179.6,179.4,0.018,0.0252,0.0521,0.5772,0.6634,Tecnica frontal correcta. Mantener alineacion y control postural.
2026-08-03T17:03:39.503705,frontal,CORRECTO,frontal,160.6,179.8,173.6,167.7,153.6,179.9,179.7,0.0213,0.0051,0.0307,0.574,0.7768,Tecnica frontal correcta. Mantener alineacion y control postural.
2026-08-03T17:03:39.950703,frontal,CORRECTO,frontal,157.9,179.8,173.7,162.0,153.7,179.7,179.8,0.0177,0.024,0.0075,0.5878,0.65,Tecnica frontal correcta. Mantener alineacion y control postural.
2026-08-03T17:03:40.401527,frontal,CORRECTO,frontal,157.2,179.6,173.6,162.7,151.6,179.6,179.6,0.0191,0.0145,0.0441,0.5761,0.7083,Tecnica frontal correcta. Mantener alineacion y control postural.
2026-08-03T17:03:40.854926,frontal,CORRECTO,frontal,156.2,179.6,173.8,161.5,150.8,179.4,179.7,0.0196,0.0204,0.0322,0.573,0.7213,Tecnica frontal correcta. Mantener alineacion y control postural.
2026-08-03T17:03:41.317635,frontal,CORRECTO,frontal,158.5,179.3,173.9,164.3,152.8,179.2,179.4,0.0177,0.0014,0.0247,0.5692,0.6421,Tecnica frontal correcta. Mantener alineacion y control postural.
2026-08-03T17:03:41.769984,frontal,CORRECTO,frontal,159.9,178.3,174.0,165.2,154.5,178.0,178.5,0.0166,0.0071,0.0743,0.5885,0.5913,Tecnica frontal correcta. Mantener alineacion y control postural.
2026-08-03T17:03:42.216614,frontal,CORRECTO,frontal,160.0,178.8,174.1,167.9,152.1,178.5,179.0,0.0167,0.0011,0.0016,0.5826,0.5903,Tecnica frontal correcta. Mantener alineacion y control postural.
2026-08-03T17:03:42.683635,frontal,CORRECTO,frontal,160.9,179.2,174.2,170.6,151.1,179.0,179.4,0.0201,0.0212,0.0157,0.5893,0.6972,Tecnica frontal correcta. Mantener alineacion y control postural.
2026-08-03T17:03:43.117307,frontal,CORRECTO,frontal,161.7,178.2,174.3,171.0,152.3,178.1,178.4,0.0171,0.0408,0.0162,0.5842,0.5818,Tecnica frontal correcta. Mantener alineacion y control postural.
2026-08-03T17:03:43.621829,frontal,CORRECTO,frontal,160.3,178.3,174.3,168.3,152.4,178.2,178.3,0.015,0.04,0.0016,0.5784,0.5102,Tecnica frontal correcta. Mantener alineacion y control postural.
2026-08-03T17:03:44.000870,frontal,CORRECTO,frontal,159.9,178.3,174.3,166.8,152.9,178.2,178.4,0.0123,0.0029,0.0049,0.5866,0.4296,Tecnica frontal correcta. Mantener alineacion y control postural.
2026-08-03T17:03:44.451287,frontal,CORRECTO,frontal,158.9,178.8,174.3,166.3,151.4,178.7,179.0,0.0006,0.0121,0.0279,0.5887,0.0212,Tecnica frontal correcta. Mantener alineacion y control postural.
2026-08-03T17:03:44.917396,frontal,CORRECTO,frontal,157.7,177.9,174.3,166.2,149.2,177.9,177.9,0.0059,0.0157,0.0126,0.5698,0.2103,Tecnica frontal correcta. Mantener alineacion y control postural.
2026-08-03T17:03:45.367218,frontal,CORRECTO,frontal,157.6,179.7,174.3,165.6,149.6,179.5,179.9,0.0127,0.0159,0.0161,0.5874,0.4461,Tecnica frontal correcta. Mantener alineacion y control postural.
2026-08-03T17:03:45.818981,frontal,CORRECTO,frontal,157.2,178.5,174.2,165.2,149.2,178.3,178.6,0.0118,0.0011,0.0145,0.5863,0.4199,Tecnica frontal correcta. Mantener alineacion y control postural.
2026-08-03T17:03:46.285744,frontal,CORRECTO,frontal,159.9,178.6,174.3,166.5,153.4,178.5,178.7,0.0154,0.0022,0.0075,0.589,0.5433,Tecnica frontal correcta. Mantener alineacion y control postural.
2026-08-03T17:03:46.716814,frontal,CORRECTO,frontal,159.2,179.1,174.2,167.0,151.5,178.9,179.2,0.0179,0.0004,0.049,0.5896,0.6363,Tecnica frontal correcta. Mantener alineacion y control postural.
2026-08-03T17:03:47.166335,frontal,CORRECTO,frontal,158.6,179.6,174.2,167.9,149.3,179.4,179.9,0.0204,0.0363,0.0502,0.6027,0.725,Tecnica frontal correcta. Mantener alineacion y control postural.
2026-08-03T17:03:47.633713,frontal,CORRECTO,frontal,161.7,178.9,174.4,166.7,156.6,178.8,179.1,0.0152,0.02,0.0032,0.5976,0.5353,Tecnica frontal correcta. Mantener alineacion y control postural.
2026-08-03T17:03:48.067200,frontal,CORRECTO,frontal,159.7,179.1,174.3,168.2,151.2,178.9,179.3,0.0095,0.0225,0.0055,0.5962,0.3345,Tecnica frontal correcta. Mantener alineacion y control postural.
2026-08-03T17:03:48.518223,frontal,CORRECTO,frontal,160.6,178.8,174.4,170.2,151.0,178.6,178.9,0.0097,0.0062,0.0147,0.5972,0.3366,Tecnica frontal correcta. Mantener alineacion y control postural.
2026-08-03T17:03:48.968675,frontal,CORRECTO,frontal,159.7,178.3,174.5,169.0,150.4,178.2,178.4,0.0151,0.0075,0.0211,0.5956,0.5237,Tecnica frontal correcta. Mantener alineacion y control postural.
2026-08-03T17:03:49.418090,frontal,CORRECTO,frontal,159.1,178.5,174.5,168.8,149.3,178.4,178.5,0.0197,0.0001,0.0174,0.6044,0.6804,Tecnica frontal correcta. Mantener alineacion y control postural.
2026-08-03T17:03:49.866062,frontal,CORRECTO,frontal,159.3,178.6,174.5,168.4,150.2,178.3,178.9,0.0066,0.0201,0.0097,0.5898,0.2368,Tecnica frontal correcta. Mantener alineacion y control postural.
2026-08-03T17:03:50.317290,frontal,CORRECTO,frontal,159.2,178.7,174.5,167.1,151.4,178.5,179.0,0.0064,0.0122,0.0153,0.5946,0.2291,Tecnica frontal correcta. Mantener alineacion y control postural.
2026-08-03T17:03:50.784118,frontal,CORRECTO,frontal,163.6,178.7,174.5,171.5,155.6,178.5,178.9,0.0139,0.0041,0.0687,0.5855,0.4837,Tecnica frontal correcta. Mantener alineacion y control postural.
2026-08-03T17:03:51.216169,frontal,CORRECTO,frontal,161.5,179.2,174.4,173.0,150.1,179.0,179.5,0.0197,0.0581,0.0444,0.5774,0.6813,Tecnica frontal correcta. Mantener alineacion y control postural.
2026-08-03T17:03:51.666897,frontal,CORRECTO,frontal,162.0,179.7,174.4,173.8,150.2,179.6,179.8,0.0273,0.0191,0.0711,0.6081,0.9284,Tecnica frontal correcta. Mantener alineacion y control postural.
2026-08-03T17:03:52.118645,frontal,CORRECTO,frontal,156.7,178.1,174.4,173.0,140.3,177.9,178.3,0.0015,0.0784,0.4146,0.5741,0.0509,Mantén ambas manos a una altura similar al formar la plataforma.
2026-08-03T17:03:52.566909,frontal,CORRECTO,frontal,168.2,179.5,174.3,179.5,156.9,179.6,179.4,0.0119,0.0088,0.0047,0.5614,0.3998,Tecnica frontal correcta. Mantener alineacion y control postural.
2026-08-03T17:03:53.017817,frontal,CORRECTO,frontal,114.3,179.1,175.8,170.1,58.5,179.4,178.8,0.0227,0.0097,2.569,0.6122,0.7255,Mantén ambas manos a una altura similar al formar la plataforma.
2026-08-03T17:03:53.467803,frontal,CORRECTO,frontal,84.5,179.6,175.2,18.9,150.0,179.5,179.6,0.0664,0.0336,2.1928,0.6681,1.9961,Mantén ambas manos a una altura similar al formar la plataforma.
2026-08-03T17:03:53.934942,frontal,CORRECTO,frontal,111.2,178.0,174.0,62.5,159.9,177.0,179.1,0.0228,0.0015,2.4659,0.5801,0.7349,Mantén ambas manos a una altura similar al formar la plataforma.
2026-08-03T17:03:54.369035,frontal,CORRECTO,frontal,123.9,178.6,174.0,83.2,164.6,178.4,178.8,0.0122,0.0149,2.1247,0.5717,0.4096,Mantén ambas manos a una altura similar al formar la plataforma.
2026-08-03T17:03:54.815788,frontal,CORRECTO,frontal,115.6,178.4,173.5,65.0,166.1,177.6,179.2,0.0184,0.063,2.0256,0.5418,0.6443,Mantén ambas manos a una altura similar al formar la plataforma.
2026-08-03T17:03:55.269002,frontal,CORRECTO,frontal,104.0,179.7,174.0,52.2,155.8,179.9,179.4,0.0972,0.0271,1.0129,0.5443,3.4855,Mantén ambas manos a una altura similar al formar la plataforma.
2026-08-03T17:03:55.718129,frontal,CORRECTO,frontal,163.6,179.7,174.3,172.6,154.5,179.7,179.6,0.0977,0.0283,0.1028,0.5495,3.2724,Mantén ambas manos a una altura similar al formar la plataforma.
2026-08-03T17:03:56.166627,frontal,CORRECTO,frontal,88.3,179.3,174.7,18.7,157.8,178.7,179.9,0.0697,0.032,2.0389,0.6138,2.2362,Mantén ambas manos a una altura similar al formar la plataforma.
2026-08-03T17:03:56.616667,frontal,CORRECTO,frontal,103.3,179.2,175.6,42.9,163.7,179.3,179.2,0.0399,0.0267,2.0376,0.6449,1.2502,Mantén ambas manos a una altura similar al formar la plataforma.
2026-08-03T17:03:57.066732,frontal,CORRECTO,frontal,97.6,179.2,174.6,30.2,165.0,178.9,179.5,0.0396,0.0273,1.8234,0.6092,1.2792,Mantén ambas manos a una altura similar al formar la plataforma.
2026-08-03T17:03:57.516311,frontal,CORRECTO,frontal,97.6,179.7,175.7,26.7,168.5,179.7,179.7,0.0588,0.0528,2.1631,0.639,1.7793,Mantén ambas manos a una altura similar al formar la plataforma.
2026-08-03T17:03:57.965649,frontal,CORRECTO,frontal,25.3,178.1,176.0,27.0,23.7,177.6,178.7,0.0381,0.0087,0.069,0.6388,1.1681,Tecnica frontal correcta. Mantener alineacion y control postural.
2026-08-03T17:03:58.416538,frontal,CORRECTO,frontal,40.6,177.7,176.1,38.5,42.7,177.1,178.2,0.0505,0.0204,0.1387,0.6289,1.5683,Mantén ambas manos a una altura similar al formar la plataforma.
2026-08-03T17:03:58.867325,frontal,CORRECTO,frontal,46.3,177.2,176.0,42.5,50.1,177.3,177.1,0.0585,0.0479,0.0644,0.6459,1.8311,Tecnica frontal correcta. Mantener alineacion y control postural.
2026-08-03T17:03:59.317573,frontal,CORRECTO,frontal,35.3,177.5,176.1,42.4,28.1,177.3,177.8,0.0637,0.0053,0.6741,0.6128,1.9764,Mantén ambas manos a una altura similar al formar la plataforma.
2026-08-03T17:03:59.768496,frontal,CORRECTO,frontal,33.9,178.5,175.5,34.4,33.4,178.4,178.7,0.044,0.0022,0.1521,0.5992,1.4374,Mantén ambas manos a una altura similar al formar la plataforma.
2026-08-03T17:04:00.215449,frontal,CORRECTO,frontal,30.1,179.1,174.4,26.7,33.5,179.2,178.9,0.0075,0.02,0.6329,0.5784,0.2546,Mantén ambas manos a una altura similar al formar la plataforma.
2026-08-03T17:04:00.668041,frontal,CORRECTO,frontal,84.1,179.0,173.9,6.2,161.9,178.7,179.2,0.034,0.0234,1.5759,0.5651,1.15,Mantén ambas manos a una altura similar al formar la plataforma.
2026-08-03T17:04:01.117506,frontal,CORRECTO,frontal,106.9,179.1,174.0,51.4,162.5,178.2,179.9,0.0498,0.0487,2.5957,0.5537,1.6998,Mantén ambas manos a una altura similar al formar la plataforma.
2026-08-03T17:04:01.565568,frontal,CORRECTO,frontal,49.0,178.8,175.3,45.8,52.2,178.2,179.4,0.0477,0.0001,0.0225,0.6079,1.5593,Tecnica frontal correcta. Mantener alineacion y control postural.
2026-08-03T17:04:02.015841,frontal,CORRECTO,frontal,34.1,178.8,174.9,46.3,21.9,178.1,179.5,0.0674,0.0309,0.2712,0.5784,2.0939,Mantén ambas manos a una altura similar al formar la plataforma.
2026-08-03T17:04:02.468814,frontal,CORRECTO,frontal,38.5,179.2,174.4,27.4,49.6,178.8,179.6,0.055,0.0403,0.1661,0.5772,1.8693,Mantén ambas manos a una altura similar al formar la plataforma.
2026-08-03T17:04:02.915234,frontal,CORRECTO,frontal,85.5,177.7,174.3,21.9,149.2,177.7,177.8,0.025,0.0243,1.9804,0.5896,0.8448,Mantén ambas manos a una altura similar al formar la plataforma.
2026-08-03T17:04:03.366399,frontal,CORRECTO,frontal,44.2,179.1,174.3,19.4,68.9,178.5,179.7,0.1158,0.0756,1.2625,0.5572,3.8943,Mantén ambas manos a una altura similar al formar la plataforma.
2026-08-03T17:04:03.815968,frontal,INCORRECTO,frontal,18.4,178.4,176.2,21.7,15.2,178.3,178.5,0.1647,0.1093,0.3066,0.6208,5.1627,Centra el tronco sobre la cadera para mejorar estabilidad. | Alinea la altura de ambas rodillas para una base simetrica. | Mantén ambas manos a una altura similar al formar la plataforma.
2026-08-03T17:04:04.267331,frontal,INCORRECTO,frontal,27.8,177.8,176.8,45.9,9.8,177.9,177.8,0.2221,0.0572,0.954,0.633,6.3865,Centra el tronco sobre la cadera para mejorar estabilidad. | Mantén ambas manos a una altura similar al formar la plataforma.
2026-08-03T17:04:04.717085,frontal,INCORRECTO,frontal,101.3,178.6,174.7,30.3,172.2,178.9,178.4,0.183,0.038,2.4572,0.5962,5.8055,Centra el tronco sobre la cadera para mejorar estabilidad. | Mantén ambas manos a una altura similar al formar la plataforma.
2026-08-03T17:04:05.166387,frontal,CORRECTO,frontal,89.1,179.6,175.2,11.9,166.4,179.2,180.0,0.1155,0.0002,2.0419,0.6095,3.6898,Mantén ambas manos a una altura similar al formar la plataforma.
2026-08-03T17:04:05.616705,frontal,CORRECTO,frontal,91.4,179.3,174.3,18.0,164.7,178.9,179.6,0.0563,0.0032,2.0421,0.6216,1.9026,Mantén ambas manos a una altura similar al formar la plataforma.
2026-08-03T17:04:06.066993,frontal,CORRECTO,frontal,105.3,178.7,174.1,52.7,157.8,178.9,178.5,0.0028,0.0521,0.8569,0.5928,0.0984,Mantén ambas manos a una altura similar al formar la plataforma.
2026-08-03T17:04:06.532972,frontal,CORRECTO,frontal,92.1,179.1,174.2,14.8,169.5,179.5,178.7,0.005,0.0607,1.8831,0.5843,0.1688,Mantén ambas manos a una altura similar al formar la plataforma.
2026-08-03T17:04:06.967242,frontal,INCORRECTO,frontal,162.1,179.7,174.5,164.2,160.0,179.8,179.7,0.0407,0.1091,0.1106,0.5665,1.4521,Alinea la altura de ambas rodillas para una base simetrica. | Mantén ambas manos a una altura similar al formar la plataforma.
2026-08-03T17:04:07.417609,frontal,CORRECTO,frontal,166.0,179.2,174.4,174.4,157.7,180.0,178.4,0.0394,0.0791,0.1002,0.5761,1.3914,Mantén ambas manos a una altura similar al formar la plataforma.
2026-08-03T17:04:07.868016,frontal,CORRECTO,frontal,111.1,179.3,173.9,73.9,148.3,179.7,178.9,0.059,0.0234,0.5712,0.5864,2.0927,Mantén ambas manos a una altura similar al formar la plataforma.
2026-08-03T17:04:08.333740,frontal,CORRECTO,frontal,164.3,179.3,174.1,174.3,154.2,179.5,179.2,0.0613,0.0458,0.2238,0.5985,2.148,Mantén ambas manos a una altura similar al formar la plataforma.
2026-08-03T17:04:08.775545,frontal,INCORRECTO,frontal,157.3,179.1,174.2,160.1,154.4,178.8,179.4,0.0587,0.0985,0.2739,0.5799,2.0687,Alinea la altura de ambas rodillas para una base simetrica. | Mantén ambas manos a una altura similar al formar la plataforma.
2026-08-03T17:04:09.216287,frontal,CORRECTO,frontal,166.3,179.2,174.4,175.0,157.7,178.6,179.7,0.0582,0.1258,0.0496,0.5755,2.0256,Alinea la altura de ambas rodillas para una base simetrica.
2026-08-03T17:04:09.687787,frontal,INCORRECTO,frontal,166.5,179.0,174.5,179.6,153.4,179.0,179.0,0.0575,0.0884,0.1362,0.5934,1.9783,Alinea la altura de ambas rodillas para una base simetrica. | Mantén ambas manos a una altura similar al formar la plataforma.
2026-08-03T17:04:10.136180,frontal,CORRECTO,frontal,164.8,179.0,172.9,174.8,154.8,179.4,178.7,0.0468,0.0304,0.1377,0.6241,1.586,Mantén ambas manos a una altura similar al formar la plataforma.
2026-08-03T17:04:10.585782,frontal,CORRECTO,frontal,117.0,179.3,174.9,159.2,74.8,179.3,179.4,0.0304,0.0505,1.6111,0.6134,1.007,Mantén ambas manos a una altura similar al formar la plataforma.
2026-08-03T17:04:11.036483,frontal,CORRECTO,frontal,111.3,178.2,175.9,107.0,115.6,177.4,179.0,0.0386,0.0186,0.0162,0.6048,1.2203,Tecnica frontal correcta. Mantener alineacion y control postural.
2026-08-03T17:04:11.486047,frontal,CORRECTO,frontal,110.9,178.2,176.1,107.9,113.9,176.8,179.6,0.0369,0.0312,0.0233,0.6156,1.0723,Tecnica frontal correcta. Mantener alineacion y control postural.
2026-08-03T17:04:11.919240,frontal,CORRECTO,frontal,97.5,177.9,176.7,97.3,97.6,176.9,178.8,0.0493,0.0296,0.0432,0.6152,1.4854,Tecnica frontal correcta. Mantener alineacion y control postural.
2026-08-03T17:04:12.364903,frontal,CORRECTO,frontal,79.8,178.8,176.6,73.2,86.4,177.8,179.9,0.0114,0.0041,0.2719,0.6601,0.3407,Mantén ambas manos a una altura similar al formar la plataforma.
2026-08-03T17:04:12.849387,frontal,CORRECTO,frontal,107.7,179.5,176.0,165.0,50.4,179.5,179.5,0.0228,0.0019,2.6262,0.6393,0.7197,Mantén ambas manos a una altura similar al formar la plataforma.
2026-08-03T17:04:13.298636,frontal,CORRECTO,frontal,159.1,179.5,174.4,170.1,148.2,179.5,179.4,0.0194,0.0465,0.071,0.5932,0.6478,Tecnica frontal correcta. Mantener alineacion y control postural.
2026-08-03T17:04:13.701687,frontal,CORRECTO,frontal,163.2,178.1,173.8,171.2,155.1,177.8,178.4,0.0314,0.0743,0.0251,0.5936,1.1087,Tecnica frontal correcta. Mantener alineacion y control postural.
2026-08-03T17:04:14.149620,frontal,CORRECTO,frontal,161.4,179.5,173.6,162.1,160.7,179.9,179.2,0.0063,0.0133,0.3241,0.5718,0.2354,Mantén ambas manos a una altura similar al formar la plataforma.
2026-08-03T17:04:14.616410,frontal,CORRECTO,frontal,157.1,179.5,173.7,154.5,159.7,179.6,179.3,0.0199,0.0586,0.3839,0.5553,0.7352,Mantén ambas manos a una altura similar al formar la plataforma.
2026-08-03T19:48:32.595943,lateral,INCORRECTO,RIGHT,61.9,173.9,170.7,,,,,,,,,,Extiende mas los brazos para formar una plataforma firme. | Flexiona mas las rodillas para estabilizar el centro de gravedad. | Inclina un poco mas el tronco para una mejor recepcion.
2026-08-03T19:48:32.881417,lateral,INCORRECTO,LEFT,96.5,162.8,11.8,,,,,,,,,,"Extiende mas los brazos para formar una plataforma firme. | Flexiona mas las rodillas para estabilizar el centro de gravedad. | Endereza un poco el tronco, hay demasiada inclinacion."
2026-08-03T19:48:33.346507,lateral,INCORRECTO,LEFT,26.6,167.9,167.1,,,,,,,,,,Extiende mas los brazos para formar una plataforma firme. | Flexiona mas las rodillas para estabilizar el centro de gravedad. | Inclina un poco mas el tronco para una mejor recepcion.
2026-08-03T19:48:33.797901,lateral,CORRECTO,LEFT,5.4,8.1,29.3,,,,,,,,,,"Extiende mas los brazos para formar una plataforma firme. | Sube un poco la postura: la flexion de rodilla es muy cerrada. | Endereza un poco el tronco, hay demasiada inclinacion. | Buena ejecucion general. Ajusta detalles para mayor precision."
2026-08-03T19:48:36.092124,frontal,INCORRECTO,frontal,95.5,170.8,175.0,92.0,99.0,170.9,170.8,0.0872,0.0893,0.1233,0.2842,2.3348,Alinea la altura de ambas rodillas para una base simetrica. | Mantén ambas manos a una altura similar al formar la plataforma. | Abre un poco mas la base de apoyo con los tobillos.
2026-08-03T19:48:36.489602,frontal,INCORRECTO,frontal,121.0,171.8,175.3,126.8,115.2,173.5,170.0,0.1003,0.0505,0.27,0.277,2.6186,Mantén ambas manos a una altura similar al formar la plataforma. | Abre un poco mas la base de apoyo con los tobillos.
2026-08-03T19:48:36.929026,frontal,INCORRECTO,frontal,129.6,172.7,173.4,148.3,110.9,176.3,169.0,0.1138,0.0595,0.2882,0.1365,3.0443,Mantén ambas manos a una altura similar al formar la plataforma. | Abre un poco mas la base de apoyo con los tobillos.
2026-08-03T19:48:37.387433,frontal,INCORRECTO,frontal,138.9,173.1,173.1,140.0,137.8,178.2,168.1,0.0436,0.2134,0.0328,0.4052,1.0945,Alinea la altura de ambas rodillas para una base simetrica. | Abre un poco mas la base de apoyo con los tobillos.
2026-08-03T19:48:37.832294,frontal,INCORRECTO,frontal,87.0,173.6,172.2,49.5,124.4,175.4,171.7,0.1731,0.0123,0.0463,0.2939,5.1445,Centra el tronco sobre la cadera para mejorar estabilidad. | Abre un poco mas la base de apoyo con los tobillos.
2026-08-03T19:48:38.292821,frontal,INCORRECTO,frontal,141.8,171.6,166.5,133.8,149.8,174.5,168.8,0.1546,0.0846,0.212,0.7669,4.6554,Centra el tronco sobre la cadera para mejorar estabilidad. | Alinea la altura de ambas rodillas para una base simetrica. | Mantén ambas manos a una altura similar al formar la plataforma.
2026-08-03T19:48:39.214095,lateral,INCORRECTO,RIGHT,21.9,155.1,152.8,,,,,,,,,,Extiende mas los brazos para formar una plataforma firme. | Flexiona mas las rodillas para estabilizar el centro de gravedad.
2026-08-03T19:48:40.130891,lateral,INCORRECTO,RIGHT,122.5,150.3,179.4,,,,,,,,,,Extiende mas los brazos para formar una plataforma firme. | Flexiona mas las rodillas para estabilizar el centro de gravedad. | Inclina un poco mas el tronco para una mejor recepcion.
2026-08-03T19:48:42.814072,lateral,INCORRECTO,RIGHT,164.6,166.4,172.7,,,,,,,,,,Flexiona mas las rodillas para estabilizar el centro de gravedad. | Inclina un poco mas el tronco para una mejor recepcion.
2026-08-03T19:48:43.248692,lateral,INCORRECTO,RIGHT,158.4,163.3,176.7,,,,,,,,,,Flexiona mas las rodillas para estabilizar el centro de gravedad. | Inclina un poco mas el tronco para una mejor recepcion.
2026-08-03T19:48:43.710581,lateral,INCORRECTO,RIGHT,153.1,167.3,177.1,,,,,,,,,,Flexiona mas las rodillas para estabilizar el centro de gravedad. | Inclina un poco mas el tronco para una mejor recepcion.
2026-08-03T19:48:44.148936,lateral,INCORRECTO,RIGHT,153.6,176.2,172.5,,,,,,,,,,Flexiona mas las rodillas para estabilizar el centro de gravedad. | Inclina un poco mas el tronco para una mejor recepcion.
2026-08-03T19:48:44.614218,lateral,INCORRECTO,RIGHT,158.5,176.0,175.8,,,,,,,,,,Flexiona mas las rodillas para estabilizar el centro de gravedad. | Inclina un poco mas el tronco para una mejor recepcion.
2026-08-03T19:48:45.055877,lateral,INCORRECTO,RIGHT,157.7,169.8,176.7,,,,,,,,,,Flexiona mas las rodillas para estabilizar el centro de gravedad. | Inclina un poco mas el tronco para una mejor recepcion.
2026-08-03T19:48:45.510148,lateral,INCORRECTO,RIGHT,155.7,163.1,173.9,,,,,,,,,,Flexiona mas las rodillas para estabilizar el centro de gravedad. | Inclina un poco mas el tronco para una mejor recepcion.
2026-08-03T19:48:45.948097,lateral,INCORRECTO,RIGHT,146.3,176.4,179.4,,,,,,,,,,Extiende mas los brazos para formar una plataforma firme. | Flexiona mas las rodillas para estabilizar el centro de gravedad. | Inclina un poco mas el tronco para una mejor recepcion.
2026-08-03T19:48:46.398889,lateral,INCORRECTO,RIGHT,146.9,176.3,177.9,,,,,,,,,,Extiende mas los brazos para formar una plataforma firme. | Flexiona mas las rodillas para estabilizar el centro de gravedad. | Inclina un poco mas el tronco para una mejor recepcion.
2026-08-03T19:48:46.863417,lateral,INCORRECTO,RIGHT,132.7,175.1,177.2,,,,,,,,,,Extiende mas los brazos para formar una plataforma firme. | Flexiona mas las rodillas para estabilizar el centro de gravedad. | Inclina un poco mas el tronco para una mejor recepcion.
2026-08-03T19:48:47.297168,lateral,INCORRECTO,RIGHT,149.8,171.4,178.6,,,,,,,,,,Extiende mas los brazos para formar una plataforma firme. | Flexiona mas las rodillas para estabilizar el centro de gravedad. | Inclina un poco mas el tronco para una mejor recepcion.
2026-08-03T19:48:47.748084,lateral,INCORRECTO,RIGHT,153.4,169.4,176.6,,,,,,,,,,Flexiona mas las rodillas para estabilizar el centro de gravedad. | Inclina un poco mas el tronco para una mejor recepcion.
2026-08-03T19:48:48.198830,lateral,INCORRECTO,RIGHT,162.0,166.9,172.7,,,,,,,,,,Flexiona mas las rodillas para estabilizar el centro de gravedad. | Inclina un poco mas el tronco para una mejor recepcion.
2026-08-03T19:48:48.648551,lateral,INCORRECTO,RIGHT,156.5,169.8,176.3,,,,,,,,,,Flexiona mas las rodillas para estabilizar el centro de gravedad. | Inclina un poco mas el tronco para una mejor recepcion.
2026-08-03T19:48:49.097936,lateral,INCORRECTO,RIGHT,153.4,170.9,177.6,,,,,,,,,,Flexiona mas las rodillas para estabilizar el centro de gravedad. | Inclina un poco mas el tronco para una mejor recepcion.
2026-08-03T19:48:49.554943,lateral,INCORRECTO,RIGHT,156.9,166.8,177.6,,,,,,,,,,Flexiona mas las rodillas para estabilizar el centro de gravedad. | Inclina un poco mas el tronco para una mejor recepcion.
2026-08-03T19:48:49.997452,lateral,INCORRECTO,RIGHT,148.2,150.0,179.0,,,,,,,,,,Extiende mas los brazos para formar una plataforma firme. | Flexiona mas las rodillas para estabilizar el centro de gravedad. | Inclina un poco mas el tronco para una mejor recepcion.
2026-08-03T19:48:50.456786,lateral,INCORRECTO,RIGHT,148.0,162.1,178.9,,,,,,,,,,Extiende mas los brazos para formar una plataforma firme. | Flexiona mas las rodillas para estabilizar el centro de gravedad. | Inclina un poco mas el tronco para una mejor recepcion.
2026-08-03T19:48:50.903090,lateral,INCORRECTO,RIGHT,147.9,173.5,175.3,,,,,,,,,,Extiende mas los brazos para formar una plataforma firme. | Flexiona mas las rodillas para estabilizar el centro de gravedad. | Inclina un poco mas el tronco para una mejor recepcion.
2026-08-03T19:48:51.360010,lateral,INCORRECTO,RIGHT,135.1,178.5,173.9,,,,,,,,,,Extiende mas los brazos para formar una plataforma firme. | Flexiona mas las rodillas para estabilizar el centro de gravedad. | Inclina un poco mas el tronco para una mejor recepcion.
2026-08-03T19:48:51.802092,lateral,INCORRECTO,RIGHT,151.4,176.1,176.1,,,,,,,,,,Flexiona mas las rodillas para estabilizar el centro de gravedad. | Inclina un poco mas el tronco para una mejor recepcion.
2026-08-03T19:48:52.248397,lateral,INCORRECTO,RIGHT,152.8,176.0,175.0,,,,,,,,,,Flexiona mas las rodillas para estabilizar el centro de gravedad. | Inclina un poco mas el tronco para una mejor recepcion.
2026-08-03T19:48:52.697809,lateral,INCORRECTO,RIGHT,155.0,174.7,174.2,,,,,,,,,,Flexiona mas las rodillas para estabilizar el centro de gravedad. | Inclina un poco mas el tronco para una mejor recepcion.
2026-08-03T19:48:53.153782,lateral,INCORRECTO,RIGHT,160.6,174.7,173.7,,,,,,,,,,Flexiona mas las rodillas para estabilizar el centro de gravedad. | Inclina un poco mas el tronco para una mejor recepcion.
2026-08-03T19:48:53.607876,lateral,INCORRECTO,RIGHT,154.2,176.1,174.5,,,,,,,,,,Flexiona mas las rodillas para estabilizar el centro de gravedad. | Inclina un poco mas el tronco para una mejor recepcion.
2026-08-03T19:48:54.046780,lateral,INCORRECTO,RIGHT,155.6,176.3,174.9,,,,,,,,,,Flexiona mas las rodillas para estabilizar el centro de gravedad. | Inclina un poco mas el tronco para una mejor recepcion.
2026-08-03T19:48:54.496912,lateral,INCORRECTO,RIGHT,155.3,178.7,169.8,,,,,,,,,,Flexiona mas las rodillas para estabilizar el centro de gravedad. | Inclina un poco mas el tronco para una mejor recepcion.
2026-08-03T19:48:54.947564,lateral,INCORRECTO,RIGHT,148.7,175.1,174.3,,,,,,,,,,Extiende mas los brazos para formar una plataforma firme. | Flexiona mas las rodillas para estabilizar el centro de gravedad. | Inclina un poco mas el tronco para una mejor recepcion.
2026-08-03T19:48:55.398134,lateral,INCORRECTO,RIGHT,137.4,174.9,175.3,,,,,,,,,,Extiende mas los brazos para formar una plataforma firme. | Flexiona mas las rodillas para estabilizar el centro de gravedad. | Inclina un poco mas el tronco para una mejor recepcion.
2026-08-03T19:48:55.846795,lateral,INCORRECTO,RIGHT,136.0,173.8,179.2,,,,,,,,,,Extiende mas los brazos para formar una plataforma firme. | Flexiona mas las rodillas para estabilizar el centro de gravedad. | Inclina un poco mas el tronco para una mejor recepcion.
2026-08-03T19:48:56.297715,lateral,INCORRECTO,RIGHT,119.7,177.5,175.4,,,,,,,,,,Extiende mas los brazos para formar una plataforma firme. | Flexiona mas las rodillas para estabilizar el centro de gravedad. | Inclina un poco mas el tronco para una mejor recepcion.
2026-08-03T19:48:56.747373,lateral,INCORRECTO,RIGHT,100.8,171.1,171.9,,,,,,,,,,Extiende mas los brazos para formar una plataforma firme. | Flexiona mas las rodillas para estabilizar el centro de gravedad. | Inclina un poco mas el tronco para una mejor recepcion.
2026-08-03T19:48:57.196399,lateral,INCORRECTO,RIGHT,178.0,173.3,172.2,,,,,,,,,,Flexiona mas las rodillas para estabilizar el centro de gravedad. | Inclina un poco mas el tronco para una mejor recepcion.
2026-08-03T19:48:57.648060,lateral,INCORRECTO,RIGHT,173.0,170.7,174.9,,,,,,,,,,Flexiona mas las rodillas para estabilizar el centro de gravedad. | Inclina un poco mas el tronco para una mejor recepcion.
2026-08-03T19:48:58.097238,lateral,INCORRECTO,RIGHT,175.9,167.3,176.8,,,,,,,,,,Flexiona mas las rodillas para estabilizar el centro de gravedad. | Inclina un poco mas el tronco para una mejor recepcion.
2026-08-03T19:48:58.547094,lateral,INCORRECTO,RIGHT,174.3,167.6,176.3,,,,,,,,,,Flexiona mas las rodillas para estabilizar el centro de gravedad. | Inclina un poco mas el tronco para una mejor recepcion.
2026-08-03T19:48:58.997804,lateral,INCORRECTO,RIGHT,177.1,167.2,176.3,,,,,,,,,,Flexiona mas las rodillas para estabilizar el centro de gravedad. | Inclina un poco mas el tronco para una mejor recepcion.
2026-08-03T19:48:59.451678,lateral,INCORRECTO,RIGHT,167.5,173.9,177.4,,,,,,,,,,Flexiona mas las rodillas para estabilizar el centro de gravedad. | Inclina un poco mas el tronco para una mejor recepcion.
2026-08-03T19:48:59.896866,lateral,INCORRECTO,RIGHT,173.2,152.0,168.0,,,,,,,,,,Flexiona mas las rodillas para estabilizar el centro de gravedad. | Inclina un poco mas el tronco para una mejor recepcion.
2026-08-03T19:49:00.363098,lateral,INCORRECTO,RIGHT,159.6,170.5,152.5,,,,,,,,,,Flexiona mas las rodillas para estabilizar el centro de gravedad.
2026-08-03T19:49:00.815887,lateral,INCORRECTO,RIGHT,111.8,171.7,169.3,,,,,,,,,,Extiende mas los brazos para formar una plataforma firme. | Flexiona mas las rodillas para estabilizar el centro de gravedad. | Inclina un poco mas el tronco para una mejor recepcion.
2026-08-03T19:49:01.247432,lateral,INCORRECTO,RIGHT,162.9,155.6,169.5,,,,,,,,,,Flexiona mas las rodillas para estabilizar el centro de gravedad. | Inclina un poco mas el tronco para una mejor recepcion.
2026-08-03T19:49:01.697670,lateral,INCORRECTO,RIGHT,161.3,177.8,159.2,,,,,,,,,,Flexiona mas las rodillas para estabilizar el centro de gravedad.
2026-08-03T19:49:02.145795,lateral,INCORRECTO,RIGHT,170.8,176.1,171.9,,,,,,,,,,Flexiona mas las rodillas para estabilizar el centro de gravedad. | Inclina un poco mas el tronco para una mejor recepcion.
2026-08-03T19:49:02.625082,lateral,INCORRECTO,RIGHT,98.8,178.0,176.4,,,,,,,,,,Extiende mas los brazos para formar una plataforma firme. | Flexiona mas las rodillas para estabilizar el centro de gravedad. | Inclina un poco mas el tronco para una mejor recepcion.
2026-08-03T19:49:03.046322,lateral,INCORRECTO,RIGHT,174.9,179.7,169.2,,,,,,,,,,Flexiona mas las rodillas para estabilizar el centro de gravedad. | Inclina un poco mas el tronco para una mejor recepcion.
2026-08-03T19:49:03.496083,lateral,INCORRECTO,RIGHT,103.8,171.2,177.9,,,,,,,,,,Extiende mas los brazos para formar una plataforma firme. | Flexiona mas las rodillas para estabilizar el centro de gravedad. | Inclina un poco mas el tronco para una mejor recepcion.
2026-08-03T19:49:03.929398,lateral,INCORRECTO,RIGHT,40.9,166.6,169.0,,,,,,,,,,Extiende mas los brazos para formar una plataforma firme. | Flexiona mas las rodillas para estabilizar el centro de gravedad. | Inclina un poco mas el tronco para una mejor recepcion.
2026-08-03T19:49:04.394276,lateral,INCORRECTO,RIGHT,163.3,180.0,173.5,,,,,,,,,,Flexiona mas las rodillas para estabilizar el centro de gravedad. | Inclina un poco mas el tronco para una mejor recepcion.
2026-08-03T19:49:04.837798,lateral,INCORRECTO,RIGHT,166.9,172.1,158.6,,,,,,,,,,Flexiona mas las rodillas para estabilizar el centro de gravedad.
2026-08-03T19:49:05.287812,lateral,INCORRECTO,RIGHT,147.1,176.4,176.8,,,,,,,,,,Extiende mas los brazos para formar una plataforma firme. | Flexiona mas las rodillas para estabilizar el centro de gravedad. | Inclina un poco mas el tronco para una mejor recepcion.
2026-08-03T19:49:05.740761,lateral,INCORRECTO,RIGHT,131.6,172.4,156.2,,,,,,,,,,Extiende mas los brazos para formar una plataforma firme. | Flexiona mas las rodillas para estabilizar el centro de gravedad.
2026-08-03T19:49:06.180222,lateral,INCORRECTO,RIGHT,55.1,175.2,171.9,,,,,,,,,,Extiende mas los brazos para formar una plataforma firme. | Flexiona mas las rodillas para estabilizar el centro de gravedad. | Inclina un poco mas el tronco para una mejor recepcion.
2026-08-03T19:49:06.629877,lateral,INCORRECTO,RIGHT,76.5,177.6,165.6,,,,,,,,,,Extiende mas los brazos para formar una plataforma firme. | Flexiona mas las rodillas para estabilizar el centro de gravedad. | Inclina un poco mas el tronco para una mejor recepcion.
2026-08-03T19:49:07.101801,lateral,INCORRECTO,LEFT,68.5,178.8,164.4,,,,,,,,,,Extiende mas los brazos para formar una plataforma firme. | Flexiona mas las rodillas para estabilizar el centro de gravedad. | Inclina un poco mas el tronco para una mejor recepcion.
2026-08-03T19:49:08.013087,lateral,INCORRECTO,LEFT,40.6,171.3,171.3,,,,,,,,,,Extiende mas los brazos para formar una plataforma firme. | Flexiona mas las rodillas para estabilizar el centro de gravedad. | Inclina un poco mas el tronco para una mejor recepcion.
2026-08-03T19:49:08.912986,lateral,INCORRECTO,RIGHT,27.0,161.2,175.3,,,,,,,,,,Extiende mas los brazos para formar una plataforma firme. | Flexiona mas las rodillas para estabilizar el centro de gravedad. | Inclina un poco mas el tronco para una mejor recepcion.
2026-08-03T19:49:11.613576,lateral,CORRECTO,RIGHT,116.6,97.1,155.3,,,,,,,,,,Extiende mas los brazos para formar una plataforma firme. | Buena ejecucion general. Ajusta detalles para mayor precision.
2026-08-03T19:49:13.862947,lateral,INCORRECTO,RIGHT,163.6,164.6,168.2,,,,,,,,,,Flexiona mas las rodillas para estabilizar el centro de gravedad. | Inclina un poco mas el tronco para una mejor recepcion.
2026-08-03T19:49:14.279304,lateral,INCORRECTO,RIGHT,152.0,150.0,157.0,,,,,,,,,,Flexiona mas las rodillas para estabilizar el centro de gravedad.
2026-08-03T19:49:15.662555,lateral,INCORRECTO,LEFT,82.9,143.1,142.1,,,,,,,,,,Extiende mas los brazos para formar una plataforma firme. | Flexiona mas las rodillas para estabilizar el centro de gravedad.
2026-08-03T19:49:16.087029,lateral,INCORRECTO,LEFT,146.3,147.5,178.8,,,,,,,,,,Extiende mas los brazos para formar una plataforma firme. | Flexiona mas las rodillas para estabilizar el centro de gravedad. | Inclina un poco mas el tronco para una mejor recepcion.
2026-08-03T19:49:17.011961,lateral,INCORRECTO,LEFT,171.7,177.7,168.8,,,,,,,,,,Flexiona mas las rodillas para estabilizar el centro de gravedad. | Inclina un poco mas el tronco para una mejor recepcion.
2026-08-03T19:49:17.432696,lateral,INCORRECTO,LEFT,172.9,177.9,173.0,,,,,,,,,,Flexiona mas las rodillas para estabilizar el centro de gravedad. | Inclina un poco mas el tronco para una mejor recepcion.
2026-08-03T19:49:17.886141,lateral,CORRECTO,LEFT,131.8,112.3,128.4,,,,,,,,,,Extiende mas los brazos para formar una plataforma firme. | Buena ejecucion general. Ajusta detalles para mayor precision.
2026-08-03T19:49:18.812964,lateral,INCORRECTO,LEFT,114.7,175.2,168.2,,,,,,,,,,Extiende mas los brazos para formar una plataforma firme. | Flexiona mas las rodillas para estabilizar el centro de gravedad. | Inclina un poco mas el tronco para una mejor recepcion.
2026-08-03T19:49:19.231553,lateral,INCORRECTO,RIGHT,156.8,172.9,177.1,,,,,,,,,,Flexiona mas las rodillas para estabilizar el centro de gravedad. | Inclina un poco mas el tronco para una mejor recepcion.
2026-08-03T19:49:19.681113,lateral,CORRECTO,RIGHT,148.0,76.0,90.9,,,,,,,,,,"Extiende mas los brazos para formar una plataforma firme. | Sube un poco la postura: la flexion de rodilla es muy cerrada. | Endereza un poco el tronco, hay demasiada inclinacion. | Buena ejecucion general. Ajusta detalles para mayor precision."
2026-08-03T19:49:20.612133,lateral,INCORRECTO,RIGHT,172.1,174.9,178.2,,,,,,,,,,Flexiona mas las rodillas para estabilizar el centro de gravedad. | Inclina un poco mas el tronco para una mejor recepcion.
2026-08-03T19:49:21.042062,lateral,INCORRECTO,RIGHT,171.4,177.2,167.2,,,,,,,,,,Flexiona mas las rodillas para estabilizar el centro de gravedad. | Inclina un poco mas el tronco para una mejor recepcion.
2026-08-03T19:49:21.479461,lateral,INCORRECTO,RIGHT,173.3,178.1,177.3,,,,,,,,,,Flexiona mas las rodillas para estabilizar el centro de gravedad. | Inclina un poco mas el tronco para una mejor recepcion.
2026-08-03T19:49:22.861860,lateral,INCORRECTO,RIGHT,167.2,177.8,173.8,,,,,,,,,,Flexiona mas las rodillas para estabilizar el centro de gravedad. | Inclina un poco mas el tronco para una mejor recepcion.
2026-08-03T19:49:23.279652,lateral,INCORRECTO,RIGHT,104.7,176.2,174.3,,,,,,,,,,Extiende mas los brazos para formar una plataforma firme. | Flexiona mas las rodillas para estabilizar el centro de gravedad. | Inclina un poco mas el tronco para una mejor recepcion.
2026-08-03T19:49:23.733588,lateral,INCORRECTO,RIGHT,167.1,171.5,178.9,,,,,,,,,,Flexiona mas las rodillas para estabilizar el centro de gravedad. | Inclina un poco mas el tronco para una mejor recepcion.
2026-08-03T19:49:24.181094,lateral,INCORRECTO,RIGHT,58.2,168.8,177.5,,,,,,,,,,Extiende mas los brazos para formar una plataforma firme. | Flexiona mas las rodillas para estabilizar el centro de gravedad. | Inclina un poco mas el tronco para una mejor recepcion.
2026-08-03T19:49:24.644677,lateral,INCORRECTO,RIGHT,29.0,170.9,179.8,,,,,,,,,,Extiende mas los brazos para formar una plataforma firme. | Flexiona mas las rodillas para estabilizar el centro de gravedad. | Inclina un poco mas el tronco para una mejor recepcion.
2026-08-03T19:49:25.078980,lateral,INCORRECTO,RIGHT,23.5,170.0,173.7,,,,,,,,,,Extiende mas los brazos para formar una plataforma firme. | Flexiona mas las rodillas para estabilizar el centro de gravedad. | Inclina un poco mas el tronco para una mejor recepcion.
2026-08-03T19:49:25.545019,lateral,INCORRECTO,RIGHT,167.8,172.4,177.2,,,,,,,,,,Flexiona mas las rodillas para estabilizar el centro de gravedad. | Inclina un poco mas el tronco para una mejor recepcion.
2026-08-03T19:49:25.978632,lateral,INCORRECTO,RIGHT,153.7,168.2,178.2,,,,,,,,,,Flexiona mas las rodillas para estabilizar el centro de gravedad. | Inclina un poco mas el tronco para una mejor recepcion.
2026-08-03T19:49:26.441546,lateral,INCORRECTO,RIGHT,79.0,177.6,168.6,,,,,,,,,,Extiende mas los brazos para formar una plataforma firme. | Flexiona mas las rodillas para estabilizar el centro de gravedad. | Inclina un poco mas el tronco para una mejor recepcion.
2026-08-03T19:49:27.377105,lateral,INCORRECTO,RIGHT,104.8,178.1,176.7,,,,,,,,,,Extiende mas los brazos para formar una plataforma firme. | Flexiona mas las rodillas para estabilizar el centro de gravedad. | Inclina un poco mas el tronco para una mejor recepcion.
2026-08-03T19:49:27.804142,lateral,INCORRECTO,RIGHT,83.6,174.2,174.7,,,,,,,,,,Extiende mas los brazos para formar una plataforma firme. | Flexiona mas las rodillas para estabilizar el centro de gravedad. | Inclina un poco mas el tronco para una mejor recepcion.
2026-08-03T19:49:28.238759,lateral,INCORRECTO,RIGHT,109.1,173.6,174.5,,,,,,,,,,Extiende mas los brazos para formar una plataforma firme. | Flexiona mas las rodillas para estabilizar el centro de gravedad. | Inclina un poco mas el tronco para una mejor recepcion.
2026-08-03T19:49:28.695383,lateral,INCORRECTO,RIGHT,121.6,176.1,177.5,,,,,,,,,,Extiende mas los brazos para formar una plataforma firme. | Flexiona mas las rodillas para estabilizar el centro de gravedad. | Inclina un poco mas el tronco para una mejor recepcion.
2026-08-03T19:49:29.129211,lateral,INCORRECTO,RIGHT,103.2,180.0,179.1,,,,,,,,,,Extiende mas los brazos para formar una plataforma firme. | Flexiona mas las rodillas para estabilizar el centro de gravedad. | Inclina un poco mas el tronco para una mejor recepcion.
2026-08-03T19:49:29.578705,lateral,INCORRECTO,RIGHT,112.7,178.6,178.5,,,,,,,,,,Extiende mas los brazos para formar una plataforma firme. | Flexiona mas las rodillas para estabilizar el centro de gravedad. | Inclina un poco mas el tronco para una mejor recepcion.
2026-08-03T19:49:30.029601,lateral,INCORRECTO,RIGHT,135.6,178.6,176.7,,,,,,,,,,Extiende mas los brazos para formar una plataforma firme. | Flexiona mas las rodillas para estabilizar el centro de gravedad. | Inclina un poco mas el tronco para una mejor recepcion.
2026-08-03T19:49:30.478643,lateral,INCORRECTO,RIGHT,130.4,179.6,176.5,,,,,,,,,,Extiende mas los brazos para formar una plataforma firme. | Flexiona mas las rodillas para estabilizar el centro de gravedad. | Inclina un poco mas el tronco para una mejor recepcion.
2026-08-03T19:49:30.929004,lateral,INCORRECTO,RIGHT,121.7,179.6,176.4,,,,,,,,,,Extiende mas los brazos para formar una plataforma firme. | Flexiona mas las rodillas para estabilizar el centro de gravedad. | Inclina un poco mas el tronco para una mejor recepcion.
2026-08-03T19:49:31.378776,lateral,INCORRECTO,RIGHT,138.3,179.0,176.1,,,,,,,,,,Extiende mas los brazos para formar una plataforma firme. | Flexiona mas las rodillas para estabilizar el centro de gravedad. | Inclina un poco mas el tronco para una mejor recepcion.
2026-08-03T19:49:31.849277,lateral,INCORRECTO,RIGHT,124.0,177.4,177.5,,,,,,,,,,Extiende mas los brazos para formar una plataforma firme. | Flexiona mas las rodillas para estabilizar el centro de gravedad. | Inclina un poco mas el tronco para una mejor recepcion.
2026-08-03T19:49:32.279106,lateral,INCORRECTO,RIGHT,123.0,175.1,175.6,,,,,,,,,,Extiende mas los brazos para formar una plataforma firme. | Flexiona mas las rodillas para estabilizar el centro de gravedad. | Inclina un poco mas el tronco para una mejor recepcion.
2026-08-03T19:49:32.734521,lateral,INCORRECTO,RIGHT,162.9,177.7,176.9,,,,,,,,,,Flexiona mas las rodillas para estabilizar el centro de gravedad. | Inclina un poco mas el tronco para una mejor recepcion.
2026-08-03T19:49:33.190818,lateral,INCORRECTO,RIGHT,172.0,175.1,178.0,,,,,,,,,,Flexiona mas las rodillas para estabilizar el centro de gravedad. | Inclina un poco mas el tronco para una mejor recepcion.
2026-08-03T19:49:33.628372,lateral,INCORRECTO,RIGHT,158.5,177.7,175.8,,,,,,,,,,Flexiona mas las rodillas para estabilizar el centro de gravedad. | Inclina un poco mas el tronco para una mejor recepcion.
2026-08-03T19:49:34.077789,lateral,INCORRECTO,RIGHT,169.7,168.3,179.2,,,,,,,,,,Flexiona mas las rodillas para estabilizar el centro de gravedad. | Inclina un poco mas el tronco para una mejor recepcion.
2026-08-03T19:49:34.528165,lateral,INCORRECTO,RIGHT,176.7,168.1,168.6,,,,,,,,,,Flexiona mas las rodillas para estabilizar el centro de gravedad. | Inclina un poco mas el tronco para una mejor recepcion.
2026-08-03T19:49:34.994802,lateral,INCORRECTO,RIGHT,168.9,179.8,177.4,,,,,,,,,,Flexiona mas las rodillas para estabilizar el centro de gravedad. | Inclina un poco mas el tronco para una mejor recepcion.
2026-08-03T19:49:35.457887,lateral,INCORRECTO,RIGHT,157.7,174.1,164.0,,,,,,,,,,Flexiona mas las rodillas para estabilizar el centro de gravedad. | Inclina un poco mas el tronco para una mejor recepcion.
2026-08-03T19:49:35.888862,lateral,INCORRECTO,RIGHT,165.7,113.6,169.5,,,,,,,,,,Inclina un poco mas el tronco para una mejor recepcion.
2026-08-03T19:49:36.327801,lateral,INCORRECTO,RIGHT,160.9,157.1,173.3,,,,,,,,,,Flexiona mas las rodillas para estabilizar el centro de gravedad. | Inclina un poco mas el tronco para una mejor recepcion.
2026-08-03T19:49:36.777766,lateral,INCORRECTO,RIGHT,155.6,159.5,179.8,,,,,,,,,,Flexiona mas las rodillas para estabilizar el centro de gravedad. | Inclina un poco mas el tronco para una mejor recepcion.
2026-08-03T19:49:37.227673,lateral,INCORRECTO,RIGHT,153.7,174.3,177.8,,,,,,,,,,Flexiona mas las rodillas para estabilizar el centro de gravedad. | Inclina un poco mas el tronco para una mejor recepcion.
2026-08-03T19:49:37.687319,lateral,INCORRECTO,RIGHT,154.1,170.3,178.7,,,,,,,,,,Flexiona mas las rodillas para estabilizar el centro de gravedad. | Inclina un poco mas el tronco para una mejor recepcion.
2026-08-03T19:49:38.144423,lateral,INCORRECTO,RIGHT,153.7,175.6,179.1,,,,,,,,,,Flexiona mas las rodillas para estabilizar el centro de gravedad. | Inclina un poco mas el tronco para una mejor recepcion.
2026-08-03T19:49:38.577532,lateral,INCORRECTO,RIGHT,124.4,158.0,176.1,,,,,,,,,,Extiende mas los brazos para formar una plataforma firme. | Flexiona mas las rodillas para estabilizar el centro de gravedad. | Inclina un poco mas el tronco para una mejor recepcion.
2026-08-03T19:49:39.027616,lateral,INCORRECTO,RIGHT,77.4,129.2,158.1,,,,,,,,,,Extiende mas los brazos para formar una plataforma firme.
2026-08-03T19:49:39.610790,lateral,INCORRECTO,RIGHT,166.5,131.7,161.0,,,,,,,,,,Inclina un poco mas el tronco para una mejor recepcion.
2026-08-03T19:49:39.943033,lateral,INCORRECTO,RIGHT,152.6,141.7,170.0,,,,,,,,,,Flexiona mas las rodillas para estabilizar el centro de gravedad. | Inclina un poco mas el tronco para una mejor recepcion.
2026-08-03T19:49:40.378427,lateral,INCORRECTO,RIGHT,172.4,160.8,178.4,,,,,,,,,,Flexiona mas las rodillas para estabilizar el centro de gravedad. | Inclina un poco mas el tronco para una mejor recepcion.
2026-08-03T19:49:40.827369,lateral,INCORRECTO,RIGHT,165.1,166.0,175.2,,,,,,,,,,Flexiona mas las rodillas para estabilizar el centro de gravedad. | Inclina un poco mas el tronco para una mejor recepcion.
2026-08-03T19:49:41.294140,lateral,INCORRECTO,RIGHT,176.7,174.3,172.9,,,,,,,,,,Flexiona mas las rodillas para estabilizar el centro de gravedad. | Inclina un poco mas el tronco para una mejor recepcion.
2026-08-03T19:49:41.710850,lateral,INCORRECTO,RIGHT,169.4,174.4,175.4,,,,,,,,,,Flexiona mas las rodillas para estabilizar el centro de gravedad. | Inclina un poco mas el tronco para una mejor recepcion.
2026-08-03T19:49:42.189903,lateral,INCORRECTO,RIGHT,177.6,177.0,174.6,,,,,,,,,,Flexiona mas las rodillas para estabilizar el centro de gravedad. | Inclina un poco mas el tronco para una mejor recepcion.
2026-08-03T19:49:42.627174,lateral,INCORRECTO,RIGHT,179.6,162.8,173.1,,,,,,,,,,Flexiona mas las rodillas para estabilizar el centro de gravedad. | Inclina un poco mas el tronco para una mejor recepcion.
2026-08-03T19:49:43.085708,lateral,INCORRECTO,RIGHT,175.2,179.9,171.9,,,,,,,,,,Flexiona mas las rodillas para estabilizar el centro de gravedad. | Inclina un poco mas el tronco para una mejor recepcion.
2026-08-03T19:49:43.527297,lateral,INCORRECTO,RIGHT,161.4,175.1,179.3,,,,,,,,,,Flexiona mas las rodillas para estabilizar el centro de gravedad. | Inclina un poco mas el tronco para una mejor recepcion.
2026-08-03T19:49:43.977329,lateral,INCORRECTO,RIGHT,171.9,174.9,177.9,,,,,,,,,,Flexiona mas las rodillas para estabilizar el centro de gravedad. | Inclina un poco mas el tronco para una mejor recepcion.
2026-08-03T19:49:44.427847,lateral,INCORRECTO,RIGHT,171.9,176.7,174.5,,,,,,,,,,Flexiona mas las rodillas para estabilizar el centro de gravedad. | Inclina un poco mas el tronco para una mejor recepcion.
2026-08-03T19:49:44.890750,lateral,INCORRECTO,RIGHT,151.9,165.2,178.8,,,,,,,,,,Flexiona mas las rodillas para estabilizar el centro de gravedad. | Inclina un poco mas el tronco para una mejor recepcion.
2026-08-03T19:49:45.331307,lateral,INCORRECTO,RIGHT,166.0,156.6,171.4,,,,,,,,,,Flexiona mas las rodillas para estabilizar el centro de gravedad. | Inclina un poco mas el tronco para una mejor recepcion.
2026-08-03T19:49:45.790555,lateral,INCORRECTO,RIGHT,166.3,165.5,180.0,,,,,,,,,,Flexiona mas las rodillas para estabilizar el centro de gravedad. | Inclina un poco mas el tronco para una mejor recepcion.
2026-08-03T19:49:46.227847,lateral,INCORRECTO,RIGHT,161.0,160.0,169.7,,,,,,,,,,Flexiona mas las rodillas para estabilizar el centro de gravedad. | Inclina un poco mas el tronco para una mejor recepcion.
2026-08-03T19:49:46.676992,lateral,INCORRECTO,RIGHT,155.9,170.3,173.7,,,,,,,,,,Flexiona mas las rodillas para estabilizar el centro de gravedad. | Inclina un poco mas el tronco para una mejor recepcion.
2026-08-03T19:49:47.127590,lateral,INCORRECTO,RIGHT,156.8,153.5,178.2,,,,,,,,,,Flexiona mas las rodillas para estabilizar el centro de gravedad. | Inclina un poco mas el tronco para una mejor recepcion.
2026-08-03T19:49:47.626875,lateral,CORRECTO,RIGHT,141.1,102.4,129.3,,,,,,,,,,Extiende mas los brazos para formar una plataforma firme. | Buena ejecucion general. Ajusta detalles para mayor precision.
2026-08-03T19:49:48.037181,lateral,CORRECTO,RIGHT,116.6,104.8,134.0,,,,,,,,,,Extiende mas los brazos para formar una plataforma firme. | Buena ejecucion general. Ajusta detalles para mayor precision.
2026-08-03T19:49:48.476854,lateral,CORRECTO,RIGHT,34.6,123.0,154.4,,,,,,,,,,Extiende mas los brazos para formar una plataforma firme. | Buena ejecucion general. Ajusta detalles para mayor precision.
2026-08-03T19:49:49.413688,lateral,INCORRECTO,RIGHT,174.6,170.9,162.6,,,,,,,,,,Flexiona mas las rodillas para estabilizar el centro de gravedad. | Inclina un poco mas el tronco para una mejor recepcion.
2026-08-03T19:49:49.845083,lateral,CORRECTO,RIGHT,170.5,126.2,155.3,,,,,,,,,,Tecnica correcta. Mantener postura y sincronizacion.
2026-08-03T19:49:50.280288,lateral,INCORRECTO,RIGHT,131.3,167.0,177.5,,,,,,,,,,Extiende mas los brazos para formar una plataforma firme. | Flexiona mas las rodillas para estabilizar el centro de gravedad. | Inclina un poco mas el tronco para una mejor recepcion.
2026-08-03T19:49:50.712414,lateral,INCORRECTO,RIGHT,106.4,157.1,174.1,,,,,,,,,,Extiende mas los brazos para formar una plataforma firme. | Flexiona mas las rodillas para estabilizar el centro de gravedad. | Inclina un poco mas el tronco para una mejor recepcion.
2026-08-03T19:49:51.186842,lateral,INCORRECTO,RIGHT,111.8,139.0,152.8,,,,,,,,,,Extiende mas los brazos para formar una plataforma firme. | Flexiona mas las rodillas para estabilizar el centro de gravedad.
2026-08-03T19:49:51.693858,lateral,INCORRECTO,RIGHT,113.6,158.5,176.2,,,,,,,,,,Extiende mas los brazos para formar una plataforma firme. | Flexiona mas las rodillas para estabilizar el centro de gravedad. | Inclina un poco mas el tronco para una mejor recepcion.
2026-08-03T19:49:52.088250,lateral,INCORRECTO,RIGHT,173.5,160.4,174.7,,,,,,,,,,Flexiona mas las rodillas para estabilizar el centro de gravedad. | Inclina un poco mas el tronco para una mejor recepcion.
2026-08-03T19:49:52.527340,lateral,INCORRECTO,RIGHT,176.8,162.7,175.6,,,,,,,,,,Flexiona mas las rodillas para estabilizar el centro de gravedad. | Inclina un poco mas el tronco para una mejor recepcion.
2026-08-03T19:49:52.981073,lateral,INCORRECTO,RIGHT,163.9,176.1,176.8,,,,,,,,,,Flexiona mas las rodillas para estabilizar el centro de gravedad. | Inclina un poco mas el tronco para una mejor recepcion.
2026-08-03T19:49:53.431248,lateral,INCORRECTO,RIGHT,158.1,179.3,167.8,,,,,,,,,,Flexiona mas las rodillas para estabilizar el centro de gravedad. | Inclina un poco mas el tronco para una mejor recepcion.
2026-08-03T19:49:53.895018,lateral,INCORRECTO,RIGHT,151.6,145.4,162.2,,,,,,,,,,Flexiona mas las rodillas para estabilizar el centro de gravedad. | Inclina un poco mas el tronco para una mejor recepcion.
2026-08-03T19:49:54.327887,lateral,INCORRECTO,RIGHT,178.5,145.6,172.5,,,,,,,,,,Flexiona mas las rodillas para estabilizar el centro de gravedad. | Inclina un poco mas el tronco para una mejor recepcion.
2026-08-03T19:49:54.777194,lateral,INCORRECTO,RIGHT,172.0,127.5,170.3,,,,,,,,,,Inclina un poco mas el tronco para una mejor recepcion.
2026-08-03T19:49:55.227409,lateral,INCORRECTO,RIGHT,108.3,165.2,158.0,,,,,,,,,,Extiende mas los brazos para formar una plataforma firme. | Flexiona mas las rodillas para estabilizar el centro de gravedad.
2026-08-03T19:49:55.685412,lateral,INCORRECTO,RIGHT,178.8,172.8,166.9,,,,,,,,,,Flexiona mas las rodillas para estabilizar el centro de gravedad. | Inclina un poco mas el tronco para una mejor recepcion.
2026-08-03T19:49:56.610600,lateral,INCORRECTO,RIGHT,146.2,153.0,170.8,,,,,,,,,,Extiende mas los brazos para formar una plataforma firme. | Flexiona mas las rodillas para estabilizar el centro de gravedad. | Inclina un poco mas el tronco para una mejor recepcion.
2026-08-03T19:49:57.029160,lateral,INCORRECTO,RIGHT,162.8,162.2,177.2,,,,,,,,,,Flexiona mas las rodillas para estabilizar el centro de gravedad. | Inclina un poco mas el tronco para una mejor recepcion.
2026-08-03T19:49:57.477889,lateral,INCORRECTO,RIGHT,168.1,164.2,177.8,,,,,,,,,,Flexiona mas las rodillas para estabilizar el centro de gravedad. | Inclina un poco mas el tronco para una mejor recepcion.
2026-08-03T19:49:57.927859,lateral,INCORRECTO,RIGHT,142.3,156.6,174.9,,,,,,,,,,Extiende mas los brazos para formar una plataforma firme. | Flexiona mas las rodillas para estabilizar el centro de gravedad. | Inclina un poco mas el tronco para una mejor recepcion.
2026-08-03T19:49:58.378480,lateral,INCORRECTO,RIGHT,146.2,158.0,171.0,,,,,,,,,,Extiende mas los brazos para formar una plataforma firme. | Flexiona mas las rodillas para estabilizar el centro de gravedad. | Inclina un poco mas el tronco para una mejor recepcion.
2026-08-03T19:49:58.827784,lateral,INCORRECTO,RIGHT,167.2,135.8,151.3,,,,,,,,,,Flexiona mas las rodillas para estabilizar el centro de gravedad.
2026-08-03T19:49:59.302698,lateral,CORRECTO,RIGHT,141.2,119.1,145.5,,,,,,,,,,Extiende mas los brazos para formar una plataforma firme. | Buena ejecucion general. Ajusta detalles para mayor precision.
2026-08-03T19:49:59.729362,lateral,INCORRECTO,RIGHT,148.2,162.9,175.1,,,,,,,,,,Extiende mas los brazos para formar una plataforma firme. | Flexiona mas las rodillas para estabilizar el centro de gravedad. | Inclina un poco mas el tronco para una mejor recepcion.
2026-08-03T19:50:00.178259,lateral,INCORRECTO,RIGHT,150.6,163.3,177.2,,,,,,,,,,Flexiona mas las rodillas para estabilizar el centro de gravedad. | Inclina un poco mas el tronco para una mejor recepcion.
2026-08-03T19:50:00.647447,lateral,INCORRECTO,RIGHT,169.0,178.3,168.6,,,,,,,,,,Flexiona mas las rodillas para estabilizar el centro de gravedad. | Inclina un poco mas el tronco para una mejor recepcion.
2026-08-03T19:50:01.097169,lateral,INCORRECTO,RIGHT,163.7,167.7,168.5,,,,,,,,,,Flexiona mas las rodillas para estabilizar el centro de gravedad. | Inclina un poco mas el tronco para una mejor recepcion.
2026-08-03T19:50:01.542823,lateral,INCORRECTO,RIGHT,166.4,169.2,162.1,,,,,,,,,,Flexiona mas las rodillas para estabilizar el centro de gravedad. | Inclina un poco mas el tronco para una mejor recepcion.
2026-08-03T19:50:01.980025,lateral,INCORRECTO,RIGHT,161.6,160.4,172.3,,,,,,,,,,Flexiona mas las rodillas para estabilizar el centro de gravedad. | Inclina un poco mas el tronco para una mejor recepcion.
2026-08-03T19:50:02.445343,lateral,INCORRECTO,RIGHT,178.8,140.1,168.3,,,,,,,,,,Flexiona mas las rodillas para estabilizar el centro de gravedad. | Inclina un poco mas el tronco para una mejor recepcion.
2026-08-03T19:50:02.881023,lateral,INCORRECTO,RIGHT,167.3,135.2,157.8,,,,,,,,,,Flexiona mas las rodillas para estabilizar el centro de gravedad.
2026-08-03T19:50:03.326583,lateral,INCORRECTO,RIGHT,164.0,161.1,168.6,,,,,,,,,,Flexiona mas las rodillas para estabilizar el centro de gravedad. | Inclina un poco mas el tronco para una mejor recepcion.
2026-08-03T19:50:03.778838,lateral,INCORRECTO,RIGHT,75.1,142.6,155.9,,,,,,,,,,Extiende mas los brazos para formar una plataforma firme. | Flexiona mas las rodillas para estabilizar el centro de gravedad.
2026-08-03T19:50:04.229763,lateral,CORRECTO,RIGHT,76.7,118.1,141.9,,,,,,,,,,Extiende mas los brazos para formar una plataforma firme. | Buena ejecucion general. Ajusta detalles para mayor precision.
2026-08-03T19:50:04.683395,lateral,INCORRECTO,RIGHT,132.3,168.4,152.0,,,,,,,,,,Extiende mas los brazos para formar una plataforma firme. | Flexiona mas las rodillas para estabilizar el centro de gravedad.
2026-08-03T19:50:05.129563,lateral,INCORRECTO,RIGHT,138.8,163.8,168.9,,,,,,,,,,Extiende mas los brazos para formar una plataforma firme. | Flexiona mas las rodillas para estabilizar el centro de gravedad. | Inclina un poco mas el tronco para una mejor recepcion.
2026-08-03T19:50:05.579479,lateral,INCORRECTO,RIGHT,137.3,176.3,164.3,,,,,,,,,,Extiende mas los brazos para formar una plataforma firme. | Flexiona mas las rodillas para estabilizar el centro de gravedad. | Inclina un poco mas el tronco para una mejor recepcion.
2026-08-03T19:50:06.030036,lateral,INCORRECTO,RIGHT,178.4,161.7,178.6,,,,,,,,,,Flexiona mas las rodillas para estabilizar el centro de gravedad. | Inclina un poco mas el tronco para una mejor recepcion.
2026-08-03T19:50:06.966462,lateral,INCORRECTO,RIGHT,155.4,149.3,157.1,,,,,,,,,,Flexiona mas las rodillas para estabilizar el centro de gravedad.
2026-08-03T19:50:08.769730,lateral,INCORRECTO,RIGHT,170.4,163.5,179.9,,,,,,,,,,Flexiona mas las rodillas para estabilizar el centro de gravedad. | Inclina un poco mas el tronco para una mejor recepcion.
2026-08-03T19:50:09.178100,lateral,INCORRECTO,RIGHT,131.3,168.0,168.9,,,,,,,,,,Extiende mas los brazos para formar una plataforma firme. | Flexiona mas las rodillas para estabilizar el centro de gravedad. | Inclina un poco mas el tronco para una mejor recepcion.
2026-08-03T19:50:09.626765,lateral,INCORRECTO,RIGHT,128.9,157.4,170.0,,,,,,,,,,Extiende mas los brazos para formar una plataforma firme. | Flexiona mas las rodillas para estabilizar el centro de gravedad. | Inclina un poco mas el tronco para una mejor recepcion.
2026-08-03T19:50:10.080852,lateral,INCORRECTO,RIGHT,161.2,171.5,175.0,,,,,,,,,,Flexiona mas las rodillas para estabilizar el centro de gravedad. | Inclina un poco mas el tronco para una mejor recepcion.
2026-08-03T19:50:10.538647,lateral,INCORRECTO,RIGHT,169.8,173.2,165.7,,,,,,,,,,Flexiona mas las rodillas para estabilizar el centro de gravedad. | Inclina un poco mas el tronco para una mejor recepcion.
2026-08-03T19:50:10.992942,lateral,INCORRECTO,RIGHT,174.0,155.6,178.8,,,,,,,,,,Flexiona mas las rodillas para estabilizar el centro de gravedad. | Inclina un poco mas el tronco para una mejor recepcion.
2026-08-03T19:50:11.427352,lateral,INCORRECTO,RIGHT,178.5,173.2,172.0,,,,,,,,,,Flexiona mas las rodillas para estabilizar el centro de gravedad. | Inclina un poco mas el tronco para una mejor recepcion.
2026-08-03T19:50:11.876217,lateral,INCORRECTO,RIGHT,38.5,172.9,176.1,,,,,,,,,,Extiende mas los brazos para formar una plataforma firme. | Flexiona mas las rodillas para estabilizar el centro de gravedad. | Inclina un poco mas el tronco para una mejor recepcion.
2026-08-03T19:50:12.326590,lateral,INCORRECTO,RIGHT,159.7,172.2,176.2,,,,,,,,,,Flexiona mas las rodillas para estabilizar el centro de gravedad. | Inclina un poco mas el tronco para una mejor recepcion.
2026-08-03T19:50:12.777727,lateral,INCORRECTO,RIGHT,157.8,177.0,171.6,,,,,,,,,,Flexiona mas las rodillas para estabilizar el centro de gravedad. | Inclina un poco mas el tronco para una mejor recepcion.
2026-08-03T19:50:13.226660,lateral,INCORRECTO,RIGHT,169.0,178.9,167.9,,,,,,,,,,Flexiona mas las rodillas para estabilizar el centro de gravedad. | Inclina un poco mas el tronco para una mejor recepcion.
2026-08-03T19:50:13.677368,lateral,INCORRECTO,RIGHT,167.0,175.5,171.6,,,,,,,,,,Flexiona mas las rodillas para estabilizar el centro de gravedad. | Inclina un poco mas el tronco para una mejor recepcion.
2026-08-03T19:50:14.122932,lateral,INCORRECTO,RIGHT,166.8,171.7,164.2,,,,,,,,,,Flexiona mas las rodillas para estabilizar el centro de gravedad. | Inclina un poco mas el tronco para una mejor recepcion.
2026-08-03T19:50:14.577837,lateral,INCORRECTO,RIGHT,159.4,171.0,167.7,,,,,,,,,,Flexiona mas las rodillas para estabilizar el centro de gravedad. | Inclina un poco mas el tronco para una mejor recepcion.
2026-08-03T19:50:15.026079,lateral,INCORRECTO,RIGHT,150.9,174.8,179.2,,,,,,,,,,Flexiona mas las rodillas para estabilizar el centro de gravedad. | Inclina un poco mas el tronco para una mejor recepcion.
2026-08-03T19:50:15.460468,lateral,INCORRECTO,RIGHT,167.9,176.7,179.9,,,,,,,,,,Flexiona mas las rodillas para estabilizar el centro de gravedad. | Inclina un poco mas el tronco para una mejor recepcion.
2026-08-03T19:50:15.930993,lateral,INCORRECTO,RIGHT,162.5,171.3,176.6,,,,,,,,,,Flexiona mas las rodillas para estabilizar el centro de gravedad. | Inclina un poco mas el tronco para una mejor recepcion.
2026-08-03T19:50:16.392794,lateral,INCORRECTO,RIGHT,160.3,159.5,166.4,,,,,,,,,,Flexiona mas las rodillas para estabilizar el centro de gravedad. | Inclina un poco mas el tronco para una mejor recepcion.
2026-08-03T19:50:16.842901,lateral,INCORRECTO,RIGHT,158.7,167.6,172.8,,,,,,,,,,Flexiona mas las rodillas para estabilizar el centro de gravedad. | Inclina un poco mas el tronco para una mejor recepcion.
2026-08-03T19:50:17.275856,lateral,INCORRECTO,RIGHT,157.5,171.2,179.5,,,,,,,,,,Flexiona mas las rodillas para estabilizar el centro de gravedad. | Inclina un poco mas el tronco para una mejor recepcion.
2026-08-03T19:50:17.730903,lateral,INCORRECTO,RIGHT,90.6,158.4,173.0,,,,,,,,,,Extiende mas los brazos para formar una plataforma firme. | Flexiona mas las rodillas para estabilizar el centro de gravedad. | Inclina un poco mas el tronco para una mejor recepcion.
2026-08-03T19:50:18.160842,lateral,CORRECTO,RIGHT,171.9,31.0,23.8,,,,,,,,,,"Sube un poco la postura: la flexion de rodilla es muy cerrada. | Endereza un poco el tronco, hay demasiada inclinacion. | Buena ejecucion general. Ajusta detalles para mayor precision."
2026-08-03T19:50:50.123807,frontal,INCORRECTO,frontal,149.2,172.2,170.8,157.8,140.6,173.4,171.0,0.179,0.0852,0.974,0.4839,5.877,Centra el tronco sobre la cadera para mejorar estabilidad. | Alinea la altura de ambas rodillas para una base simetrica. | Mantén ambas manos a una altura similar al formar la plataforma. | Abre un poco mas la base de apoyo con los tobillos.
2026-08-03T19:50:50.573604,frontal,INCORRECTO,frontal,99.0,152.8,7.1,142.8,55.2,136.3,169.4,0.2842,0.1222,0.0904,0.4094,11.6914,Centra el tronco sobre la cadera para mejorar estabilidad. | Alinea la altura de ambas rodillas para una base simetrica. | Mantén ambas manos a una altura similar al formar la plataforma. | Abre un poco mas la base de apoyo con los tobillos. | Mantén el tronco recto: evita inclinarlo hacia los lados.
2026-08-03T19:51:00.260844,lateral,INCORRECTO,RIGHT,158.1,177.9,174.5,,,,,,,,,,Flexiona mas las rodillas para estabilizar el centro de gravedad. | Inclina un poco mas el tronco para una mejor recepcion.
2026-08-03T19:51:19.227452,lateral,INCORRECTO,RIGHT,52.5,168.3,169.2,,,,,,,,,,Extiende mas los brazos para formar una plataforma firme. | Flexiona mas las rodillas para estabilizar el centro de gravedad. | Inclina un poco mas el tronco para una mejor recepcion.
2026-08-03T19:51:21.712056,lateral,INCORRECTO,RIGHT,36.9,171.0,177.5,,,,,,,,,,Extiende mas los brazos para formar una plataforma firme. | Flexiona mas las rodillas para estabilizar el centro de gravedad. | Inclina un poco mas el tronco para una mejor recepcion.
2026-08-03T19:51:22.098267,lateral,INCORRECTO,RIGHT,131.6,170.9,136.6,,,,,,,,,,Extiende mas los brazos para formar una plataforma firme. | Flexiona mas las rodillas para estabilizar el centro de gravedad.
2026-08-03T19:51:22.545819,lateral,INCORRECTO,RIGHT,123.7,161.3,140.1,,,,,,,,,,Extiende mas los brazos para formar una plataforma firme. | Flexiona mas las rodillas para estabilizar el centro de gravedad.
2026-08-03T19:51:23.461504,lateral,INCORRECTO,RIGHT,165.8,178.6,174.2,,,,,,,,,,Flexiona mas las rodillas para estabilizar el centro de gravedad. | Inclina un poco mas el tronco para una mejor recepcion.
2026-08-03T19:51:23.876785,lateral,INCORRECTO,RIGHT,170.0,174.9,178.7,,,,,,,,,,Flexiona mas las rodillas para estabilizar el centro de gravedad. | Inclina un poco mas el tronco para una mejor recepcion.
2026-08-03T19:51:24.345891,lateral,INCORRECTO,RIGHT,151.8,156.6,171.4,,,,,,,,,,Flexiona mas las rodillas para estabilizar el centro de gravedad. | Inclina un poco mas el tronco para una mejor recepcion.
2026-08-03T19:51:24.762555,lateral,INCORRECTO,RIGHT,164.1,173.9,174.7,,,,,,,,,,Flexiona mas las rodillas para estabilizar el centro de gravedad. | Inclina un poco mas el tronco para una mejor recepcion.
2026-08-03T19:51:25.240420,lateral,INCORRECTO,RIGHT,160.0,156.8,173.3,,,,,,,,,,Flexiona mas las rodillas para estabilizar el centro de gravedad. | Inclina un poco mas el tronco para una mejor recepcion.
2026-08-03T19:51:25.689609,lateral,INCORRECTO,RIGHT,140.0,172.2,174.3,,,,,,,,,,Extiende mas los brazos para formar una plataforma firme. | Flexiona mas las rodillas para estabilizar el centro de gravedad. | Inclina un poco mas el tronco para una mejor recepcion.
2026-08-03T19:51:26.134627,lateral,INCORRECTO,RIGHT,160.2,168.4,175.1,,,,,,,,,,Flexiona mas las rodillas para estabilizar el centro de gravedad. | Inclina un poco mas el tronco para una mejor recepcion.
2026-08-03T19:51:26.592997,lateral,INCORRECTO,RIGHT,154.2,167.8,170.2,,,,,,,,,,Flexiona mas las rodillas para estabilizar el centro de gravedad. | Inclina un poco mas el tronco para una mejor recepcion.
2026-08-03T19:51:27.028438,lateral,INCORRECTO,RIGHT,166.1,175.1,174.6,,,,,,,,,,Flexiona mas las rodillas para estabilizar el centro de gravedad. | Inclina un poco mas el tronco para una mejor recepcion.
2026-08-03T19:51:27.473092,lateral,INCORRECTO,RIGHT,165.3,167.8,179.6,,,,,,,,,,Flexiona mas las rodillas para estabilizar el centro de gravedad. | Inclina un poco mas el tronco para una mejor recepcion.
2026-08-03T19:51:27.921857,lateral,INCORRECTO,RIGHT,165.0,169.2,176.4,,,,,,,,,,Flexiona mas las rodillas para estabilizar el centro de gravedad. | Inclina un poco mas el tronco para una mejor recepcion.
2026-08-03T19:51:28.374431,lateral,INCORRECTO,RIGHT,172.7,166.7,173.6,,,,,,,,,,Flexiona mas las rodillas para estabilizar el centro de gravedad. | Inclina un poco mas el tronco para una mejor recepcion.
2026-08-03T19:51:28.822025,lateral,INCORRECTO,RIGHT,166.0,166.4,176.7,,,,,,,,,,Flexiona mas las rodillas para estabilizar el centro de gravedad. | Inclina un poco mas el tronco para una mejor recepcion.
2026-08-03T19:51:29.275124,lateral,INCORRECTO,RIGHT,163.0,168.4,177.6,,,,,,,,,,Flexiona mas las rodillas para estabilizar el centro de gravedad. | Inclina un poco mas el tronco para una mejor recepcion.
2026-08-03T19:51:29.722130,lateral,INCORRECTO,RIGHT,149.5,165.5,176.1,,,,,,,,,,Extiende mas los brazos para formar una plataforma firme. | Flexiona mas las rodillas para estabilizar el centro de gravedad. | Inclina un poco mas el tronco para una mejor recepcion.
2026-08-03T19:51:30.179222,lateral,INCORRECTO,RIGHT,133.1,149.5,168.0,,,,,,,,,,Extiende mas los brazos para formar una plataforma firme. | Flexiona mas las rodillas para estabilizar el centro de gravedad. | Inclina un poco mas el tronco para una mejor recepcion.
2026-08-03T19:51:30.641098,lateral,CORRECTO,RIGHT,168.5,126.2,153.2,,,,,,,,,,Tecnica correcta. Mantener postura y sincronizacion.
2026-08-03T19:51:31.082293,lateral,INCORRECTO,RIGHT,45.0,156.4,179.3,,,,,,,,,,Extiende mas los brazos para formar una plataforma firme. | Flexiona mas las rodillas para estabilizar el centro de gravedad. | Inclina un poco mas el tronco para una mejor recepcion.
2026-08-03T19:51:31.523854,lateral,INCORRECTO,RIGHT,128.5,157.5,171.8,,,,,,,,,,Extiende mas los brazos para formar una plataforma firme. | Flexiona mas las rodillas para estabilizar el centro de gravedad. | Inclina un poco mas el tronco para una mejor recepcion.
2026-08-03T19:51:31.971999,lateral,INCORRECTO,RIGHT,149.1,159.9,169.8,,,,,,,,,,Extiende mas los brazos para formar una plataforma firme. | Flexiona mas las rodillas para estabilizar el centro de gravedad. | Inclina un poco mas el tronco para una mejor recepcion.
2026-08-03T19:51:32.439419,lateral,INCORRECTO,RIGHT,51.2,162.3,136.0,,,,,,,,,,Extiende mas los brazos para formar una plataforma firme. | Flexiona mas las rodillas para estabilizar el centro de gravedad.
2026-08-03T19:51:33.368532,lateral,INCORRECTO,RIGHT,82.9,155.4,156.8,,,,,,,,,,Extiende mas los brazos para formar una plataforma firme. | Flexiona mas las rodillas para estabilizar el centro de gravedad.
2026-08-03T19:51:33.788089,lateral,CORRECTO,RIGHT,174.0,144.6,142.3,,,,,,,,,,Flexiona mas las rodillas para estabilizar el centro de gravedad. | Buena ejecucion general. Ajusta detalles para mayor precision.
2026-08-03T19:51:34.230708,lateral,INCORRECTO,RIGHT,162.6,174.0,171.3,,,,,,,,,,Flexiona mas las rodillas para estabilizar el centro de gravedad. | Inclina un poco mas el tronco para una mejor recepcion.
2026-08-03T19:51:34.673997,lateral,INCORRECTO,RIGHT,177.5,177.2,176.2,,,,,,,,,,Flexiona mas las rodillas para estabilizar el centro de gravedad. | Inclina un poco mas el tronco para una mejor recepcion.
2026-08-03T19:51:36.943293,lateral,INCORRECTO,RIGHT,177.5,145.7,164.4,,,,,,,,,,Flexiona mas las rodillas para estabilizar el centro de gravedad. | Inclina un poco mas el tronco para una mejor recepcion.
2026-08-03T19:51:37.380523,lateral,INCORRECTO,RIGHT,174.9,175.1,168.9,,,,,,,,,,Flexiona mas las rodillas para estabilizar el centro de gravedad. | Inclina un poco mas el tronco para una mejor recepcion.
2026-08-03T19:51:37.822376,lateral,INCORRECTO,RIGHT,177.5,171.9,168.3,,,,,,,,,,Flexiona mas las rodillas para estabilizar el centro de gravedad. | Inclina un poco mas el tronco para una mejor recepcion.
2026-08-03T19:51:38.288319,lateral,INCORRECTO,RIGHT,171.9,171.9,162.7,,,,,,,,,,Flexiona mas las rodillas para estabilizar el centro de gravedad. | Inclina un poco mas el tronco para una mejor recepcion.
2026-08-03T19:51:38.726368,lateral,INCORRECTO,RIGHT,85.6,171.9,3.8,,,,,,,,,,"Extiende mas los brazos para formar una plataforma firme. | Flexiona mas las rodillas para estabilizar el centro de gravedad. | Endereza un poco el tronco, hay demasiada inclinacion."
2026-08-03T19:51:39.173508,lateral,CORRECTO,RIGHT,105.3,8.7,12.8,,,,,,,,,,"Extiende mas los brazos para formar una plataforma firme. | Sube un poco la postura: la flexion de rodilla es muy cerrada. | Endereza un poco el tronco, hay demasiada inclinacion. | Buena ejecucion general. Ajusta detalles para mayor precision."
2026-08-03T19:51:46.854531,lateral,INCORRECTO,RIGHT,177.4,161.9,177.9,,,,,,,,,,Flexiona mas las rodillas para estabilizar el centro de gravedad. | Inclina un poco mas el tronco para una mejor recepcion.
2026-08-03T19:51:47.287752,lateral,INCORRECTO,RIGHT,97.4,171.4,158.4,,,,,,,,,,Extiende mas los brazos para formar una plataforma firme. | Flexiona mas las rodillas para estabilizar el centro de gravedad.
2026-08-03T19:51:47.755530,lateral,INCORRECTO,RIGHT,165.5,153.8,172.5,,,,,,,,,,Flexiona mas las rodillas para estabilizar el centro de gravedad. | Inclina un poco mas el tronco para una mejor recepcion.
2026-08-03T19:51:48.203901,lateral,INCORRECTO,RIGHT,168.3,176.0,179.5,,,,,,,,,,Flexiona mas las rodillas para estabilizar el centro de gravedad. | Inclina un poco mas el tronco para una mejor recepcion.
2026-08-03T19:51:48.654990,lateral,INCORRECTO,RIGHT,152.0,176.4,179.5,,,,,,,,,,Flexiona mas las rodillas para estabilizar el centro de gravedad. | Inclina un poco mas el tronco para una mejor recepcion.
2026-08-03T19:51:49.104686,lateral,INCORRECTO,RIGHT,144.0,170.5,174.6,,,,,,,,,,Extiende mas los brazos para formar una plataforma firme. | Flexiona mas las rodillas para estabilizar el centro de gravedad. | Inclina un poco mas el tronco para una mejor recepcion.
2026-08-03T19:51:49.588289,lateral,INCORRECTO,RIGHT,144.8,176.8,169.6,,,,,,,,,,Extiende mas los brazos para formar una plataforma firme. | Flexiona mas las rodillas para estabilizar el centro de gravedad. | Inclina un poco mas el tronco para una mejor recepcion.
2026-08-03T19:51:50.005504,lateral,INCORRECTO,RIGHT,165.2,176.4,166.0,,,,,,,,,,Flexiona mas las rodillas para estabilizar el centro de gravedad. | Inclina un poco mas el tronco para una mejor recepcion.
2026-08-03T19:51:50.455665,lateral,INCORRECTO,RIGHT,173.8,170.5,166.4,,,,,,,,,,Flexiona mas las rodillas para estabilizar el centro de gravedad. | Inclina un poco mas el tronco para una mejor recepcion.
2026-08-03T19:51:50.888584,lateral,INCORRECTO,RIGHT,159.7,176.3,165.1,,,,,,,,,,Flexiona mas las rodillas para estabilizar el centro de gravedad. | Inclina un poco mas el tronco para una mejor recepcion.
2026-08-03T19:51:51.347085,lateral,INCORRECTO,RIGHT,160.7,167.6,172.9,,,,,,,,,,Flexiona mas las rodillas para estabilizar el centro de gravedad. | Inclina un poco mas el tronco para una mejor recepcion.
2026-08-03T19:51:51.787855,lateral,INCORRECTO,RIGHT,161.6,162.9,173.7,,,,,,,,,,Flexiona mas las rodillas para estabilizar el centro de gravedad. | Inclina un poco mas el tronco para una mejor recepcion.
2026-08-03T19:51:52.238410,lateral,INCORRECTO,RIGHT,171.6,164.5,171.3,,,,,,,,,,Flexiona mas las rodillas para estabilizar el centro de gravedad. | Inclina un poco mas el tronco para una mejor recepcion.
2026-08-03T19:51:52.688029,lateral,INCORRECTO,RIGHT,157.4,173.3,168.2,,,,,,,,,,Flexiona mas las rodillas para estabilizar el centro de gravedad. | Inclina un poco mas el tronco para una mejor recepcion.
2026-08-03T19:51:53.138845,lateral,INCORRECTO,RIGHT,154.4,166.8,171.9,,,,,,,,,,Flexiona mas las rodillas para estabilizar el centro de gravedad. | Inclina un poco mas el tronco para una mejor recepcion.
2026-08-03T19:51:53.587330,lateral,INCORRECTO,RIGHT,119.3,160.4,174.1,,,,,,,,,,Extiende mas los brazos para formar una plataforma firme. | Flexiona mas las rodillas para estabilizar el centro de gravedad. | Inclina un poco mas el tronco para una mejor recepcion.
2026-08-03T19:51:54.038185,lateral,INCORRECTO,RIGHT,123.9,147.8,159.2,,,,,,,,,,Extiende mas los brazos para formar una plataforma firme. | Flexiona mas las rodillas para estabilizar el centro de gravedad.
2026-08-03T19:51:54.487812,lateral,CORRECTO,RIGHT,132.5,132.3,151.9,,,,,,,,,,Extiende mas los brazos para formar una plataforma firme. | Buena ejecucion general. Ajusta detalles para mayor precision.
2026-08-03T19:51:54.954966,lateral,CORRECTO,RIGHT,155.1,93.0,114.2,,,,,,,,,,Tecnica correcta. Mantener postura y sincronizacion.
2026-08-03T19:51:55.417616,lateral,INCORRECTO,RIGHT,143.2,137.2,154.4,,,,,,,,,,Extiende mas los brazos para formar una plataforma firme. | Flexiona mas las rodillas para estabilizar el centro de gravedad.
2026-08-03T19:51:55.837164,lateral,INCORRECTO,RIGHT,155.7,167.0,179.0,,,,,,,,,,Flexiona mas las rodillas para estabilizar el centro de gravedad. | Inclina un poco mas el tronco para una mejor recepcion.
2026-08-03T19:51:56.287239,lateral,INCORRECTO,RIGHT,171.9,174.6,166.8,,,,,,,,,,Flexiona mas las rodillas para estabilizar el centro de gravedad. | Inclina un poco mas el tronco para una mejor recepcion.
2026-08-03T19:51:56.726689,lateral,INCORRECTO,RIGHT,164.4,177.5,163.3,,,,,,,,,,Flexiona mas las rodillas para estabilizar el centro de gravedad. | Inclina un poco mas el tronco para una mejor recepcion.
2026-08-03T19:51:57.187249,lateral,INCORRECTO,RIGHT,156.2,170.1,176.5,,,,,,,,,,Flexiona mas las rodillas para estabilizar el centro de gravedad. | Inclina un poco mas el tronco para una mejor recepcion.
2026-08-03T19:51:57.623306,lateral,INCORRECTO,RIGHT,163.7,173.5,168.5,,,,,,,,,,Flexiona mas las rodillas para estabilizar el centro de gravedad. | Inclina un poco mas el tronco para una mejor recepcion.
2026-08-03T19:51:58.081890,lateral,INCORRECTO,RIGHT,177.2,177.5,177.0,,,,,,,,,,Flexiona mas las rodillas para estabilizar el centro de gravedad. | Inclina un poco mas el tronco para una mejor recepcion.
2026-08-03T19:51:59.011503,lateral,INCORRECTO,RIGHT,139.1,176.1,175.2,,,,,,,,,,Extiende mas los brazos para formar una plataforma firme. | Flexiona mas las rodillas para estabilizar el centro de gravedad. | Inclina un poco mas el tronco para una mejor recepcion.
2026-08-03T19:52:00.787170,lateral,INCORRECTO,RIGHT,159.8,172.7,160.9,,,,,,,,,,Flexiona mas las rodillas para estabilizar el centro de gravedad. | Inclina un poco mas el tronco para una mejor recepcion.
2026-08-03T19:52:01.220537,lateral,INCORRECTO,RIGHT,48.6,173.1,176.1,,,,,,,,,,Extiende mas los brazos para formar una plataforma firme. | Flexiona mas las rodillas para estabilizar el centro de gravedad. | Inclina un poco mas el tronco para una mejor recepcion.
2026-08-03T19:52:01.686818,lateral,INCORRECTO,RIGHT,157.3,175.1,172.3,,,,,,,,,,Flexiona mas las rodillas para estabilizar el centro de gravedad. | Inclina un poco mas el tronco para una mejor recepcion.
2026-08-03T19:52:02.134098,lateral,INCORRECTO,RIGHT,177.3,179.0,177.1,,,,,,,,,,Flexiona mas las rodillas para estabilizar el centro de gravedad. | Inclina un poco mas el tronco para una mejor recepcion.
2026-08-03T19:52:02.578108,lateral,CORRECTO,RIGHT,92.6,113.2,144.4,,,,,,,,,,Extiende mas los brazos para formar una plataforma firme. | Buena ejecucion general. Ajusta detalles para mayor precision.
2026-08-03T19:52:03.020266,lateral,INCORRECTO,RIGHT,151.1,147.5,148.9,,,,,,,,,,Flexiona mas las rodillas para estabilizar el centro de gravedad.
2026-08-03T19:52:03.969360,lateral,INCORRECTO,RIGHT,172.6,170.6,179.6,,,,,,,,,,Flexiona mas las rodillas para estabilizar el centro de gravedad. | Inclina un poco mas el tronco para una mejor recepcion.
2026-08-03T19:52:04.353483,lateral,INCORRECTO,RIGHT,172.4,168.7,178.9,,,,,,,,,,Flexiona mas las rodillas para estabilizar el centro de gravedad. | Inclina un poco mas el tronco para una mejor recepcion.
2026-08-03T19:52:04.820520,lateral,INCORRECTO,RIGHT,164.9,139.9,179.0,,,,,,,,,,Flexiona mas las rodillas para estabilizar el centro de gravedad. | Inclina un poco mas el tronco para una mejor recepcion.
2026-08-03T19:52:05.276019,lateral,INCORRECTO,RIGHT,171.0,178.8,177.3,,,,,,,,,,Flexiona mas las rodillas para estabilizar el centro de gravedad. | Inclina un poco mas el tronco para una mejor recepcion.
2026-08-03T19:52:05.720393,lateral,INCORRECTO,RIGHT,158.6,178.5,173.3,,,,,,,,,,Flexiona mas las rodillas para estabilizar el centro de gravedad. | Inclina un poco mas el tronco para una mejor recepcion.
2026-08-03T19:52:06.170115,lateral,INCORRECTO,RIGHT,155.8,174.0,168.0,,,,,,,,,,Flexiona mas las rodillas para estabilizar el centro de gravedad. | Inclina un poco mas el tronco para una mejor recepcion.
2026-08-03T19:52:06.649333,lateral,INCORRECTO,RIGHT,152.0,175.8,170.9,,,,,,,,,,Flexiona mas las rodillas para estabilizar el centro de gravedad. | Inclina un poco mas el tronco para una mejor recepcion.
2026-08-03T19:52:07.083682,lateral,INCORRECTO,RIGHT,155.4,170.4,179.8,,,,,,,,,,Flexiona mas las rodillas para estabilizar el centro de gravedad. | Inclina un poco mas el tronco para una mejor recepcion.
2026-08-03T19:52:07.522880,lateral,INCORRECTO,RIGHT,152.3,171.0,172.8,,,,,,,,,,Flexiona mas las rodillas para estabilizar el centro de gravedad. | Inclina un poco mas el tronco para una mejor recepcion.
2026-08-03T19:52:07.996280,lateral,INCORRECTO,RIGHT,156.3,170.8,171.6,,,,,,,,,,Flexiona mas las rodillas para estabilizar el centro de gravedad. | Inclina un poco mas el tronco para una mejor recepcion.
2026-08-03T19:52:08.432801,lateral,INCORRECTO,RIGHT,130.7,157.0,178.3,,,,,,,,,,Extiende mas los brazos para formar una plataforma firme. | Flexiona mas las rodillas para estabilizar el centro de gravedad. | Inclina un poco mas el tronco para una mejor recepcion.
2026-08-03T19:52:08.885543,lateral,CORRECTO,RIGHT,1.0,108.8,142.1,,,,,,,,,,Extiende mas los brazos para formar una plataforma firme. | Buena ejecucion general. Ajusta detalles para mayor precision.
2026-08-03T19:52:09.336051,lateral,CORRECTO,RIGHT,175.9,85.7,124.6,,,,,,,,,,Sube un poco la postura: la flexion de rodilla es muy cerrada. | Buena ejecucion general. Ajusta detalles para mayor precision.
2026-08-03T19:52:09.776726,lateral,INCORRECTO,RIGHT,153.5,115.7,161.1,,,,,,,,,,Inclina un poco mas el tronco para una mejor recepcion.
2026-08-03T19:52:10.221083,lateral,INCORRECTO,RIGHT,151.3,150.4,179.6,,,,,,,,,,Flexiona mas las rodillas para estabilizar el centro de gravedad. | Inclina un poco mas el tronco para una mejor recepcion.
2026-08-03T19:52:10.683569,lateral,CORRECTO,RIGHT,118.8,127.1,153.1,,,,,,,,,,Extiende mas los brazos para formar una plataforma firme. | Buena ejecucion general. Ajusta detalles para mayor precision.
2026-08-03T19:52:11.146113,lateral,INCORRECTO,RIGHT,143.1,139.0,141.4,,,,,,,,,,Extiende mas los brazos para formar una plataforma firme. | Flexiona mas las rodillas para estabilizar el centro de gravedad.
2026-08-03T19:52:11.571267,lateral,CORRECTO,RIGHT,130.6,54.6,91.2,,,,,,,,,,"Extiende mas los brazos para formar una plataforma firme. | Sube un poco la postura: la flexion de rodilla es muy cerrada. | Endereza un poco el tronco, hay demasiada inclinacion. | Buena ejecucion general. Ajusta detalles para mayor precision."
2026-08-03T19:52:12.015320,lateral,CORRECTO,RIGHT,116.8,97.7,134.4,,,,,,,,,,Extiende mas los brazos para formar una plataforma firme. | Buena ejecucion general. Ajusta detalles para mayor precision.
2026-08-03T19:52:12.479307,lateral,INCORRECTO,RIGHT,149.0,148.8,170.2,,,,,,,,,,Extiende mas los brazos para formar una plataforma firme. | Flexiona mas las rodillas para estabilizar el centro de gravedad. | Inclina un poco mas el tronco para una mejor recepcion.
2026-08-03T19:52:12.919631,lateral,INCORRECTO,RIGHT,164.8,173.0,179.5,,,,,,,,,,Flexiona mas las rodillas para estabilizar el centro de gravedad. | Inclina un poco mas el tronco para una mejor recepcion.
2026-08-03T19:52:13.388418,lateral,INCORRECTO,RIGHT,176.2,164.6,178.6,,,,,,,,,,Flexiona mas las rodillas para estabilizar el centro de gravedad. | Inclina un poco mas el tronco para una mejor recepcion.
2026-08-03T19:52:13.820411,lateral,INCORRECTO,RIGHT,156.2,159.4,168.5,,,,,,,,,,Flexiona mas las rodillas para estabilizar el centro de gravedad. | Inclina un poco mas el tronco para una mejor recepcion.
2026-08-03T19:52:14.281908,lateral,INCORRECTO,RIGHT,170.5,172.8,177.3,,,,,,,,,,Flexiona mas las rodillas para estabilizar el centro de gravedad. | Inclina un poco mas el tronco para una mejor recepcion.
2026-08-03T19:52:14.737897,lateral,INCORRECTO,RIGHT,150.9,164.8,171.5,,,,,,,,,,Flexiona mas las rodillas para estabilizar el centro de gravedad. | Inclina un poco mas el tronco para una mejor recepcion.
2026-08-03T19:52:15.172733,lateral,INCORRECTO,RIGHT,169.5,162.6,175.3,,,,,,,,,,Flexiona mas las rodillas para estabilizar el centro de gravedad. | Inclina un poco mas el tronco para una mejor recepcion.
2026-08-03T19:52:15.619924,lateral,INCORRECTO,RIGHT,173.0,174.3,173.3,,,,,,,,,,Flexiona mas las rodillas para estabilizar el centro de gravedad. | Inclina un poco mas el tronco para una mejor recepcion.
2026-08-03T19:52:16.069847,lateral,INCORRECTO,RIGHT,158.4,173.4,177.6,,,,,,,,,,Flexiona mas las rodillas para estabilizar el centro de gravedad. | Inclina un poco mas el tronco para una mejor recepcion.
2026-08-03T19:52:16.533446,lateral,INCORRECTO,RIGHT,150.9,142.0,159.0,,,,,,,,,,Flexiona mas las rodillas para estabilizar el centro de gravedad.
2026-08-03T19:52:16.977015,lateral,CORRECTO,RIGHT,155.7,124.6,141.4,,,,,,,,,,Tecnica correcta. Mantener postura y sincronizacion.
2026-08-03T19:52:17.485939,lateral,CORRECTO,RIGHT,158.6,103.3,137.9,,,,,,,,,,Tecnica correcta. Mantener postura y sincronizacion.
2026-08-03T19:52:17.874781,lateral,INCORRECTO,RIGHT,145.6,145.6,173.1,,,,,,,,,,Extiende mas los brazos para formar una plataforma firme. | Flexiona mas las rodillas para estabilizar el centro de gravedad. | Inclina un poco mas el tronco para una mejor recepcion.
2026-08-03T19:52:18.335855,lateral,INCORRECTO,RIGHT,137.5,159.3,177.8,,,,,,,,,,Extiende mas los brazos para formar una plataforma firme. | Flexiona mas las rodillas para estabilizar el centro de gravedad. | Inclina un poco mas el tronco para una mejor recepcion.
2026-08-03T19:52:18.768239,lateral,INCORRECTO,RIGHT,93.5,138.4,154.9,,,,,,,,,,Extiende mas los brazos para formar una plataforma firme. | Flexiona mas las rodillas para estabilizar el centro de gravedad.
2026-08-03T19:52:19.234378,lateral,CORRECTO,RIGHT,179.0,106.0,133.2,,,,,,,,,,Tecnica correcta. Mantener postura y sincronizacion.
2026-08-03T19:52:19.687718,lateral,INCORRECTO,RIGHT,126.3,142.0,170.1,,,,,,,,,,Extiende mas los brazos para formar una plataforma firme. | Flexiona mas las rodillas para estabilizar el centro de gravedad. | Inclina un poco mas el tronco para una mejor recepcion.
2026-08-03T19:52:20.135781,lateral,INCORRECTO,RIGHT,121.1,153.3,167.1,,,,,,,,,,Extiende mas los brazos para formar una plataforma firme. | Flexiona mas las rodillas para estabilizar el centro de gravedad. | Inclina un poco mas el tronco para una mejor recepcion.
2026-08-03T19:52:20.582767,lateral,CORRECTO,RIGHT,58.4,88.1,117.3,,,,,,,,,,Extiende mas los brazos para formar una plataforma firme. | Sube un poco la postura: la flexion de rodilla es muy cerrada. | Buena ejecucion general. Ajusta detalles para mayor precision.
2026-08-03T19:52:21.022281,lateral,CORRECTO,RIGHT,145.3,75.1,107.7,,,,,,,,,,"Extiende mas los brazos para formar una plataforma firme. | Sube un poco la postura: la flexion de rodilla es muy cerrada. | Endereza un poco el tronco, hay demasiada inclinacion. | Buena ejecucion general. Ajusta detalles para mayor precision."
2026-08-03T19:52:21.469531,lateral,INCORRECTO,RIGHT,122.1,165.6,163.3,,,,,,,,,,Extiende mas los brazos para formar una plataforma firme. | Flexiona mas las rodillas para estabilizar el centro de gravedad. | Inclina un poco mas el tronco para una mejor recepcion.
2026-08-03T19:52:21.918986,lateral,INCORRECTO,RIGHT,162.3,173.6,171.6,,,,,,,,,,Flexiona mas las rodillas para estabilizar el centro de gravedad. | Inclina un poco mas el tronco para una mejor recepcion.
2026-08-03T19:52:22.382687,lateral,INCORRECTO,RIGHT,177.0,179.5,164.6,,,,,,,,,,Flexiona mas las rodillas para estabilizar el centro de gravedad. | Inclina un poco mas el tronco para una mejor recepcion.
2026-08-03T19:52:22.826613,lateral,INCORRECTO,RIGHT,146.2,176.1,176.1,,,,,,,,,,Extiende mas los brazos para formar una plataforma firme. | Flexiona mas las rodillas para estabilizar el centro de gravedad. | Inclina un poco mas el tronco para una mejor recepcion.
2026-08-03T19:52:23.269365,lateral,INCORRECTO,RIGHT,151.6,171.0,179.0,,,,,,,,,,Flexiona mas las rodillas para estabilizar el centro de gravedad. | Inclina un poco mas el tronco para una mejor recepcion.
2026-08-03T19:52:23.735593,lateral,INCORRECTO,RIGHT,151.5,177.5,176.3,,,,,,,,,,Flexiona mas las rodillas para estabilizar el centro de gravedad. | Inclina un poco mas el tronco para una mejor recepcion.
2026-08-03T19:52:24.174371,lateral,INCORRECTO,RIGHT,176.0,180.0,173.7,,,,,,,,,,Flexiona mas las rodillas para estabilizar el centro de gravedad. | Inclina un poco mas el tronco para una mejor recepcion.
2026-08-03T19:52:24.631723,lateral,INCORRECTO,RIGHT,26.6,179.3,174.5,,,,,,,,,,Extiende mas los brazos para formar una plataforma firme. | Flexiona mas las rodillas para estabilizar el centro de gravedad. | Inclina un poco mas el tronco para una mejor recepcion.
2026-08-03T19:52:26.002170,lateral,INCORRECTO,RIGHT,172.2,172.9,173.2,,,,,,,,,,Flexiona mas las rodillas para estabilizar el centro de gravedad. | Inclina un poco mas el tronco para una mejor recepcion.
2026-08-03T19:52:26.419225,lateral,INCORRECTO,RIGHT,177.3,173.3,172.6,,,,,,,,,,Flexiona mas las rodillas para estabilizar el centro de gravedad. | Inclina un poco mas el tronco para una mejor recepcion.
2026-08-03T19:52:26.869208,lateral,INCORRECTO,RIGHT,170.1,169.9,175.8,,,,,,,,,,Flexiona mas las rodillas para estabilizar el centro de gravedad. | Inclina un poco mas el tronco para una mejor recepcion.
2026-08-03T19:52:27.335270,lateral,INCORRECTO,RIGHT,150.1,176.2,175.3,,,,,,,,,,Flexiona mas las rodillas para estabilizar el centro de gravedad. | Inclina un poco mas el tronco para una mejor recepcion.
2026-08-03T19:52:27.785610,lateral,INCORRECTO,RIGHT,135.0,160.9,157.0,,,,,,,,,,Extiende mas los brazos para formar una plataforma firme. | Flexiona mas las rodillas para estabilizar el centro de gravedad.
2026-08-03T19:52:28.223576,lateral,INCORRECTO,RIGHT,174.8,168.1,163.7,,,,,,,,,,Flexiona mas las rodillas para estabilizar el centro de gravedad. | Inclina un poco mas el tronco para una mejor recepcion.
2026-08-03T19:52:28.670163,lateral,INCORRECTO,RIGHT,164.3,176.6,172.2,,,,,,,,,,Flexiona mas las rodillas para estabilizar el centro de gravedad. | Inclina un poco mas el tronco para una mejor recepcion.
2026-08-03T19:52:29.119022,lateral,INCORRECTO,RIGHT,147.4,157.7,171.0,,,,,,,,,,Extiende mas los brazos para formar una plataforma firme. | Flexiona mas las rodillas para estabilizar el centro de gravedad. | Inclina un poco mas el tronco para una mejor recepcion.
2026-08-03T19:52:29.570831,lateral,INCORRECTO,RIGHT,145.5,173.3,175.4,,,,,,,,,,Extiende mas los brazos para formar una plataforma firme. | Flexiona mas las rodillas para estabilizar el centro de gravedad. | Inclina un poco mas el tronco para una mejor recepcion.
2026-08-03T19:52:30.030671,lateral,INCORRECTO,RIGHT,157.2,176.6,175.4,,,,,,,,,,Flexiona mas las rodillas para estabilizar el centro de gravedad. | Inclina un poco mas el tronco para una mejor recepcion.
2026-08-03T19:52:30.951947,lateral,INCORRECTO,RIGHT,175.1,171.9,175.5,,,,,,,,,,Flexiona mas las rodillas para estabilizar el centro de gravedad. | Inclina un poco mas el tronco para una mejor recepcion.
2026-08-03T19:52:31.401655,lateral,INCORRECTO,RIGHT,167.6,179.4,171.6,,,,,,,,,,Flexiona mas las rodillas para estabilizar el centro de gravedad. | Inclina un poco mas el tronco para una mejor recepcion.
2026-08-03T19:52:31.818440,lateral,INCORRECTO,RIGHT,164.4,140.3,158.8,,,,,,,,,,Flexiona mas las rodillas para estabilizar el centro de gravedad.
2026-08-03T19:52:32.268319,lateral,INCORRECTO,RIGHT,127.3,166.1,180.0,,,,,,,,,,Extiende mas los brazos para formar una plataforma firme. | Flexiona mas las rodillas para estabilizar el centro de gravedad. | Inclina un poco mas el tronco para una mejor recepcion.
2026-08-03T19:52:32.719161,lateral,INCORRECTO,RIGHT,124.9,139.0,152.3,,,,,,,,,,Extiende mas los brazos para formar una plataforma firme. | Flexiona mas las rodillas para estabilizar el centro de gravedad.
2026-08-03T19:52:33.185567,lateral,CORRECTO,RIGHT,141.7,107.2,131.2,,,,,,,,,,Extiende mas los brazos para formar una plataforma firme. | Buena ejecucion general. Ajusta detalles para mayor precision.
2026-08-03T19:52:33.644892,lateral,INCORRECTO,RIGHT,175.2,159.3,166.9,,,,,,,,,,Flexiona mas las rodillas para estabilizar el centro de gravedad. | Inclina un poco mas el tronco para una mejor recepcion.
2026-08-03T19:52:34.085449,lateral,INCORRECTO,RIGHT,137.1,157.2,176.0,,,,,,,,,,Extiende mas los brazos para formar una plataforma firme. | Flexiona mas las rodillas para estabilizar el centro de gravedad. | Inclina un poco mas el tronco para una mejor recepcion.
2026-08-03T19:52:34.535007,lateral,INCORRECTO,RIGHT,104.7,152.4,173.5,,,,,,,,,,Extiende mas los brazos para formar una plataforma firme. | Flexiona mas las rodillas para estabilizar el centro de gravedad. | Inclina un poco mas el tronco para una mejor recepcion.
2026-08-03T19:52:34.985158,lateral,CORRECTO,RIGHT,147.5,104.5,150.8,,,,,,,,,,Extiende mas los brazos para formar una plataforma firme. | Buena ejecucion general. Ajusta detalles para mayor precision.
2026-08-03T19:52:35.440515,lateral,CORRECTO,RIGHT,171.9,97.4,152.6,,,,,,,,,,Tecnica correcta. Mantener postura y sincronizacion.
2026-08-03T19:52:35.881820,lateral,INCORRECTO,RIGHT,175.9,151.6,177.6,,,,,,,,,,Flexiona mas las rodillas para estabilizar el centro de gravedad. | Inclina un poco mas el tronco para una mejor recepcion.
2026-08-03T19:52:36.334858,lateral,INCORRECTO,RIGHT,164.3,171.7,174.6,,,,,,,,,,Flexiona mas las rodillas para estabilizar el centro de gravedad. | Inclina un poco mas el tronco para una mejor recepcion.
2026-08-03T19:52:36.774438,lateral,INCORRECTO,RIGHT,161.1,167.6,174.6,,,,,,,,,,Flexiona mas las rodillas para estabilizar el centro de gravedad. | Inclina un poco mas el tronco para una mejor recepcion.
2026-08-03T19:52:37.218309,lateral,INCORRECTO,RIGHT,117.0,172.6,177.5,,,,,,,,,,Extiende mas los brazos para formar una plataforma firme. | Flexiona mas las rodillas para estabilizar el centro de gravedad. | Inclina un poco mas el tronco para una mejor recepcion.
2026-08-03T19:52:37.684704,lateral,INCORRECTO,RIGHT,158.3,176.6,170.8,,,,,,,,,,Flexiona mas las rodillas para estabilizar el centro de gravedad. | Inclina un poco mas el tronco para una mejor recepcion.
2026-08-03T19:52:38.601760,lateral,INCORRECTO,RIGHT,119.5,175.2,176.9,,,,,,,,,,Extiende mas los brazos para formar una plataforma firme. | Flexiona mas las rodillas para estabilizar el centro de gravedad. | Inclina un poco mas el tronco para una mejor recepcion.
2026-08-03T19:52:46.701074,lateral,INCORRECTO,RIGHT,147.3,141.8,115.3,,,,,,,,,,Extiende mas los brazos para formar una plataforma firme. | Flexiona mas las rodillas para estabilizar el centro de gravedad.
2026-08-03T19:52:47.134819,lateral,CORRECTO,RIGHT,150.4,15.0,18.6,,,,,,,,,,"Sube un poco la postura: la flexion de rodilla es muy cerrada. | Endereza un poco el tronco, hay demasiada inclinacion. | Buena ejecucion general. Ajusta detalles para mayor precision."
2026-08-03T19:52:47.594399,lateral,CORRECTO,RIGHT,170.5,115.1,95.4,,,,,,,,,,"Endereza un poco el tronco, hay demasiada inclinacion. | Buena ejecucion general. Ajusta detalles para mayor precision."
2026-08-03T19:52:48.017868,lateral,CORRECTO,RIGHT,133.4,119.4,102.6,,,,,,,,,,"Extiende mas los brazos para formar una plataforma firme. | Endereza un poco el tronco, hay demasiada inclinacion. | Buena ejecucion general. Ajusta detalles para mayor precision."
2026-08-03T19:52:48.468616,lateral,CORRECTO,RIGHT,143.4,118.6,116.1,,,,,,,,,,Extiende mas los brazos para formar una plataforma firme. | Buena ejecucion general. Ajusta detalles para mayor precision.
2026-08-03T19:52:48.934579,lateral,CORRECTO,RIGHT,136.3,124.9,125.0,,,,,,,,,,Extiende mas los brazos para formar una plataforma firme. | Buena ejecucion general. Ajusta detalles para mayor precision.
2026-08-03T19:52:49.368405,lateral,CORRECTO,RIGHT,129.2,131.5,133.1,,,,,,,,,,Extiende mas los brazos para formar una plataforma firme. | Buena ejecucion general. Ajusta detalles para mayor precision.
2026-08-03T19:52:49.831668,lateral,INCORRECTO,RIGHT,135.0,136.5,144.5,,,,,,,,,,Extiende mas los brazos para formar una plataforma firme. | Flexiona mas las rodillas para estabilizar el centro de gravedad.
2026-08-03T19:52:50.286562,lateral,INCORRECTO,RIGHT,133.0,139.7,149.2,,,,,,,,,,Extiende mas los brazos para formar una plataforma firme. | Flexiona mas las rodillas para estabilizar el centro de gravedad.
2026-08-03T19:52:50.718722,lateral,INCORRECTO,RIGHT,136.1,146.4,155.1,,,,,,,,,,Extiende mas los brazos para formar una plataforma firme. | Flexiona mas las rodillas para estabilizar el centro de gravedad.
2026-08-03T19:52:51.167637,lateral,INCORRECTO,RIGHT,136.9,142.8,152.9,,,,,,,,,,Extiende mas los brazos para formar una plataforma firme. | Flexiona mas las rodillas para estabilizar el centro de gravedad.
2026-08-03T19:52:51.629443,lateral,INCORRECTO,RIGHT,134.4,144.4,154.5,,,,,,,,,,Extiende mas los brazos para formar una plataforma firme. | Flexiona mas las rodillas para estabilizar el centro de gravedad.
2026-08-03T19:52:52.068043,lateral,INCORRECTO,RIGHT,134.4,146.1,153.9,,,,,,,,,,Extiende mas los brazos para formar una plataforma firme. | Flexiona mas las rodillas para estabilizar el centro de gravedad.
2026-08-03T19:52:52.530756,lateral,INCORRECTO,RIGHT,134.4,146.7,154.5,,,,,,,,,,Extiende mas los brazos para formar una plataforma firme. | Flexiona mas las rodillas para estabilizar el centro de gravedad.
2026-08-03T19:52:52.967496,lateral,INCORRECTO,RIGHT,134.4,146.3,154.5,,,,,,,,,,Extiende mas los brazos para formar una plataforma firme. | Flexiona mas las rodillas para estabilizar el centro de gravedad.
2026-08-03T19:52:53.434017,lateral,INCORRECTO,RIGHT,134.9,146.1,154.0,,,,,,,,,,Extiende mas los brazos para formar una plataforma firme. | Flexiona mas las rodillas para estabilizar el centro de gravedad.
2026-08-03T19:52:55.234034,lateral,INCORRECTO,RIGHT,162.0,144.2,139.5,,,,,,,,,,Flexiona mas las rodillas para estabilizar el centro de gravedad.
2026-08-03T19:52:55.667205,lateral,INCORRECTO,RIGHT,148.4,156.1,149.9,,,,,,,,,,Extiende mas los brazos para formar una plataforma firme. | Flexiona mas las rodillas para estabilizar el centro de gravedad.
2026-08-03T19:52:56.119316,lateral,INCORRECTO,RIGHT,149.7,160.8,166.1,,,,,,,,,,Extiende mas los brazos para formar una plataforma firme. | Flexiona mas las rodillas para estabilizar el centro de gravedad. | Inclina un poco mas el tronco para una mejor recepcion.
2026-08-03T19:52:56.584215,lateral,INCORRECTO,RIGHT,153.4,179.1,169.3,,,,,,,,,,Flexiona mas las rodillas para estabilizar el centro de gravedad. | Inclina un poco mas el tronco para una mejor recepcion.
2026-08-03T19:52:57.034050,lateral,INCORRECTO,RIGHT,154.6,161.8,166.7,,,,,,,,,,Flexiona mas las rodillas para estabilizar el centro de gravedad. | Inclina un poco mas el tronco para una mejor recepcion.
2026-08-03T19:52:57.495881,lateral,INCORRECTO,RIGHT,151.3,158.0,171.9,,,,,,,,,,Flexiona mas las rodillas para estabilizar el centro de gravedad. | Inclina un poco mas el tronco para una mejor recepcion.
2026-08-03T19:52:57.940086,lateral,INCORRECTO,RIGHT,147.5,168.2,178.6,,,,,,,,,,Extiende mas los brazos para formar una plataforma firme. | Flexiona mas las rodillas para estabilizar el centro de gravedad. | Inclina un poco mas el tronco para una mejor recepcion.
2026-08-03T19:52:58.383685,lateral,INCORRECTO,RIGHT,136.8,171.2,175.6,,,,,,,,,,Extiende mas los brazos para formar una plataforma firme. | Flexiona mas las rodillas para estabilizar el centro de gravedad. | Inclina un poco mas el tronco para una mejor recepcion.
2026-08-03T19:52:58.817341,lateral,INCORRECTO,RIGHT,143.6,173.4,175.4,,,,,,,,,,Extiende mas los brazos para formar una plataforma firme. | Flexiona mas las rodillas para estabilizar el centro de gravedad. | Inclina un poco mas el tronco para una mejor recepcion.
2026-08-03T19:52:59.284227,lateral,INCORRECTO,RIGHT,140.4,173.0,174.5,,,,,,,,,,Extiende mas los brazos para formar una plataforma firme. | Flexiona mas las rodillas para estabilizar el centro de gravedad. | Inclina un poco mas el tronco para una mejor recepcion.
2026-08-03T19:52:59.717308,lateral,INCORRECTO,RIGHT,145.3,164.2,172.3,,,,,,,,,,Extiende mas los brazos para formar una plataforma firme. | Flexiona mas las rodillas para estabilizar el centro de gravedad. | Inclina un poco mas el tronco para una mejor recepcion.
2026-08-03T19:53:00.167484,lateral,INCORRECTO,RIGHT,146.8,170.5,175.1,,,,,,,,,,Extiende mas los brazos para formar una plataforma firme. | Flexiona mas las rodillas para estabilizar el centro de gravedad. | Inclina un poco mas el tronco para una mejor recepcion.
2026-08-03T19:53:00.633757,lateral,INCORRECTO,RIGHT,139.2,166.0,177.6,,,,,,,,,,Extiende mas los brazos para formar una plataforma firme. | Flexiona mas las rodillas para estabilizar el centro de gravedad. | Inclina un poco mas el tronco para una mejor recepcion.
2026-08-03T19:53:01.083655,lateral,INCORRECTO,RIGHT,142.5,170.8,173.1,,,,,,,,,,Extiende mas los brazos para formar una plataforma firme. | Flexiona mas las rodillas para estabilizar el centro de gravedad. | Inclina un poco mas el tronco para una mejor recepcion.
2026-08-03T19:53:01.533894,lateral,INCORRECTO,RIGHT,139.1,167.5,179.2,,,,,,,,,,Extiende mas los brazos para formar una plataforma firme. | Flexiona mas las rodillas para estabilizar el centro de gravedad. | Inclina un poco mas el tronco para una mejor recepcion.
2026-08-03T19:53:01.998887,lateral,INCORRECTO,RIGHT,138.9,166.4,176.3,,,,,,,,,,Extiende mas los brazos para formar una plataforma firme. | Flexiona mas las rodillas para estabilizar el centro de gravedad. | Inclina un poco mas el tronco para una mejor recepcion.
2026-08-03T19:53:02.450315,lateral,INCORRECTO,RIGHT,137.6,164.6,173.3,,,,,,,,,,Extiende mas los brazos para formar una plataforma firme. | Flexiona mas las rodillas para estabilizar el centro de gravedad. | Inclina un poco mas el tronco para una mejor recepcion.
2026-08-03T19:53:02.900829,lateral,INCORRECTO,RIGHT,136.9,171.7,176.8,,,,,,,,,,Extiende mas los brazos para formar una plataforma firme. | Flexiona mas las rodillas para estabilizar el centro de gravedad. | Inclina un poco mas el tronco para una mejor recepcion.
2026-08-03T19:53:03.333387,lateral,INCORRECTO,RIGHT,143.1,171.9,168.3,,,,,,,,,,Extiende mas los brazos para formar una plataforma firme. | Flexiona mas las rodillas para estabilizar el centro de gravedad. | Inclina un poco mas el tronco para una mejor recepcion.
2026-08-03T19:53:03.783704,lateral,INCORRECTO,RIGHT,145.4,159.8,155.6,,,,,,,,,,Extiende mas los brazos para formar una plataforma firme. | Flexiona mas las rodillas para estabilizar el centro de gravedad.
2026-08-03T19:53:04.237016,lateral,INCORRECTO,RIGHT,147.3,156.2,154.3,,,,,,,,,,Extiende mas los brazos para formar una plataforma firme. | Flexiona mas las rodillas para estabilizar el centro de gravedad.
2026-08-03T19:53:04.694854,lateral,INCORRECTO,RIGHT,147.3,156.5,150.6,,,,,,,,,,Extiende mas los brazos para formar una plataforma firme. | Flexiona mas las rodillas para estabilizar el centro de gravedad.
2026-08-03T19:53:05.133424,lateral,INCORRECTO,RIGHT,154.6,171.2,153.9,,,,,,,,,,Flexiona mas las rodillas para estabilizar el centro de gravedad.
2026-08-03T19:53:05.583488,lateral,INCORRECTO,RIGHT,137.9,164.8,146.3,,,,,,,,,,Extiende mas los brazos para formar una plataforma firme. | Flexiona mas las rodillas para estabilizar el centro de gravedad.
2026-08-03T19:53:06.035841,lateral,CORRECTO,RIGHT,151.7,109.4,45.6,,,,,,,,,,"Endereza un poco el tronco, hay demasiada inclinacion. | Buena ejecucion general. Ajusta detalles para mayor precision."
2026-08-03T19:53:06.479576,lateral,INCORRECTO,RIGHT,103.5,167.0,159.3,,,,,,,,,,Extiende mas los brazos para formar una plataforma firme. | Flexiona mas las rodillas para estabilizar el centro de gravedad.
2026-08-03T19:53:06.929420,lateral,INCORRECTO,RIGHT,126.1,172.6,167.6,,,,,,,,,,Extiende mas los brazos para formar una plataforma firme. | Flexiona mas las rodillas para estabilizar el centro de gravedad. | Inclina un poco mas el tronco para una mejor recepcion.
2026-08-03T19:53:07.367029,lateral,INCORRECTO,RIGHT,121.0,164.9,163.4,,,,,,,,,,Extiende mas los brazos para formar una plataforma firme. | Flexiona mas las rodillas para estabilizar el centro de gravedad. | Inclina un poco mas el tronco para una mejor recepcion.
2026-08-03T19:53:07.823551,lateral,INCORRECTO,RIGHT,118.7,165.0,160.4,,,,,,,,,,Extiende mas los brazos para formar una plataforma firme. | Flexiona mas las rodillas para estabilizar el centro de gravedad. | Inclina un poco mas el tronco para una mejor recepcion.
2026-08-03T19:53:08.287025,lateral,INCORRECTO,RIGHT,82.1,156.1,155.2,,,,,,,,,,Extiende mas los brazos para formar una plataforma firme. | Flexiona mas las rodillas para estabilizar el centro de gravedad.
2026-08-03T19:53:08.722747,lateral,INCORRECTO,RIGHT,93.0,175.5,176.6,,,,,,,,,,Extiende mas los brazos para formar una plataforma firme. | Flexiona mas las rodillas para estabilizar el centro de gravedad. | Inclina un poco mas el tronco para una mejor recepcion.
2026-08-03T19:53:09.151311,lateral,INCORRECTO,RIGHT,92.6,165.8,173.2,,,,,,,,,,Extiende mas los brazos para formar una plataforma firme. | Flexiona mas las rodillas para estabilizar el centro de gravedad. | Inclina un poco mas el tronco para una mejor recepcion.
2026-08-03T19:53:09.633647,lateral,INCORRECTO,RIGHT,127.0,179.6,178.5,,,,,,,,,,Extiende mas los brazos para formar una plataforma firme. | Flexiona mas las rodillas para estabilizar el centro de gravedad. | Inclina un poco mas el tronco para una mejor recepcion.
2026-08-03T19:53:10.083582,lateral,INCORRECTO,RIGHT,136.6,157.3,167.9,,,,,,,,,,Extiende mas los brazos para formar una plataforma firme. | Flexiona mas las rodillas para estabilizar el centro de gravedad. | Inclina un poco mas el tronco para una mejor recepcion.
2026-08-03T19:53:10.533805,lateral,INCORRECTO,RIGHT,128.4,169.7,167.5,,,,,,,,,,Extiende mas los brazos para formar una plataforma firme. | Flexiona mas las rodillas para estabilizar el centro de gravedad. | Inclina un poco mas el tronco para una mejor recepcion.
2026-08-03T19:53:10.983548,lateral,INCORRECTO,RIGHT,131.1,157.9,163.6,,,,,,,,,,Extiende mas los brazos para formar una plataforma firme. | Flexiona mas las rodillas para estabilizar el centro de gravedad. | Inclina un poco mas el tronco para una mejor recepcion.
2026-08-03T19:53:11.433664,lateral,INCORRECTO,RIGHT,135.7,146.5,152.2,,,,,,,,,,Extiende mas los brazos para formar una plataforma firme. | Flexiona mas las rodillas para estabilizar el centro de gravedad.
2026-08-03T19:53:11.867060,lateral,INCORRECTO,RIGHT,155.4,152.4,149.0,,,,,,,,,,Flexiona mas las rodillas para estabilizar el centro de gravedad.
2026-08-03T19:53:12.333762,lateral,INCORRECTO,RIGHT,153.1,164.5,143.8,,,,,,,,,,Flexiona mas las rodillas para estabilizar el centro de gravedad.
2026-08-03T19:53:12.866262,lateral,INCORRECTO,RIGHT,159.8,133.3,121.6,,,,,,,,,,Se detectaron errores tecnicos. Ajusta postura y repite.
2026-08-03T19:53:13.242080,lateral,CORRECTO,RIGHT,155.5,117.2,123.4,,,,,,,,,,Tecnica correcta. Mantener postura y sincronizacion.
2026-08-03T19:53:13.668181,lateral,INCORRECTO,RIGHT,117.4,173.3,157.7,,,,,,,,,,Extiende mas los brazos para formar una plataforma firme. | Flexiona mas las rodillas para estabilizar el centro de gravedad.
2026-08-03T19:53:14.119773,lateral,INCORRECTO,RIGHT,124.5,152.3,130.6,,,,,,,,,,Extiende mas los brazos para formar una plataforma firme. | Flexiona mas las rodillas para estabilizar el centro de gravedad.
2026-08-03T19:53:14.570160,lateral,INCORRECTO,RIGHT,127.5,156.8,137.5,,,,,,,,,,Extiende mas los brazos para formar una plataforma firme. | Flexiona mas las rodillas para estabilizar el centro de gravedad.
2026-08-03T19:53:15.021198,lateral,INCORRECTO,RIGHT,141.5,151.0,141.6,,,,,,,,,,Extiende mas los brazos para formar una plataforma firme. | Flexiona mas las rodillas para estabilizar el centro de gravedad.
2026-08-03T19:53:15.475072,lateral,INCORRECTO,RIGHT,150.7,151.5,126.6,,,,,,,,,,Flexiona mas las rodillas para estabilizar el centro de gravedad.
2026-08-03T19:53:15.901129,lateral,INCORRECTO,RIGHT,148.2,160.2,139.0,,,,,,,,,,Extiende mas los brazos para formar una plataforma firme. | Flexiona mas las rodillas para estabilizar el centro de gravedad.
2026-08-03T19:53:16.367275,lateral,INCORRECTO,RIGHT,140.9,150.9,125.0,,,,,,,,,,Extiende mas los brazos para formar una plataforma firme. | Flexiona mas las rodillas para estabilizar el centro de gravedad.
2026-08-03T19:53:16.829046,lateral,CORRECTO,RIGHT,178.3,119.3,132.7,,,,,,,,,,Tecnica correcta. Mantener postura y sincronizacion.
2026-08-03T19:53:17.265824,lateral,INCORRECTO,RIGHT,89.9,134.5,158.7,,,,,,,,,,Extiende mas los brazos para formar una plataforma firme.
2026-08-03T19:53:17.738831,lateral,INCORRECTO,RIGHT,125.2,162.9,168.8,,,,,,,,,,Extiende mas los brazos para formar una plataforma firme. | Flexiona mas las rodillas para estabilizar el centro de gravedad. | Inclina un poco mas el tronco para una mejor recepcion.
2026-08-03T19:53:18.172151,lateral,INCORRECTO,RIGHT,128.9,163.3,164.6,,,,,,,,,,Extiende mas los brazos para formar una plataforma firme. | Flexiona mas las rodillas para estabilizar el centro de gravedad. | Inclina un poco mas el tronco para una mejor recepcion.
2026-08-03T19:53:18.619206,lateral,INCORRECTO,RIGHT,142.0,146.8,142.5,,,,,,,,,,Extiende mas los brazos para formar una plataforma firme. | Flexiona mas las rodillas para estabilizar el centro de gravedad.
2026-08-03T19:53:19.083112,lateral,CORRECTO,RIGHT,154.9,131.6,116.5,,,,,,,,,,Tecnica correcta. Mantener postura y sincronizacion.
2026-08-03T19:53:19.517663,lateral,INCORRECTO,RIGHT,159.8,144.8,135.5,,,,,,,,,,Flexiona mas las rodillas para estabilizar el centro de gravedad.
2026-08-03T19:53:19.966658,lateral,INCORRECTO,RIGHT,155.5,140.0,123.6,,,,,,,,,,Flexiona mas las rodillas para estabilizar el centro de gravedad.
2026-08-03T19:53:20.432941,lateral,INCORRECTO,RIGHT,155.6,147.3,111.0,,,,,,,,,,Flexiona mas las rodillas para estabilizar el centro de gravedad.
2026-08-03T19:53:20.883913,lateral,CORRECTO,RIGHT,152.8,133.0,113.2,,,,,,,,,,Tecnica correcta. Mantener postura y sincronizacion.
2026-08-03T19:53:21.317002,lateral,INCORRECTO,RIGHT,166.0,166.3,175.3,,,,,,,,,,Flexiona mas las rodillas para estabilizar el centro de gravedad. | Inclina un poco mas el tronco para una mejor recepcion.
2026-08-03T19:53:21.783346,lateral,INCORRECTO,RIGHT,153.3,176.1,174.9,,,,,,,,,,Flexiona mas las rodillas para estabilizar el centro de gravedad. | Inclina un poco mas el tronco para una mejor recepcion.
2026-08-03T19:53:22.233390,lateral,INCORRECTO,RIGHT,144.6,176.2,179.4,,,,,,,,,,Extiende mas los brazos para formar una plataforma firme. | Flexiona mas las rodillas para estabilizar el centro de gravedad. | Inclina un poco mas el tronco para una mejor recepcion.
2026-08-03T19:53:22.682959,lateral,INCORRECTO,RIGHT,152.4,159.6,168.3,,,,,,,,,,Flexiona mas las rodillas para estabilizar el centro de gravedad. | Inclina un poco mas el tronco para una mejor recepcion.
2026-08-03T19:53:23.117838,lateral,INCORRECTO,RIGHT,137.2,166.5,173.1,,,,,,,,,,Extiende mas los brazos para formar una plataforma firme. | Flexiona mas las rodillas para estabilizar el centro de gravedad. | Inclina un poco mas el tronco para una mejor recepcion.
2026-08-03T19:53:23.567671,lateral,INCORRECTO,RIGHT,127.2,156.0,168.4,,,,,,,,,,Extiende mas los brazos para formar una plataforma firme. | Flexiona mas las rodillas para estabilizar el centro de gravedad. | Inclina un poco mas el tronco para una mejor recepcion.
2026-08-03T19:53:24.040269,lateral,INCORRECTO,RIGHT,113.8,160.6,168.2,,,,,,,,,,Extiende mas los brazos para formar una plataforma firme. | Flexiona mas las rodillas para estabilizar el centro de gravedad. | Inclina un poco mas el tronco para una mejor recepcion.
2026-08-03T19:53:24.497520,lateral,INCORRECTO,RIGHT,133.5,169.1,173.7,,,,,,,,,,Extiende mas los brazos para formar una plataforma firme. | Flexiona mas las rodillas para estabilizar el centro de gravedad. | Inclina un poco mas el tronco para una mejor recepcion.
2026-08-03T19:53:24.982545,lateral,INCORRECTO,RIGHT,146.5,178.2,179.5,,,,,,,,,,Extiende mas los brazos para formar una plataforma firme. | Flexiona mas las rodillas para estabilizar el centro de gravedad. | Inclina un poco mas el tronco para una mejor recepcion.
2026-08-03T19:53:25.371710,lateral,INCORRECTO,RIGHT,148.9,178.3,178.2,,,,,,,,,,Extiende mas los brazos para formar una plataforma firme. | Flexiona mas las rodillas para estabilizar el centro de gravedad. | Inclina un poco mas el tronco para una mejor recepcion.
2026-08-03T19:53:25.849027,lateral,INCORRECTO,RIGHT,147.4,177.7,174.5,,,,,,,,,,Extiende mas los brazos para formar una plataforma firme. | Flexiona mas las rodillas para estabilizar el centro de gravedad. | Inclina un poco mas el tronco para una mejor recepcion.
2026-08-03T19:53:26.271171,lateral,INCORRECTO,RIGHT,146.1,161.6,166.3,,,,,,,,,,Extiende mas los brazos para formar una plataforma firme. | Flexiona mas las rodillas para estabilizar el centro de gravedad. | Inclina un poco mas el tronco para una mejor recepcion.
2026-08-03T19:53:26.699843,lateral,INCORRECTO,RIGHT,150.7,157.2,166.9,,,,,,,,,,Flexiona mas las rodillas para estabilizar el centro de gravedad. | Inclina un poco mas el tronco para una mejor recepcion.
2026-08-03T19:53:27.182033,lateral,INCORRECTO,RIGHT,148.6,170.2,177.1,,,,,,,,,,Extiende mas los brazos para formar una plataforma firme. | Flexiona mas las rodillas para estabilizar el centro de gravedad. | Inclina un poco mas el tronco para una mejor recepcion.
2026-08-03T19:53:27.600087,lateral,INCORRECTO,RIGHT,150.5,170.9,178.6,,,,,,,,,,Flexiona mas las rodillas para estabilizar el centro de gravedad. | Inclina un poco mas el tronco para una mejor recepcion.
2026-08-03T19:53:28.054605,lateral,INCORRECTO,RIGHT,151.2,172.4,177.9,,,,,,,,,,Flexiona mas las rodillas para estabilizar el centro de gravedad. | Inclina un poco mas el tronco para una mejor recepcion.
2026-08-03T19:53:28.535783,lateral,INCORRECTO,RIGHT,150.5,173.3,179.2,,,,,,,,,,Flexiona mas las rodillas para estabilizar el centro de gravedad. | Inclina un poco mas el tronco para una mejor recepcion.
2026-08-03T19:53:28.982650,lateral,INCORRECTO,RIGHT,143.2,156.8,164.6,,,,,,,,,,Extiende mas los brazos para formar una plataforma firme. | Flexiona mas las rodillas para estabilizar el centro de gravedad. | Inclina un poco mas el tronco para una mejor recepcion.
2026-08-03T19:53:29.416608,lateral,INCORRECTO,RIGHT,146.7,170.5,175.3,,,,,,,,,,Extiende mas los brazos para formar una plataforma firme. | Flexiona mas las rodillas para estabilizar el centro de gravedad. | Inclina un poco mas el tronco para una mejor recepcion.
2026-08-03T19:53:29.884837,lateral,INCORRECTO,RIGHT,146.5,170.5,176.4,,,,,,,,,,Extiende mas los brazos para formar una plataforma firme. | Flexiona mas las rodillas para estabilizar el centro de gravedad. | Inclina un poco mas el tronco para una mejor recepcion.
2026-08-03T19:53:30.332523,lateral,INCORRECTO,RIGHT,148.8,171.7,177.0,,,,,,,,,,Extiende mas los brazos para formar una plataforma firme. | Flexiona mas las rodillas para estabilizar el centro de gravedad. | Inclina un poco mas el tronco para una mejor recepcion.
2026-08-03T19:53:30.782354,lateral,INCORRECTO,RIGHT,154.5,170.5,175.7,,,,,,,,,,Flexiona mas las rodillas para estabilizar el centro de gravedad. | Inclina un poco mas el tronco para una mejor recepcion.
2026-08-03T19:53:31.236204,lateral,INCORRECTO,RIGHT,148.8,174.4,179.6,,,,,,,,,,Extiende mas los brazos para formar una plataforma firme. | Flexiona mas las rodillas para estabilizar el centro de gravedad. | Inclina un poco mas el tronco para una mejor recepcion.
2026-08-03T19:53:31.666982,lateral,CORRECTO,RIGHT,155.9,130.6,134.8,,,,,,,,,,Tecnica correcta. Mantener postura y sincronizacion.
2026-08-03T19:53:32.115765,lateral,CORRECTO,RIGHT,153.5,122.6,121.7,,,,,,,,,,Tecnica correcta. Mantener postura y sincronizacion.
2026-08-03T19:53:32.582454,lateral,INCORRECTO,RIGHT,150.7,159.7,168.3,,,,,,,,,,Flexiona mas las rodillas para estabilizar el centro de gravedad. | Inclina un poco mas el tronco para una mejor recepcion.
2026-08-03T19:53:33.019167,lateral,INCORRECTO,RIGHT,147.0,170.8,176.7,,,,,,,,,,Extiende mas los brazos para formar una plataforma firme. | Flexiona mas las rodillas para estabilizar el centro de gravedad. | Inclina un poco mas el tronco para una mejor recepcion.
2026-08-03T19:53:33.482147,lateral,INCORRECTO,RIGHT,151.2,162.5,163.5,,,,,,,,,,Flexiona mas las rodillas para estabilizar el centro de gravedad. | Inclina un poco mas el tronco para una mejor recepcion.
2026-08-03T19:53:33.932437,lateral,INCORRECTO,RIGHT,157.3,161.7,164.9,,,,,,,,,,Flexiona mas las rodillas para estabilizar el centro de gravedad. | Inclina un poco mas el tronco para una mejor recepcion.
2026-08-03T19:53:34.385251,lateral,INCORRECTO,RIGHT,149.7,171.2,176.0,,,,,,,,,,Extiende mas los brazos para formar una plataforma firme. | Flexiona mas las rodillas para estabilizar el centro de gravedad. | Inclina un poco mas el tronco para una mejor recepcion.
2026-08-03T19:53:34.832459,lateral,INCORRECTO,RIGHT,145.9,159.0,166.8,,,,,,,,,,Extiende mas los brazos para formar una plataforma firme. | Flexiona mas las rodillas para estabilizar el centro de gravedad. | Inclina un poco mas el tronco para una mejor recepcion.
2026-08-03T19:53:35.282303,lateral,INCORRECTO,RIGHT,153.1,172.2,174.6,,,,,,,,,,Flexiona mas las rodillas para estabilizar el centro de gravedad. | Inclina un poco mas el tronco para una mejor recepcion.
2026-08-03T19:53:35.716284,lateral,INCORRECTO,RIGHT,150.7,158.6,168.2,,,,,,,,,,Flexiona mas las rodillas para estabilizar el centro de gravedad. | Inclina un poco mas el tronco para una mejor recepcion.
2026-08-03T19:53:42.044946,lateral,INCORRECTO,RIGHT,153.0,177.3,173.5,,,,,,,,,,Flexiona mas las rodillas para estabilizar el centro de gravedad. | Inclina un poco mas el tronco para una mejor recepcion.
2026-08-03T19:53:42.465872,lateral,INCORRECTO,RIGHT,138.3,177.5,164.1,,,,,,,,,,Extiende mas los brazos para formar una plataforma firme. | Flexiona mas las rodillas para estabilizar el centro de gravedad. | Inclina un poco mas el tronco para una mejor recepcion.
2026-08-03T19:53:43.848309,lateral,INCORRECTO,RIGHT,158.0,176.6,174.1,,,,,,,,,,Flexiona mas las rodillas para estabilizar el centro de gravedad. | Inclina un poco mas el tronco para una mejor recepcion.
2026-08-03T19:53:44.265415,lateral,INCORRECTO,RIGHT,136.0,164.4,153.0,,,,,,,,,,Extiende mas los brazos para formar una plataforma firme. | Flexiona mas las rodillas para estabilizar el centro de gravedad.
2026-08-03T19:53:44.715304,lateral,INCORRECTO,RIGHT,159.0,167.9,165.7,,,,,,,,,,Flexiona mas las rodillas para estabilizar el centro de gravedad. | Inclina un poco mas el tronco para una mejor recepcion.
2026-08-03T19:53:45.630272,lateral,INCORRECTO,RIGHT,136.3,157.1,175.0,,,,,,,,,,Extiende mas los brazos para formar una plataforma firme. | Flexiona mas las rodillas para estabilizar el centro de gravedad. | Inclina un poco mas el tronco para una mejor recepcion.
2026-08-03T19:53:46.065697,lateral,INCORRECTO,RIGHT,130.2,148.7,168.1,,,,,,,,,,Extiende mas los brazos para formar una plataforma firme. | Flexiona mas las rodillas para estabilizar el centro de gravedad. | Inclina un poco mas el tronco para una mejor recepcion.
2026-08-03T19:53:46.514576,lateral,INCORRECTO,RIGHT,170.3,173.3,159.5,,,,,,,,,,Flexiona mas las rodillas para estabilizar el centro de gravedad.
2026-08-03T19:53:46.964900,lateral,INCORRECTO,RIGHT,148.7,179.5,158.8,,,,,,,,,,Extiende mas los brazos para formar una plataforma firme. | Flexiona mas las rodillas para estabilizar el centro de gravedad.
2026-08-03T19:53:47.414501,lateral,INCORRECTO,RIGHT,160.2,176.1,172.7,,,,,,,,,,Flexiona mas las rodillas para estabilizar el centro de gravedad. | Inclina un poco mas el tronco para una mejor recepcion.
2026-08-03T19:53:47.865060,lateral,INCORRECTO,RIGHT,155.4,172.8,178.8,,,,,,,,,,Flexiona mas las rodillas para estabilizar el centro de gravedad. | Inclina un poco mas el tronco para una mejor recepcion.
2026-08-03T19:53:48.318765,lateral,INCORRECTO,RIGHT,166.3,176.4,177.2,,,,,,,,,,Flexiona mas las rodillas para estabilizar el centro de gravedad. | Inclina un poco mas el tronco para una mejor recepcion.
2026-08-03T19:53:48.781678,lateral,INCORRECTO,RIGHT,172.9,175.1,163.3,,,,,,,,,,Flexiona mas las rodillas para estabilizar el centro de gravedad. | Inclina un poco mas el tronco para una mejor recepcion.
2026-08-03T19:53:51.943126,lateral,INCORRECTO,RIGHT,59.1,159.3,144.4,,,,,,,,,,Extiende mas los brazos para formar una plataforma firme. | Flexiona mas las rodillas para estabilizar el centro de gravedad.
2026-08-03T19:53:52.381669,lateral,INCORRECTO,RIGHT,8.7,152.6,179.7,,,,,,,,,,Extiende mas los brazos para formar una plataforma firme. | Flexiona mas las rodillas para estabilizar el centro de gravedad. | Inclina un poco mas el tronco para una mejor recepcion.
2026-08-03T19:53:52.827172,lateral,CORRECTO,RIGHT,96.3,97.3,99.9,,,,,,,,,,"Extiende mas los brazos para formar una plataforma firme. | Endereza un poco el tronco, hay demasiada inclinacion. | Buena ejecucion general. Ajusta detalles para mayor precision."
2026-08-03T19:53:53.281327,lateral,INCORRECTO,RIGHT,110.5,154.2,174.2,,,,,,,,,,Extiende mas los brazos para formar una plataforma firme. | Flexiona mas las rodillas para estabilizar el centro de gravedad. | Inclina un poco mas el tronco para una mejor recepcion.
2026-08-03T19:53:54.664939,lateral,INCORRECTO,RIGHT,135.0,150.3,111.0,,,,,,,,,,Extiende mas los brazos para formar una plataforma firme. | Flexiona mas las rodillas para estabilizar el centro de gravedad.
2026-08-03T19:53:55.083242,lateral,CORRECTO,RIGHT,33.7,114.6,124.2,,,,,,,,,,Extiende mas los brazos para formar una plataforma firme. | Buena ejecucion general. Ajusta detalles para mayor precision.
2026-08-03T19:53:55.531180,lateral,CORRECTO,RIGHT,11.9,24.4,56.0,,,,,,,,,,"Extiende mas los brazos para formar una plataforma firme. | Sube un poco la postura: la flexion de rodilla es muy cerrada. | Endereza un poco el tronco, hay demasiada inclinacion. | Buena ejecucion general. Ajusta detalles para mayor precision."
2026-08-03T19:53:56.481053,lateral,CORRECTO,RIGHT,126.9,130.6,89.5,,,,,,,,,,"Extiende mas los brazos para formar una plataforma firme. | Endereza un poco el tronco, hay demasiada inclinacion. | Buena ejecucion general. Ajusta detalles para mayor precision."
2026-08-03T19:54:04.561204,lateral,INCORRECTO,RIGHT,78.7,151.4,35.4,,,,,,,,,,"Extiende mas los brazos para formar una plataforma firme. | Flexiona mas las rodillas para estabilizar el centro de gravedad. | Endereza un poco el tronco, hay demasiada inclinacion."
2026-08-03T19:54:04.982151,lateral,INCORRECTO,RIGHT,127.9,145.0,2.5,,,,,,,,,,"Extiende mas los brazos para formar una plataforma firme. | Flexiona mas las rodillas para estabilizar el centro de gravedad. | Endereza un poco el tronco, hay demasiada inclinacion."
2026-08-03T19:54:22.099349,lateral,CORRECTO,RIGHT,79.5,50.4,32.2,,,,,,,,,,"Extiende mas los brazos para formar una plataforma firme. | Sube un poco la postura: la flexion de rodilla es muy cerrada. | Endereza un poco el tronco, hay demasiada inclinacion. | Buena ejecucion general. Ajusta detalles para mayor precision."
2026-08-03T19:54:22.529125,lateral,INCORRECTO,RIGHT,143.9,171.0,21.4,,,,,,,,,,"Extiende mas los brazos para formar una plataforma firme. | Flexiona mas las rodillas para estabilizar el centro de gravedad. | Endereza un poco el tronco, hay demasiada inclinacion."
2026-08-03T19:54:22.996220,lateral,INCORRECTO,RIGHT,72.8,146.9,140.9,,,,,,,,,,Extiende mas los brazos para formar una plataforma firme. | Flexiona mas las rodillas para estabilizar el centro de gravedad.
2026-08-03T19:54:23.430957,lateral,INCORRECTO,RIGHT,95.9,161.0,11.5,,,,,,,,,,"Extiende mas los brazos para formar una plataforma firme. | Flexiona mas las rodillas para estabilizar el centro de gravedad. | Endereza un poco el tronco, hay demasiada inclinacion."
2026-08-03T19:54:23.895023,lateral,INCORRECTO,RIGHT,62.1,154.0,1.8,,,,,,,,,,"Extiende mas los brazos para formar una plataforma firme. | Flexiona mas las rodillas para estabilizar el centro de gravedad. | Endereza un poco el tronco, hay demasiada inclinacion."
2026-08-03T19:54:24.330351,frontal,INCORRECTO,frontal,161.9,173.2,14.9,166.5,157.3,174.3,172.2,0.1263,0.4001,0.5799,0.4358,9.0778,Centra el tronco sobre la cadera para mejorar estabilidad. | Alinea la altura de ambas rodillas para una base simetrica. | Mantén ambas manos a una altura similar al formar la plataforma. | Abre un poco mas la base de apoyo con los tobillos.
2026-08-03T19:54:24.785833,lateral,INCORRECTO,RIGHT,59.4,163.4,9.4,,,,,,,,,,"Extiende mas los brazos para formar una plataforma firme. | Flexiona mas las rodillas para estabilizar el centro de gravedad. | Endereza un poco el tronco, hay demasiada inclinacion."
2026-08-03T19:54:25.231164,lateral,INCORRECTO,RIGHT,155.9,141.7,4.8,,,,,,,,,,"Flexiona mas las rodillas para estabilizar el centro de gravedad. | Endereza un poco el tronco, hay demasiada inclinacion."
2026-08-03T19:54:25.696279,lateral,CORRECTO,RIGHT,174.6,166.0,17.7,,,,,,,,,,"Flexiona mas las rodillas para estabilizar el centro de gravedad. | Endereza un poco el tronco, hay demasiada inclinacion. | Buena ejecucion general. Ajusta detalles para mayor precision."
2026-08-03T19:54:27.046577,lateral,CORRECTO,RIGHT,178.5,166.6,12.3,,,,,,,,,,"Flexiona mas las rodillas para estabilizar el centro de gravedad. | Endereza un poco el tronco, hay demasiada inclinacion. | Buena ejecucion general. Ajusta detalles para mayor precision."
2026-08-03T19:54:31.562605,lateral,INCORRECTO,RIGHT,49.8,178.3,177.5,,,,,,,,,,Extiende mas los brazos para formar una plataforma firme. | Flexiona mas las rodillas para estabilizar el centro de gravedad. | Inclina un poco mas el tronco para una mejor recepcion.
2026-08-03T19:54:31.990119,lateral,INCORRECTO,RIGHT,145.3,172.8,172.8,,,,,,,,,,Extiende mas los brazos para formar una plataforma firme. | Flexiona mas las rodillas para estabilizar el centro de gravedad. | Inclina un poco mas el tronco para una mejor recepcion.
2026-08-03T19:54:32.443469,lateral,INCORRECTO,RIGHT,169.2,163.5,161.3,,,,,,,,,,Flexiona mas las rodillas para estabilizar el centro de gravedad. | Inclina un poco mas el tronco para una mejor recepcion.
2026-08-03T19:54:32.881685,lateral,INCORRECTO,RIGHT,168.1,177.0,170.2,,,,,,,,,,Flexiona mas las rodillas para estabilizar el centro de gravedad. | Inclina un poco mas el tronco para una mejor recepcion.
2026-08-03T19:54:33.329595,lateral,INCORRECTO,RIGHT,167.4,170.0,144.3,,,,,,,,,,Flexiona mas las rodillas para estabilizar el centro de gravedad.
2026-08-03T19:54:50.011846,lateral,INCORRECTO,RIGHT,159.9,178.9,169.9,,,,,,,,,,Flexiona mas las rodillas para estabilizar el centro de gravedad. | Inclina un poco mas el tronco para una mejor recepcion.
2026-08-03T19:54:50.430317,lateral,INCORRECTO,RIGHT,122.7,177.5,177.7,,,,,,,,,,Extiende mas los brazos para formar una plataforma firme. | Flexiona mas las rodillas para estabilizar el centro de gravedad. | Inclina un poco mas el tronco para una mejor recepcion.
2026-08-03T19:54:50.894569,lateral,INCORRECTO,RIGHT,17.1,148.7,91.8,,,,,,,,,,"Extiende mas los brazos para formar una plataforma firme. | Flexiona mas las rodillas para estabilizar el centro de gravedad. | Endereza un poco el tronco, hay demasiada inclinacion."
2026-08-03T19:55:01.711108,lateral,INCORRECTO,RIGHT,31.4,155.2,178.0,,,,,,,,,,Extiende mas los brazos para formar una plataforma firme. | Flexiona mas las rodillas para estabilizar el centro de gravedad. | Inclina un poco mas el tronco para una mejor recepcion.
2026-08-03T19:55:02.130304,lateral,CORRECTO,RIGHT,132.3,132.7,12.8,,,,,,,,,,"Extiende mas los brazos para formar una plataforma firme. | Endereza un poco el tronco, hay demasiada inclinacion. | Buena ejecucion general. Ajusta detalles para mayor precision."
2026-08-03T19:55:03.076195,lateral,INCORRECTO,RIGHT,46.5,165.6,176.9,,,,,,,,,,Extiende mas los brazos para formar una plataforma firme. | Flexiona mas las rodillas para estabilizar el centro de gravedad. | Inclina un poco mas el tronco para una mejor recepcion.
2026-08-03T19:55:03.485956,lateral,INCORRECTO,RIGHT,111.2,167.6,171.6,,,,,,,,,,Extiende mas los brazos para formar una plataforma firme. | Flexiona mas las rodillas para estabilizar el centro de gravedad. | Inclina un poco mas el tronco para una mejor recepcion.
2026-08-03T19:55:03.928417,lateral,INCORRECTO,RIGHT,73.4,153.8,174.0,,,,,,,,,,Extiende mas los brazos para formar una plataforma firme. | Flexiona mas las rodillas para estabilizar el centro de gravedad. | Inclina un poco mas el tronco para una mejor recepcion.
2026-08-03T19:55:04.361382,lateral,CORRECTO,LEFT,126.4,104.2,109.7,,,,,,,,,,"Extiende mas los brazos para formar una plataforma firme. | Endereza un poco el tronco, hay demasiada inclinacion. | Buena ejecucion general. Ajusta detalles para mayor precision."
2026-08-03T19:55:06.194281,lateral,INCORRECTO,LEFT,110.9,173.4,176.5,,,,,,,,,,Extiende mas los brazos para formar una plataforma firme. | Flexiona mas las rodillas para estabilizar el centro de gravedad. | Inclina un poco mas el tronco para una mejor recepcion.
2026-08-03T19:55:06.629182,lateral,INCORRECTO,LEFT,2.6,175.8,162.0,,,,,,,,,,Extiende mas los brazos para formar una plataforma firme. | Flexiona mas las rodillas para estabilizar el centro de gravedad. | Inclina un poco mas el tronco para una mejor recepcion.
2026-08-03T19:55:07.560979,lateral,INCORRECTO,LEFT,32.3,171.5,169.9,,,,,,,,,,Extiende mas los brazos para formar una plataforma firme. | Flexiona mas las rodillas para estabilizar el centro de gravedad. | Inclina un poco mas el tronco para una mejor recepcion.
2026-08-03T19:55:07.978684,lateral,INCORRECTO,LEFT,101.3,167.7,179.2,,,,,,,,,,Extiende mas los brazos para formar una plataforma firme. | Flexiona mas las rodillas para estabilizar el centro de gravedad. | Inclina un poco mas el tronco para una mejor recepcion.
2026-08-03T19:55:08.911626,lateral,INCORRECTO,LEFT,132.9,173.9,174.1,,,,,,,,,,Extiende mas los brazos para formar una plataforma firme. | Flexiona mas las rodillas para estabilizar el centro de gravedad. | Inclina un poco mas el tronco para una mejor recepcion.
2026-08-03T19:55:09.329404,lateral,INCORRECTO,LEFT,170.5,174.6,163.3,,,,,,,,,,Flexiona mas las rodillas para estabilizar el centro de gravedad. | Inclina un poco mas el tronco para una mejor recepcion.
2026-08-03T19:55:09.778123,lateral,CORRECTO,RIGHT,57.1,106.4,89.0,,,,,,,,,,"Extiende mas los brazos para formar una plataforma firme. | Endereza un poco el tronco, hay demasiada inclinacion. | Buena ejecucion general. Ajusta detalles para mayor precision."
2026-08-03T19:55:10.227879,lateral,CORRECTO,RIGHT,174.0,36.2,15.5,,,,,,,,,,"Sube un poco la postura: la flexion de rodilla es muy cerrada. | Endereza un poco el tronco, hay demasiada inclinacion. | Buena ejecucion general. Ajusta detalles para mayor precision."
2026-08-03T19:55:10.677753,lateral,CORRECTO,RIGHT,167.9,2.1,11.4,,,,,,,,,,"Sube un poco la postura: la flexion de rodilla es muy cerrada. | Endereza un poco el tronco, hay demasiada inclinacion. | Buena ejecucion general. Ajusta detalles para mayor precision."
2026-08-03T19:55:11.127870,lateral,CORRECTO,RIGHT,151.6,42.9,8.4,,,,,,,,,,"Sube un poco la postura: la flexion de rodilla es muy cerrada. | Endereza un poco el tronco, hay demasiada inclinacion. | Buena ejecucion general. Ajusta detalles para mayor precision."
2026-08-03T19:55:12.060760,lateral,INCORRECTO,RIGHT,120.5,148.0,166.5,,,,,,,,,,Extiende mas los brazos para formar una plataforma firme. | Flexiona mas las rodillas para estabilizar el centro de gravedad. | Inclina un poco mas el tronco para una mejor recepcion.
2026-08-03T19:55:12.480880,lateral,INCORRECTO,LEFT,118.8,152.4,152.0,,,,,,,,,,Extiende mas los brazos para formar una plataforma firme. | Flexiona mas las rodillas para estabilizar el centro de gravedad.
2026-08-03T19:55:12.928527,lateral,INCORRECTO,LEFT,106.3,168.6,177.7,,,,,,,,,,Extiende mas los brazos para formar una plataforma firme. | Flexiona mas las rodillas para estabilizar el centro de gravedad. | Inclina un poco mas el tronco para una mejor recepcion.
2026-08-03T19:55:13.860728,lateral,INCORRECTO,LEFT,160.9,173.2,164.9,,,,,,,,,,Flexiona mas las rodillas para estabilizar el centro de gravedad. | Inclina un poco mas el tronco para una mejor recepcion.
2026-08-03T19:55:14.278794,lateral,INCORRECTO,LEFT,139.2,176.4,173.0,,,,,,,,,,Extiende mas los brazos para formar una plataforma firme. | Flexiona mas las rodillas para estabilizar el centro de gravedad. | Inclina un poco mas el tronco para una mejor recepcion.
2026-08-03T19:55:14.744308,lateral,INCORRECTO,LEFT,149.2,172.2,174.3,,,,,,,,,,Extiende mas los brazos para formar una plataforma firme. | Flexiona mas las rodillas para estabilizar el centro de gravedad. | Inclina un poco mas el tronco para una mejor recepcion.
2026-08-03T19:55:15.193627,lateral,INCORRECTO,LEFT,123.7,168.7,171.3,,,,,,,,,,Extiende mas los brazos para formar una plataforma firme. | Flexiona mas las rodillas para estabilizar el centro de gravedad. | Inclina un poco mas el tronco para una mejor recepcion.
2026-08-03T19:55:15.635166,lateral,INCORRECTO,LEFT,34.3,160.0,175.9,,,,,,,,,,Extiende mas los brazos para formar una plataforma firme. | Flexiona mas las rodillas para estabilizar el centro de gravedad. | Inclina un poco mas el tronco para una mejor recepcion.
2026-08-03T19:55:16.077290,lateral,INCORRECTO,LEFT,106.4,179.0,161.0,,,,,,,,,,Extiende mas los brazos para formar una plataforma firme. | Flexiona mas las rodillas para estabilizar el centro de gravedad. | Inclina un poco mas el tronco para una mejor recepcion.
2026-08-03T19:55:16.527358,lateral,INCORRECTO,LEFT,171.2,172.4,164.6,,,,,,,,,,Flexiona mas las rodillas para estabilizar el centro de gravedad. | Inclina un poco mas el tronco para una mejor recepcion.
2026-08-03T19:55:16.985641,lateral,INCORRECTO,LEFT,163.9,160.1,140.7,,,,,,,,,,Flexiona mas las rodillas para estabilizar el centro de gravedad.
2026-08-03T19:55:17.427518,lateral,INCORRECTO,LEFT,157.4,168.8,169.8,,,,,,,,,,Flexiona mas las rodillas para estabilizar el centro de gravedad. | Inclina un poco mas el tronco para una mejor recepcion.
2026-08-03T19:55:17.877608,lateral,INCORRECTO,LEFT,163.3,174.1,170.7,,,,,,,,,,Flexiona mas las rodillas para estabilizar el centro de gravedad. | Inclina un poco mas el tronco para una mejor recepcion.
2026-08-03T19:55:18.326972,lateral,INCORRECTO,LEFT,151.9,153.6,173.8,,,,,,,,,,Flexiona mas las rodillas para estabilizar el centro de gravedad. | Inclina un poco mas el tronco para una mejor recepcion.
2026-08-03T19:55:22.861033,lateral,INCORRECTO,LEFT,41.3,179.7,167.0,,,,,,,,,,Extiende mas los brazos para formar una plataforma firme. | Flexiona mas las rodillas para estabilizar el centro de gravedad. | Inclina un poco mas el tronco para una mejor recepcion.
2026-08-03T19:55:23.278596,lateral,INCORRECTO,LEFT,47.6,149.2,153.3,,,,,,,,,,Extiende mas los brazos para formar una plataforma firme. | Flexiona mas las rodillas para estabilizar el centro de gravedad.
2026-08-03T19:55:23.727028,lateral,INCORRECTO,LEFT,140.8,179.7,167.6,,,,,,,,,,Extiende mas los brazos para formar una plataforma firme. | Flexiona mas las rodillas para estabilizar el centro de gravedad. | Inclina un poco mas el tronco para una mejor recepcion.
2026-08-03T19:55:24.193147,lateral,INCORRECTO,LEFT,139.7,176.1,167.1,,,,,,,,,,Extiende mas los brazos para formar una plataforma firme. | Flexiona mas las rodillas para estabilizar el centro de gravedad. | Inclina un poco mas el tronco para una mejor recepcion.
2026-08-03T19:55:24.643624,lateral,INCORRECTO,LEFT,119.3,173.5,162.4,,,,,,,,,,Extiende mas los brazos para formar una plataforma firme. | Flexiona mas las rodillas para estabilizar el centro de gravedad. | Inclina un poco mas el tronco para una mejor recepcion.
2026-08-03T19:55:25.559718,lateral,INCORRECTO,LEFT,169.6,162.0,163.7,,,,,,,,,,Flexiona mas las rodillas para estabilizar el centro de gravedad. | Inclina un poco mas el tronco para una mejor recepcion.
2026-08-03T19:55:26.460349,lateral,INCORRECTO,LEFT,48.7,173.4,173.6,,,,,,,,,,Extiende mas los brazos para formar una plataforma firme. | Flexiona mas las rodillas para estabilizar el centro de gravedad. | Inclina un poco mas el tronco para una mejor recepcion.
2026-08-03T19:55:26.877553,lateral,INCORRECTO,LEFT,48.7,164.1,179.1,,,,,,,,,,Extiende mas los brazos para formar una plataforma firme. | Flexiona mas las rodillas para estabilizar el centro de gravedad. | Inclina un poco mas el tronco para una mejor recepcion.
2026-08-03T19:55:27.343573,lateral,INCORRECTO,LEFT,35.9,173.0,163.3,,,,,,,,,,Extiende mas los brazos para formar una plataforma firme. | Flexiona mas las rodillas para estabilizar el centro de gravedad. | Inclina un poco mas el tronco para una mejor recepcion.
2026-08-03T19:55:27.776760,lateral,INCORRECTO,LEFT,49.1,179.8,169.5,,,,,,,,,,Extiende mas los brazos para formar una plataforma firme. | Flexiona mas las rodillas para estabilizar el centro de gravedad. | Inclina un poco mas el tronco para una mejor recepcion.
2026-08-03T19:55:28.226873,lateral,INCORRECTO,LEFT,66.6,175.4,163.6,,,,,,,,,,Extiende mas los brazos para formar una plataforma firme. | Flexiona mas las rodillas para estabilizar el centro de gravedad. | Inclina un poco mas el tronco para una mejor recepcion.
2026-08-03T19:55:28.676843,lateral,INCORRECTO,LEFT,122.4,173.9,177.5,,,,,,,,,,Extiende mas los brazos para formar una plataforma firme. | Flexiona mas las rodillas para estabilizar el centro de gravedad. | Inclina un poco mas el tronco para una mejor recepcion.
2026-08-03T19:55:32.317741,lateral,INCORRECTO,LEFT,139.3,171.7,171.7,,,,,,,,,,Extiende mas los brazos para formar una plataforma firme. | Flexiona mas las rodillas para estabilizar el centro de gravedad. | Inclina un poco mas el tronco para una mejor recepcion.
2026-08-03T19:55:32.744384,lateral,INCORRECTO,LEFT,142.9,132.5,177.0,,,,,,,,,,Extiende mas los brazos para formar una plataforma firme. | Inclina un poco mas el tronco para una mejor recepcion.
2026-08-03T19:55:46.709497,lateral,INCORRECTO,RIGHT,166.5,155.2,170.4,,,,,,,,,,Flexiona mas las rodillas para estabilizar el centro de gravedad. | Inclina un poco mas el tronco para una mejor recepcion.
2026-08-03T19:55:47.109170,lateral,INCORRECTO,RIGHT,158.0,171.2,166.0,,,,,,,,,,Flexiona mas las rodillas para estabilizar el centro de gravedad. | Inclina un poco mas el tronco para una mejor recepcion.
2026-08-03T19:55:47.575930,lateral,INCORRECTO,RIGHT,158.2,161.7,170.6,,,,,,,,,,Flexiona mas las rodillas para estabilizar el centro de gravedad. | Inclina un poco mas el tronco para una mejor recepcion.
2026-08-03T19:55:48.025868,lateral,INCORRECTO,RIGHT,165.2,162.1,172.9,,,,,,,,,,Flexiona mas las rodillas para estabilizar el centro de gravedad. | Inclina un poco mas el tronco para una mejor recepcion.
2026-08-03T19:55:48.475355,lateral,INCORRECTO,RIGHT,159.3,170.7,176.4,,,,,,,,,,Flexiona mas las rodillas para estabilizar el centro de gravedad. | Inclina un poco mas el tronco para una mejor recepcion.
2026-08-03T19:55:48.925808,lateral,INCORRECTO,RIGHT,159.2,169.6,174.4,,,,,,,,,,Flexiona mas las rodillas para estabilizar el centro de gravedad. | Inclina un poco mas el tronco para una mejor recepcion.
2026-08-03T19:55:49.375656,lateral,INCORRECTO,RIGHT,158.6,169.7,174.4,,,,,,,,,,Flexiona mas las rodillas para estabilizar el centro de gravedad. | Inclina un poco mas el tronco para una mejor recepcion.
2026-08-03T19:55:49.840931,lateral,INCORRECTO,RIGHT,158.6,169.7,173.8,,,,,,,,,,Flexiona mas las rodillas para estabilizar el centro de gravedad. | Inclina un poco mas el tronco para una mejor recepcion.
2026-08-03T19:55:50.275853,lateral,INCORRECTO,RIGHT,157.8,167.2,172.3,,,,,,,,,,Flexiona mas las rodillas para estabilizar el centro de gravedad. | Inclina un poco mas el tronco para una mejor recepcion.
2026-08-03T19:55:50.725494,lateral,INCORRECTO,RIGHT,157.1,167.3,172.5,,,,,,,,,,Flexiona mas las rodillas para estabilizar el centro de gravedad. | Inclina un poco mas el tronco para una mejor recepcion.
2026-08-03T19:55:51.175857,lateral,INCORRECTO,RIGHT,156.2,167.2,172.5,,,,,,,,,,Flexiona mas las rodillas para estabilizar el centro de gravedad. | Inclina un poco mas el tronco para una mejor recepcion.
2026-08-03T19:55:51.641600,lateral,INCORRECTO,RIGHT,157.1,167.3,173.2,,,,,,,,,,Flexiona mas las rodillas para estabilizar el centro de gravedad. | Inclina un poco mas el tronco para una mejor recepcion.
2026-08-03T19:55:52.079006,lateral,INCORRECTO,RIGHT,157.8,166.3,171.6,,,,,,,,,,Flexiona mas las rodillas para estabilizar el centro de gravedad. | Inclina un poco mas el tronco para una mejor recepcion.
2026-08-03T19:55:52.526788,lateral,INCORRECTO,RIGHT,157.1,167.3,172.5,,,,,,,,,,Flexiona mas las rodillas para estabilizar el centro de gravedad. | Inclina un poco mas el tronco para una mejor recepcion.
2026-08-03T19:55:52.978193,lateral,INCORRECTO,RIGHT,157.8,166.3,171.6,,,,,,,,,,Flexiona mas las rodillas para estabilizar el centro de gravedad. | Inclina un poco mas el tronco para una mejor recepcion.
2026-08-03T19:55:53.425423,lateral,INCORRECTO,RIGHT,157.8,167.4,172.7,,,,,,,,,,Flexiona mas las rodillas para estabilizar el centro de gravedad. | Inclina un poco mas el tronco para una mejor recepcion.
2026-08-03T19:55:53.879533,lateral,INCORRECTO,RIGHT,155.7,167.1,173.0,,,,,,,,,,Flexiona mas las rodillas para estabilizar el centro de gravedad. | Inclina un poco mas el tronco para una mejor recepcion.
2026-08-03T19:55:54.325487,lateral,INCORRECTO,RIGHT,157.8,167.3,172.5,,,,,,,,,,Flexiona mas las rodillas para estabilizar el centro de gravedad. | Inclina un poco mas el tronco para una mejor recepcion.
2026-08-03T19:55:54.856132,lateral,INCORRECTO,RIGHT,157.1,167.4,172.7,,,,,,,,,,Flexiona mas las rodillas para estabilizar el centro de gravedad. | Inclina un poco mas el tronco para una mejor recepcion.
2026-08-03T19:55:55.224419,lateral,INCORRECTO,RIGHT,157.8,169.6,173.6,,,,,,,,,,Flexiona mas las rodillas para estabilizar el centro de gravedad. | Inclina un poco mas el tronco para una mejor recepcion.
2026-08-03T19:55:55.693707,lateral,INCORRECTO,RIGHT,155.6,167.4,172.7,,,,,,,,,,Flexiona mas las rodillas para estabilizar el centro de gravedad. | Inclina un poco mas el tronco para una mejor recepcion.
2026-08-03T19:55:56.125632,lateral,INCORRECTO,RIGHT,160.2,167.4,172.7,,,,,,,,,,Flexiona mas las rodillas para estabilizar el centro de gravedad. | Inclina un poco mas el tronco para una mejor recepcion.
2026-08-03T19:55:56.574965,lateral,INCORRECTO,RIGHT,160.8,167.2,172.3,,,,,,,,,,Flexiona mas las rodillas para estabilizar el centro de gravedad. | Inclina un poco mas el tronco para una mejor recepcion.
2026-08-03T19:55:57.024974,lateral,INCORRECTO,RIGHT,160.9,167.3,172.5,,,,,,,,,,Flexiona mas las rodillas para estabilizar el centro de gravedad. | Inclina un poco mas el tronco para una mejor recepcion.
2026-08-03T19:55:57.481793,lateral,INCORRECTO,RIGHT,163.6,170.7,175.5,,,,,,,,,,Flexiona mas las rodillas para estabilizar el centro de gravedad. | Inclina un poco mas el tronco para una mejor recepcion.
2026-08-03T19:55:57.932920,lateral,INCORRECTO,RIGHT,162.0,172.0,175.7,,,,,,,,,,Flexiona mas las rodillas para estabilizar el centro de gravedad. | Inclina un poco mas el tronco para una mejor recepcion.
2026-08-03T19:55:58.375907,lateral,INCORRECTO,RIGHT,167.4,170.7,175.5,,,,,,,,,,Flexiona mas las rodillas para estabilizar el centro de gravedad. | Inclina un poco mas el tronco para una mejor recepcion.
2026-08-03T19:55:58.824743,lateral,INCORRECTO,RIGHT,163.1,169.4,174.2,,,,,,,,,,Flexiona mas las rodillas para estabilizar el centro de gravedad. | Inclina un poco mas el tronco para una mejor recepcion.
2026-08-03T19:55:59.277028,lateral,INCORRECTO,RIGHT,165.6,170.6,175.4,,,,,,,,,,Flexiona mas las rodillas para estabilizar el centro de gravedad. | Inclina un poco mas el tronco para una mejor recepcion.
2026-08-03T19:55:59.741268,lateral,INCORRECTO,RIGHT,163.0,172.1,175.7,,,,,,,,,,Flexiona mas las rodillas para estabilizar el centro de gravedad. | Inclina un poco mas el tronco para una mejor recepcion.
2026-08-03T19:56:00.174587,lateral,INCORRECTO,RIGHT,161.4,168.4,173.6,,,,,,,,,,Flexiona mas las rodillas para estabilizar el centro de gravedad. | Inclina un poco mas el tronco para una mejor recepcion.
2026-08-03T19:56:00.641645,lateral,INCORRECTO,RIGHT,163.0,171.9,175.5,,,,,,,,,,Flexiona mas las rodillas para estabilizar el centro de gravedad. | Inclina un poco mas el tronco para una mejor recepcion.
2026-08-03T19:56:01.075279,lateral,INCORRECTO,RIGHT,163.1,170.7,174.7,,,,,,,,,,Flexiona mas las rodillas para estabilizar el centro de gravedad. | Inclina un poco mas el tronco para una mejor recepcion.
2026-08-03T19:56:01.541327,lateral,INCORRECTO,RIGHT,166.0,170.9,173.8,,,,,,,,,,Flexiona mas las rodillas para estabilizar el centro de gravedad. | Inclina un poco mas el tronco para una mejor recepcion.
2026-08-03T19:56:01.975262,lateral,INCORRECTO,RIGHT,166.0,170.8,175.5,,,,,,,,,,Flexiona mas las rodillas para estabilizar el centro de gravedad. | Inclina un poco mas el tronco para una mejor recepcion.
2026-08-03T19:56:02.424737,lateral,INCORRECTO,RIGHT,163.6,171.9,175.5,,,,,,,,,,Flexiona mas las rodillas para estabilizar el centro de gravedad. | Inclina un poco mas el tronco para una mejor recepcion.
2026-08-03T19:56:02.875121,lateral,INCORRECTO,RIGHT,167.1,170.9,175.7,,,,,,,,,,Flexiona mas las rodillas para estabilizar el centro de gravedad. | Inclina un poco mas el tronco para una mejor recepcion.
2026-08-03T19:56:03.326005,lateral,INCORRECTO,RIGHT,167.4,169.7,173.6,,,,,,,,,,Flexiona mas las rodillas para estabilizar el centro de gravedad. | Inclina un poco mas el tronco para una mejor recepcion.
2026-08-03T19:56:03.774758,lateral,INCORRECTO,RIGHT,167.4,169.7,175.5,,,,,,,,,,Flexiona mas las rodillas para estabilizar el centro de gravedad. | Inclina un poco mas el tronco para una mejor recepcion.
2026-08-03T19:56:04.225422,lateral,INCORRECTO,RIGHT,161.4,169.6,173.6,,,,,,,,,,Flexiona mas las rodillas para estabilizar el centro de gravedad. | Inclina un poco mas el tronco para una mejor recepcion.
2026-08-03T19:56:04.679939,lateral,INCORRECTO,RIGHT,167.4,170.8,175.5,,,,,,,,,,Flexiona mas las rodillas para estabilizar el centro de gravedad. | Inclina un poco mas el tronco para una mejor recepcion.
2026-08-03T19:56:05.142854,lateral,INCORRECTO,RIGHT,161.4,169.7,174.6,,,,,,,,,,Flexiona mas las rodillas para estabilizar el centro de gravedad. | Inclina un poco mas el tronco para una mejor recepcion.
2026-08-03T19:56:05.591493,lateral,INCORRECTO,RIGHT,164.5,170.8,175.6,,,,,,,,,,Flexiona mas las rodillas para estabilizar el centro de gravedad. | Inclina un poco mas el tronco para una mejor recepcion.
2026-08-03T19:56:06.026608,lateral,INCORRECTO,RIGHT,167.6,170.8,175.6,,,,,,,,,,Flexiona mas las rodillas para estabilizar el centro de gravedad. | Inclina un poco mas el tronco para una mejor recepcion.
2026-08-03T19:56:06.480458,lateral,INCORRECTO,RIGHT,167.6,170.6,175.4,,,,,,,,,,Flexiona mas las rodillas para estabilizar el centro de gravedad. | Inclina un poco mas el tronco para una mejor recepcion.
2026-08-03T19:56:06.937271,lateral,INCORRECTO,RIGHT,163.6,170.8,174.4,,,,,,,,,,Flexiona mas las rodillas para estabilizar el centro de gravedad. | Inclina un poco mas el tronco para una mejor recepcion.
2026-08-03T19:56:07.374521,lateral,INCORRECTO,RIGHT,163.6,171.9,175.5,,,,,,,,,,Flexiona mas las rodillas para estabilizar el centro de gravedad. | Inclina un poco mas el tronco para una mejor recepcion.
2026-08-03T19:56:07.828364,lateral,INCORRECTO,RIGHT,164.5,171.0,173.8,,,,,,,,,,Flexiona mas las rodillas para estabilizar el centro de gravedad. | Inclina un poco mas el tronco para una mejor recepcion.
2026-08-03T19:56:08.278925,lateral,INCORRECTO,RIGHT,163.8,169.6,174.4,,,,,,,,,,Flexiona mas las rodillas para estabilizar el centro de gravedad. | Inclina un poco mas el tronco para una mejor recepcion.
2026-08-03T19:56:08.740440,lateral,INCORRECTO,RIGHT,162.0,171.0,173.8,,,,,,,,,,Flexiona mas las rodillas para estabilizar el centro de gravedad. | Inclina un poco mas el tronco para una mejor recepcion.
2026-08-03T19:56:09.193498,lateral,INCORRECTO,RIGHT,164.5,170.8,175.5,,,,,,,,,,Flexiona mas las rodillas para estabilizar el centro de gravedad. | Inclina un poco mas el tronco para una mejor recepcion.
2026-08-03T19:56:09.624802,lateral,INCORRECTO,RIGHT,163.0,172.0,175.7,,,,,,,,,,Flexiona mas las rodillas para estabilizar el centro de gravedad. | Inclina un poco mas el tronco para una mejor recepcion.
2026-08-03T19:56:11.021559,lateral,INCORRECTO,RIGHT,171.2,172.0,165.5,,,,,,,,,,Flexiona mas las rodillas para estabilizar el centro de gravedad. | Inclina un poco mas el tronco para una mejor recepcion.
2026-08-03T19:56:11.425166,lateral,INCORRECTO,RIGHT,159.9,176.9,178.4,,,,,,,,,,Flexiona mas las rodillas para estabilizar el centro de gravedad. | Inclina un poco mas el tronco para una mejor recepcion.
2026-08-03T19:56:11.874725,lateral,INCORRECTO,RIGHT,162.8,176.9,177.5,,,,,,,,,,Flexiona mas las rodillas para estabilizar el centro de gravedad. | Inclina un poco mas el tronco para una mejor recepcion.
2026-08-03T19:56:12.361125,lateral,INCORRECTO,RIGHT,158.5,178.3,179.4,,,,,,,,,,Flexiona mas las rodillas para estabilizar el centro de gravedad. | Inclina un poco mas el tronco para una mejor recepcion.
2026-08-03T19:56:12.783072,lateral,INCORRECTO,RIGHT,169.1,175.2,175.7,,,,,,,,,,Flexiona mas las rodillas para estabilizar el centro de gravedad. | Inclina un poco mas el tronco para una mejor recepcion.
2026-08-03T19:56:13.236898,lateral,INCORRECTO,RIGHT,167.3,168.1,166.0,,,,,,,,,,Flexiona mas las rodillas para estabilizar el centro de gravedad. | Inclina un poco mas el tronco para una mejor recepcion.
2026-08-03T19:56:13.684351,lateral,INCORRECTO,RIGHT,168.1,156.8,152.2,,,,,,,,,,Flexiona mas las rodillas para estabilizar el centro de gravedad.
2026-08-03T19:56:14.135504,lateral,INCORRECTO,RIGHT,101.1,158.2,153.6,,,,,,,,,,Extiende mas los brazos para formar una plataforma firme. | Flexiona mas las rodillas para estabilizar el centro de gravedad.
2026-08-03T19:56:14.568147,lateral,INCORRECTO,RIGHT,77.4,165.6,162.0,,,,,,,,,,Extiende mas los brazos para formar una plataforma firme. | Flexiona mas las rodillas para estabilizar el centro de gravedad. | Inclina un poco mas el tronco para una mejor recepcion.
2026-08-03T19:56:15.028085,lateral,INCORRECTO,RIGHT,75.3,157.5,160.5,,,,,,,,,,Extiende mas los brazos para formar una plataforma firme. | Flexiona mas las rodillas para estabilizar el centro de gravedad. | Inclina un poco mas el tronco para una mejor recepcion.
2026-08-03T19:56:15.494041,lateral,INCORRECTO,RIGHT,75.7,168.9,169.7,,,,,,,,,,Extiende mas los brazos para formar una plataforma firme. | Flexiona mas las rodillas para estabilizar el centro de gravedad. | Inclina un poco mas el tronco para una mejor recepcion.
2026-08-03T19:56:15.940620,lateral,INCORRECTO,RIGHT,112.8,167.0,167.4,,,,,,,,,,Extiende mas los brazos para formar una plataforma firme. | Flexiona mas las rodillas para estabilizar el centro de gravedad. | Inclina un poco mas el tronco para una mejor recepcion.
2026-08-03T19:56:16.379554,lateral,INCORRECTO,RIGHT,161.6,168.6,166.0,,,,,,,,,,Flexiona mas las rodillas para estabilizar el centro de gravedad. | Inclina un poco mas el tronco para una mejor recepcion.
2026-08-03T19:56:16.828207,lateral,INCORRECTO,RIGHT,163.8,168.7,166.9,,,,,,,,,,Flexiona mas las rodillas para estabilizar el centro de gravedad. | Inclina un poco mas el tronco para una mejor recepcion.
2026-08-03T19:56:17.284057,lateral,INCORRECTO,RIGHT,124.5,150.6,153.7,,,,,,,,,,Extiende mas los brazos para formar una plataforma firme. | Flexiona mas las rodillas para estabilizar el centro de gravedad.
2026-08-03T19:56:17.723164,lateral,INCORRECTO,RIGHT,129.5,150.7,152.2,,,,,,,,,,Extiende mas los brazos para formar una plataforma firme. | Flexiona mas las rodillas para estabilizar el centro de gravedad.
2026-08-03T19:56:18.185458,lateral,CORRECTO,RIGHT,176.2,158.6,136.3,,,,,,,,,,Flexiona mas las rodillas para estabilizar el centro de gravedad. | Buena ejecucion general. Ajusta detalles para mayor precision.
2026-08-03T19:56:18.631873,lateral,INCORRECTO,RIGHT,93.2,164.0,153.4,,,,,,,,,,Extiende mas los brazos para formar una plataforma firme. | Flexiona mas las rodillas para estabilizar el centro de gravedad.
2026-08-03T19:56:19.086464,lateral,INCORRECTO,RIGHT,87.9,169.0,171.3,,,,,,,,,,Extiende mas los brazos para formar una plataforma firme. | Flexiona mas las rodillas para estabilizar el centro de gravedad. | Inclina un poco mas el tronco para una mejor recepcion.
2026-08-03T19:56:19.544572,lateral,INCORRECTO,RIGHT,92.8,173.6,173.4,,,,,,,,,,Extiende mas los brazos para formar una plataforma firme. | Flexiona mas las rodillas para estabilizar el centro de gravedad. | Inclina un poco mas el tronco para una mejor recepcion.
2026-08-03T19:56:19.990319,lateral,INCORRECTO,RIGHT,107.4,175.1,170.5,,,,,,,,,,Extiende mas los brazos para formar una plataforma firme. | Flexiona mas las rodillas para estabilizar el centro de gravedad. | Inclina un poco mas el tronco para una mejor recepcion.
2026-08-03T19:56:20.426280,lateral,INCORRECTO,RIGHT,105.5,165.9,162.0,,,,,,,,,,Extiende mas los brazos para formar una plataforma firme. | Flexiona mas las rodillas para estabilizar el centro de gravedad. | Inclina un poco mas el tronco para una mejor recepcion.
2026-08-03T19:56:20.874749,lateral,INCORRECTO,RIGHT,95.6,144.1,150.5,,,,,,,,,,Extiende mas los brazos para formar una plataforma firme. | Flexiona mas las rodillas para estabilizar el centro de gravedad.
2026-08-03T19:56:21.327407,lateral,INCORRECTO,RIGHT,154.9,157.1,148.7,,,,,,,,,,Flexiona mas las rodillas para estabilizar el centro de gravedad.
2026-08-03T19:56:21.790961,lateral,INCORRECTO,RIGHT,170.0,161.3,153.6,,,,,,,,,,Flexiona mas las rodillas para estabilizar el centro de gravedad.
2026-08-03T19:56:22.307957,lateral,INCORRECTO,RIGHT,79.5,158.9,161.7,,,,,,,,,,Extiende mas los brazos para formar una plataforma firme. | Flexiona mas las rodillas para estabilizar el centro de gravedad. | Inclina un poco mas el tronco para una mejor recepcion.
2026-08-03T19:56:22.672064,lateral,INCORRECTO,RIGHT,72.3,168.8,168.7,,,,,,,,,,Extiende mas los brazos para formar una plataforma firme. | Flexiona mas las rodillas para estabilizar el centro de gravedad. | Inclina un poco mas el tronco para una mejor recepcion.
2026-08-03T19:56:23.133270,lateral,INCORRECTO,RIGHT,81.3,173.4,173.5,,,,,,,,,,Extiende mas los brazos para formar una plataforma firme. | Flexiona mas las rodillas para estabilizar el centro de gravedad. | Inclina un poco mas el tronco para una mejor recepcion.
2026-08-03T19:56:23.591229,lateral,INCORRECTO,RIGHT,89.0,170.6,171.5,,,,,,,,,,Extiende mas los brazos para formar una plataforma firme. | Flexiona mas las rodillas para estabilizar el centro de gravedad. | Inclina un poco mas el tronco para una mejor recepcion.
2026-08-03T19:56:24.031843,lateral,INCORRECTO,RIGHT,88.6,168.8,173.7,,,,,,,,,,Extiende mas los brazos para formar una plataforma firme. | Flexiona mas las rodillas para estabilizar el centro de gravedad. | Inclina un poco mas el tronco para una mejor recepcion.
2026-08-03T19:56:24.488879,lateral,INCORRECTO,RIGHT,90.0,165.8,169.4,,,,,,,,,,Extiende mas los brazos para formar una plataforma firme. | Flexiona mas las rodillas para estabilizar el centro de gravedad. | Inclina un poco mas el tronco para una mejor recepcion.
2026-08-03T19:56:24.933168,lateral,INCORRECTO,RIGHT,99.1,165.6,167.8,,,,,,,,,,Extiende mas los brazos para formar una plataforma firme. | Flexiona mas las rodillas para estabilizar el centro de gravedad. | Inclina un poco mas el tronco para una mejor recepcion.
2026-08-03T19:56:25.375534,lateral,INCORRECTO,RIGHT,161.8,150.7,141.9,,,,,,,,,,Flexiona mas las rodillas para estabilizar el centro de gravedad.
2026-08-03T19:56:25.838072,lateral,INCORRECTO,RIGHT,132.0,142.2,123.0,,,,,,,,,,Extiende mas los brazos para formar una plataforma firme. | Flexiona mas las rodillas para estabilizar el centro de gravedad.
2026-08-03T19:56:26.280390,lateral,INCORRECTO,RIGHT,127.0,155.1,141.8,,,,,,,,,,Extiende mas los brazos para formar una plataforma firme. | Flexiona mas las rodillas para estabilizar el centro de gravedad.
2026-08-03T19:56:26.741145,lateral,INCORRECTO,RIGHT,101.5,164.0,160.8,,,,,,,,,,Extiende mas los brazos para formar una plataforma firme. | Flexiona mas las rodillas para estabilizar el centro de gravedad. | Inclina un poco mas el tronco para una mejor recepcion.
2026-08-03T19:56:27.180015,lateral,INCORRECTO,RIGHT,91.1,166.1,167.4,,,,,,,,,,Extiende mas los brazos para formar una plataforma firme. | Flexiona mas las rodillas para estabilizar el centro de gravedad. | Inclina un poco mas el tronco para una mejor recepcion.
2026-08-03T19:56:27.642096,lateral,INCORRECTO,RIGHT,84.3,176.8,172.8,,,,,,,,,,Extiende mas los brazos para formar una plataforma firme. | Flexiona mas las rodillas para estabilizar el centro de gravedad. | Inclina un poco mas el tronco para una mejor recepcion.
2026-08-03T19:56:28.092686,lateral,INCORRECTO,RIGHT,88.0,171.9,170.6,,,,,,,,,,Extiende mas los brazos para formar una plataforma firme. | Flexiona mas las rodillas para estabilizar el centro de gravedad. | Inclina un poco mas el tronco para una mejor recepcion.
2026-08-03T19:56:28.523168,lateral,INCORRECTO,RIGHT,107.9,153.6,157.0,,,,,,,,,,Extiende mas los brazos para formar una plataforma firme. | Flexiona mas las rodillas para estabilizar el centro de gravedad.
2026-08-03T19:56:28.973815,lateral,INCORRECTO,RIGHT,119.1,158.5,155.5,,,,,,,,,,Extiende mas los brazos para formar una plataforma firme. | Flexiona mas las rodillas para estabilizar el centro de gravedad.
2026-08-03T19:56:29.434002,lateral,INCORRECTO,RIGHT,103.5,162.3,147.1,,,,,,,,,,Extiende mas los brazos para formar una plataforma firme. | Flexiona mas las rodillas para estabilizar el centro de gravedad.
2026-08-03T19:56:29.875498,lateral,INCORRECTO,RIGHT,87.8,169.1,163.5,,,,,,,,,,Extiende mas los brazos para formar una plataforma firme. | Flexiona mas las rodillas para estabilizar el centro de gravedad. | Inclina un poco mas el tronco para una mejor recepcion.
2026-08-03T19:56:30.340068,lateral,INCORRECTO,RIGHT,80.2,173.5,168.1,,,,,,,,,,Extiende mas los brazos para formar una plataforma firme. | Flexiona mas las rodillas para estabilizar el centro de gravedad. | Inclina un poco mas el tronco para una mejor recepcion.
2026-08-03T19:56:30.787515,lateral,INCORRECTO,RIGHT,87.2,176.6,173.3,,,,,,,,,,Extiende mas los brazos para formar una plataforma firme. | Flexiona mas las rodillas para estabilizar el centro de gravedad. | Inclina un poco mas el tronco para una mejor recepcion.
2026-08-03T19:56:31.226592,lateral,INCORRECTO,RIGHT,83.4,175.2,170.7,,,,,,,,,,Extiende mas los brazos para formar una plataforma firme. | Flexiona mas las rodillas para estabilizar el centro de gravedad. | Inclina un poco mas el tronco para una mejor recepcion.
2026-08-03T19:56:31.671771,lateral,INCORRECTO,RIGHT,86.8,176.8,176.1,,,,,,,,,,Extiende mas los brazos para formar una plataforma firme. | Flexiona mas las rodillas para estabilizar el centro de gravedad. | Inclina un poco mas el tronco para una mejor recepcion.
2026-08-03T19:56:32.143267,lateral,INCORRECTO,RIGHT,154.2,170.5,164.9,,,,,,,,,,Flexiona mas las rodillas para estabilizar el centro de gravedad. | Inclina un poco mas el tronco para una mejor recepcion.
2026-08-03T19:56:32.576117,lateral,INCORRECTO,RIGHT,119.7,149.6,131.3,,,,,,,,,,Extiende mas los brazos para formar una plataforma firme. | Flexiona mas las rodillas para estabilizar el centro de gravedad.
2026-08-03T19:56:33.030500,lateral,INCORRECTO,RIGHT,95.6,163.7,156.2,,,,,,,,,,Extiende mas los brazos para formar una plataforma firme. | Flexiona mas las rodillas para estabilizar el centro de gravedad.
2026-08-03T19:56:33.482595,lateral,INCORRECTO,RIGHT,77.6,170.5,166.5,,,,,,,,,,Extiende mas los brazos para formar una plataforma firme. | Flexiona mas las rodillas para estabilizar el centro de gravedad. | Inclina un poco mas el tronco para una mejor recepcion.
2026-08-03T19:56:33.939802,lateral,INCORRECTO,RIGHT,78.7,170.5,169.4,,,,,,,,,,Extiende mas los brazos para formar una plataforma firme. | Flexiona mas las rodillas para estabilizar el centro de gravedad. | Inclina un poco mas el tronco para una mejor recepcion.
2026-08-03T19:56:34.373121,lateral,INCORRECTO,RIGHT,78.4,172.5,175.7,,,,,,,,,,Extiende mas los brazos para formar una plataforma firme. | Flexiona mas las rodillas para estabilizar el centro de gravedad. | Inclina un poco mas el tronco para una mejor recepcion.
2026-08-03T19:56:34.838066,lateral,INCORRECTO,RIGHT,83.8,174.2,176.8,,,,,,,,,,Extiende mas los brazos para formar una plataforma firme. | Flexiona mas las rodillas para estabilizar el centro de gravedad. | Inclina un poco mas el tronco para una mejor recepcion.
2026-08-03T19:56:35.274618,lateral,INCORRECTO,RIGHT,80.3,172.9,174.6,,,,,,,,,,Extiende mas los brazos para formar una plataforma firme. | Flexiona mas las rodillas para estabilizar el centro de gravedad. | Inclina un poco mas el tronco para una mejor recepcion.
2026-08-03T19:56:35.724319,lateral,INCORRECTO,RIGHT,83.9,169.3,173.6,,,,,,,,,,Extiende mas los brazos para formar una plataforma firme. | Flexiona mas las rodillas para estabilizar el centro de gravedad. | Inclina un poco mas el tronco para una mejor recepcion.
2026-08-03T19:56:36.180608,lateral,INCORRECTO,RIGHT,85.1,173.4,178.4,,,,,,,,,,Extiende mas los brazos para formar una plataforma firme. | Flexiona mas las rodillas para estabilizar el centro de gravedad. | Inclina un poco mas el tronco para una mejor recepcion.
2026-08-03T19:56:36.623481,lateral,INCORRECTO,RIGHT,91.4,173.4,177.4,,,,,,,,,,Extiende mas los brazos para formar una plataforma firme. | Flexiona mas las rodillas para estabilizar el centro de gravedad. | Inclina un poco mas el tronco para una mejor recepcion.
2026-08-03T19:56:37.083832,lateral,INCORRECTO,RIGHT,117.5,176.9,175.6,,,,,,,,,,Extiende mas los brazos para formar una plataforma firme. | Flexiona mas las rodillas para estabilizar el centro de gravedad. | Inclina un poco mas el tronco para una mejor recepcion.
2026-08-03T19:56:37.522732,lateral,INCORRECTO,RIGHT,139.6,178.5,179.9,,,,,,,,,,Extiende mas los brazos para formar una plataforma firme. | Flexiona mas las rodillas para estabilizar el centro de gravedad. | Inclina un poco mas el tronco para una mejor recepcion.
2026-08-03T19:56:37.972849,lateral,INCORRECTO,RIGHT,99.0,176.3,179.1,,,,,,,,,,Extiende mas los brazos para formar una plataforma firme. | Flexiona mas las rodillas para estabilizar el centro de gravedad. | Inclina un poco mas el tronco para una mejor recepcion.
2026-08-03T19:56:38.424552,lateral,INCORRECTO,RIGHT,83.9,172.3,175.9,,,,,,,,,,Extiende mas los brazos para formar una plataforma firme. | Flexiona mas las rodillas para estabilizar el centro de gravedad. | Inclina un poco mas el tronco para una mejor recepcion.
2026-08-03T19:56:38.885932,lateral,INCORRECTO,RIGHT,86.0,171.9,173.5,,,,,,,,,,Extiende mas los brazos para formar una plataforma firme. | Flexiona mas las rodillas para estabilizar el centro de gravedad. | Inclina un poco mas el tronco para una mejor recepcion.
2026-08-03T19:56:39.323413,lateral,INCORRECTO,RIGHT,89.7,176.7,176.6,,,,,,,,,,Extiende mas los brazos para formar una plataforma firme. | Flexiona mas las rodillas para estabilizar el centro de gravedad. | Inclina un poco mas el tronco para una mejor recepcion.
2026-08-03T19:56:39.773201,lateral,INCORRECTO,RIGHT,99.2,148.4,159.1,,,,,,,,,,Extiende mas los brazos para formar una plataforma firme. | Flexiona mas las rodillas para estabilizar el centro de gravedad.
2026-08-03T19:56:40.223240,lateral,INCORRECTO,RIGHT,160.0,145.7,146.7,,,,,,,,,,Flexiona mas las rodillas para estabilizar el centro de gravedad.
2026-08-03T19:56:40.672180,lateral,INCORRECTO,RIGHT,168.3,180.0,165.4,,,,,,,,,,Flexiona mas las rodillas para estabilizar el centro de gravedad. | Inclina un poco mas el tronco para una mejor recepcion.
2026-08-03T19:56:41.142637,lateral,INCORRECTO,RIGHT,84.2,167.8,164.0,,,,,,,,,,Extiende mas los brazos para formar una plataforma firme. | Flexiona mas las rodillas para estabilizar el centro de gravedad. | Inclina un poco mas el tronco para una mejor recepcion.
2026-08-03T19:56:41.574864,lateral,INCORRECTO,RIGHT,89.1,138.8,144.8,,,,,,,,,,Extiende mas los brazos para formar una plataforma firme. | Flexiona mas las rodillas para estabilizar el centro de gravedad.
2026-08-03T19:56:42.033785,lateral,INCORRECTO,RIGHT,111.0,175.9,174.4,,,,,,,,,,Extiende mas los brazos para formar una plataforma firme. | Flexiona mas las rodillas para estabilizar el centro de gravedad. | Inclina un poco mas el tronco para una mejor recepcion.
2026-08-03T19:56:42.471011,lateral,INCORRECTO,RIGHT,180.0,177.2,177.0,,,,,,,,,,Flexiona mas las rodillas para estabilizar el centro de gravedad. | Inclina un poco mas el tronco para una mejor recepcion.
2026-08-03T19:56:42.939095,lateral,INCORRECTO,RIGHT,146.4,177.7,178.0,,,,,,,,,,Extiende mas los brazos para formar una plataforma firme. | Flexiona mas las rodillas para estabilizar el centro de gravedad. | Inclina un poco mas el tronco para una mejor recepcion.
2026-08-03T19:56:43.386437,lateral,INCORRECTO,RIGHT,90.0,177.1,173.9,,,,,,,,,,Extiende mas los brazos para formar una plataforma firme. | Flexiona mas las rodillas para estabilizar el centro de gravedad. | Inclina un poco mas el tronco para una mejor recepcion.
2026-08-03T19:56:43.823212,lateral,INCORRECTO,RIGHT,144.7,180.0,175.2,,,,,,,,,,Extiende mas los brazos para formar una plataforma firme. | Flexiona mas las rodillas para estabilizar el centro de gravedad. | Inclina un poco mas el tronco para una mejor recepcion.
2026-08-03T19:56:44.272886,lateral,INCORRECTO,RIGHT,45.0,167.3,173.7,,,,,,,,,,Extiende mas los brazos para formar una plataforma firme. | Flexiona mas las rodillas para estabilizar el centro de gravedad. | Inclina un poco mas el tronco para una mejor recepcion.
2026-08-03T19:56:44.722365,lateral,INCORRECTO,RIGHT,52.1,161.8,164.8,,,,,,,,,,Extiende mas los brazos para formar una plataforma firme. | Flexiona mas las rodillas para estabilizar el centro de gravedad. | Inclina un poco mas el tronco para una mejor recepcion.
2026-08-03T19:56:48.822258,lateral,INCORRECTO,RIGHT,63.4,179.6,179.2,,,,,,,,,,Extiende mas los brazos para formar una plataforma firme. | Flexiona mas las rodillas para estabilizar el centro de gravedad. | Inclina un poco mas el tronco para una mejor recepcion.
2026-08-03T19:56:49.239794,lateral,INCORRECTO,RIGHT,90.7,160.9,179.1,,,,,,,,,,Extiende mas los brazos para formar una plataforma firme. | Flexiona mas las rodillas para estabilizar el centro de gravedad. | Inclina un poco mas el tronco para una mejor recepcion.
2026-08-03T19:56:49.688787,lateral,INCORRECTO,RIGHT,96.6,175.6,179.0,,,,,,,,,,Extiende mas los brazos para formar una plataforma firme. | Flexiona mas las rodillas para estabilizar el centro de gravedad. | Inclina un poco mas el tronco para una mejor recepcion.
2026-08-03T19:56:50.138950,lateral,INCORRECTO,RIGHT,88.4,178.6,176.0,,,,,,,,,,Extiende mas los brazos para formar una plataforma firme. | Flexiona mas las rodillas para estabilizar el centro de gravedad. | Inclina un poco mas el tronco para una mejor recepcion.
2026-08-03T19:56:50.588999,lateral,INCORRECTO,RIGHT,129.9,175.8,178.2,,,,,,,,,,Extiende mas los brazos para formar una plataforma firme. | Flexiona mas las rodillas para estabilizar el centro de gravedad. | Inclina un poco mas el tronco para una mejor recepcion.
2026-08-03T19:56:51.038702,lateral,INCORRECTO,RIGHT,82.1,178.8,174.8,,,,,,,,,,Extiende mas los brazos para formar una plataforma firme. | Flexiona mas las rodillas para estabilizar el centro de gravedad. | Inclina un poco mas el tronco para una mejor recepcion.
2026-08-03T19:56:51.493497,lateral,INCORRECTO,RIGHT,79.7,172.4,173.6,,,,,,,,,,Extiende mas los brazos para formar una plataforma firme. | Flexiona mas las rodillas para estabilizar el centro de gravedad. | Inclina un poco mas el tronco para una mejor recepcion.
2026-08-03T19:56:51.953127,lateral,INCORRECTO,RIGHT,73.6,178.7,171.8,,,,,,,,,,Extiende mas los brazos para formar una plataforma firme. | Flexiona mas las rodillas para estabilizar el centro de gravedad. | Inclina un poco mas el tronco para una mejor recepcion.
2026-08-03T19:56:52.403645,lateral,INCORRECTO,RIGHT,80.1,179.7,173.5,,,,,,,,,,Extiende mas los brazos para formar una plataforma firme. | Flexiona mas las rodillas para estabilizar el centro de gravedad. | Inclina un poco mas el tronco para una mejor recepcion.
2026-08-03T19:56:52.839088,lateral,INCORRECTO,RIGHT,31.3,176.5,169.0,,,,,,,,,,Extiende mas los brazos para formar una plataforma firme. | Flexiona mas las rodillas para estabilizar el centro de gravedad. | Inclina un poco mas el tronco para una mejor recepcion.
2026-08-03T19:56:53.272267,lateral,CORRECTO,RIGHT,45.0,5.7,1.0,,,,,,,,,,"Extiende mas los brazos para formar una plataforma firme. | Sube un poco la postura: la flexion de rodilla es muy cerrada. | Endereza un poco el tronco, hay demasiada inclinacion. | Buena ejecucion general. Ajusta detalles para mayor precision."
2026-08-03T19:57:23.886817,lateral,INCORRECTO,RIGHT,175.7,166.1,179.3,,,,,,,,,,Flexiona mas las rodillas para estabilizar el centro de gravedad. | Inclina un poco mas el tronco para una mejor recepcion.
2026-08-03T19:57:24.330678,lateral,INCORRECTO,RIGHT,173.4,173.7,171.0,,,,,,,,,,Flexiona mas las rodillas para estabilizar el centro de gravedad. | Inclina un poco mas el tronco para una mejor recepcion.
2026-08-03T19:57:24.785150,lateral,INCORRECTO,RIGHT,147.3,172.4,174.6,,,,,,,,,,Extiende mas los brazos para formar una plataforma firme. | Flexiona mas las rodillas para estabilizar el centro de gravedad. | Inclina un poco mas el tronco para una mejor recepcion.
2026-08-03T19:57:25.236829,lateral,INCORRECTO,RIGHT,139.5,178.5,172.2,,,,,,,,,,Extiende mas los brazos para formar una plataforma firme. | Flexiona mas las rodillas para estabilizar el centro de gravedad. | Inclina un poco mas el tronco para una mejor recepcion.
2026-08-03T19:57:25.686278,lateral,INCORRECTO,RIGHT,156.4,178.2,170.5,,,,,,,,,,Flexiona mas las rodillas para estabilizar el centro de gravedad. | Inclina un poco mas el tronco para una mejor recepcion.
2026-08-03T19:57:26.120350,lateral,INCORRECTO,RIGHT,148.0,178.4,170.2,,,,,,,,,,Extiende mas los brazos para formar una plataforma firme. | Flexiona mas las rodillas para estabilizar el centro de gravedad. | Inclina un poco mas el tronco para una mejor recepcion.
2026-08-03T19:57:26.586056,lateral,INCORRECTO,RIGHT,162.2,175.9,176.1,,,,,,,,,,Flexiona mas las rodillas para estabilizar el centro de gravedad. | Inclina un poco mas el tronco para una mejor recepcion.
2026-08-03T19:57:27.049042,lateral,INCORRECTO,RIGHT,130.1,163.6,157.6,,,,,,,,,,Extiende mas los brazos para formar una plataforma firme. | Flexiona mas las rodillas para estabilizar el centro de gravedad.
2026-08-03T19:57:27.494836,lateral,INCORRECTO,RIGHT,165.7,156.1,146.0,,,,,,,,,,Flexiona mas las rodillas para estabilizar el centro de gravedad.
2026-08-03T19:57:27.929842,lateral,INCORRECTO,RIGHT,169.7,165.3,153.5,,,,,,,,,,Flexiona mas las rodillas para estabilizar el centro de gravedad.
2026-08-03T19:57:28.369753,lateral,CORRECTO,RIGHT,91.8,127.3,128.9,,,,,,,,,,Extiende mas los brazos para formar una plataforma firme. | Buena ejecucion general. Ajusta detalles para mayor precision.
2026-08-03T19:57:28.819907,lateral,INCORRECTO,RIGHT,144.4,140.2,146.5,,,,,,,,,,Extiende mas los brazos para formar una plataforma firme. | Flexiona mas las rodillas para estabilizar el centro de gravedad.
2026-08-03T19:57:29.286787,lateral,INCORRECTO,RIGHT,140.8,137.3,156.8,,,,,,,,,,Extiende mas los brazos para formar una plataforma firme. | Flexiona mas las rodillas para estabilizar el centro de gravedad.
2026-08-03T19:57:29.725498,lateral,INCORRECTO,RIGHT,178.3,162.3,159.7,,,,,,,,,,Flexiona mas las rodillas para estabilizar el centro de gravedad.
2026-08-03T19:57:30.187679,lateral,CORRECTO,RIGHT,180.0,155.0,148.3,,,,,,,,,,Flexiona mas las rodillas para estabilizar el centro de gravedad. | Buena ejecucion general. Ajusta detalles para mayor precision.
2026-08-03T19:57:30.637603,lateral,INCORRECTO,RIGHT,166.9,146.6,134.8,,,,,,,,,,Flexiona mas las rodillas para estabilizar el centro de gravedad.
2026-08-03T19:57:31.072592,lateral,INCORRECTO,RIGHT,154.8,149.6,144.7,,,,,,,,,,Flexiona mas las rodillas para estabilizar el centro de gravedad.
2026-08-03T19:57:31.525668,lateral,CORRECTO,RIGHT,175.1,122.4,123.2,,,,,,,,,,Tecnica correcta. Mantener postura y sincronizacion.
2026-08-03T19:57:31.980565,lateral,CORRECTO,RIGHT,153.4,129.7,129.5,,,,,,,,,,Tecnica correcta. Mantener postura y sincronizacion.
2026-08-03T19:57:32.442007,lateral,INCORRECTO,RIGHT,125.2,135.4,144.7,,,,,,,,,,Extiende mas los brazos para formar una plataforma firme. | Flexiona mas las rodillas para estabilizar el centro de gravedad.
2026-08-03T19:57:32.871832,lateral,INCORRECTO,RIGHT,152.3,169.6,165.3,,,,,,,,,,Flexiona mas las rodillas para estabilizar el centro de gravedad. | Inclina un poco mas el tronco para una mejor recepcion.
2026-08-03T19:57:33.340056,lateral,INCORRECTO,RIGHT,141.6,168.2,157.6,,,,,,,,,,Extiende mas los brazos para formar una plataforma firme. | Flexiona mas las rodillas para estabilizar el centro de gravedad.
2026-08-03T19:57:33.784350,lateral,INCORRECTO,RIGHT,164.8,137.2,126.1,,,,,,,,,,Flexiona mas las rodillas para estabilizar el centro de gravedad.
2026-08-03T19:57:34.233062,lateral,CORRECTO,RIGHT,147.2,127.3,118.3,,,,,,,,,,Extiende mas los brazos para formar una plataforma firme. | Buena ejecucion general. Ajusta detalles para mayor precision.
2026-08-03T19:57:34.678751,lateral,CORRECTO,RIGHT,142.5,130.6,117.1,,,,,,,,,,Extiende mas los brazos para formar una plataforma firme. | Buena ejecucion general. Ajusta detalles para mayor precision.
2026-08-03T19:57:35.136406,lateral,INCORRECTO,RIGHT,154.2,138.4,117.0,,,,,,,,,,Flexiona mas las rodillas para estabilizar el centro de gravedad.
2026-08-03T19:57:35.587803,lateral,INCORRECTO,RIGHT,73.7,149.2,83.7,,,,,,,,,,"Extiende mas los brazos para formar una plataforma firme. | Flexiona mas las rodillas para estabilizar el centro de gravedad. | Endereza un poco el tronco, hay demasiada inclinacion."
2026-08-03T19:57:36.033793,lateral,INCORRECTO,RIGHT,169.3,135.1,84.7,,,,,,,,,,"Flexiona mas las rodillas para estabilizar el centro de gravedad. | Endereza un poco el tronco, hay demasiada inclinacion."
2026-08-03T19:57:36.473448,lateral,INCORRECTO,RIGHT,158.8,145.2,124.0,,,,,,,,,,Flexiona mas las rodillas para estabilizar el centro de gravedad.
2026-08-03T19:57:36.932007,lateral,INCORRECTO,RIGHT,165.0,158.1,140.9,,,,,,,,,,Flexiona mas las rodillas para estabilizar el centro de gravedad.
2026-08-03T19:57:37.373433,lateral,INCORRECTO,RIGHT,145.4,152.0,152.9,,,,,,,,,,Extiende mas los brazos para formar una plataforma firme. | Flexiona mas las rodillas para estabilizar el centro de gravedad.
2026-08-03T19:57:37.828611,lateral,INCORRECTO,RIGHT,158.5,160.7,175.4,,,,,,,,,,Flexiona mas las rodillas para estabilizar el centro de gravedad. | Inclina un poco mas el tronco para una mejor recepcion.
2026-08-03T19:57:38.285963,lateral,INCORRECTO,RIGHT,145.3,168.8,176.7,,,,,,,,,,Extiende mas los brazos para formar una plataforma firme. | Flexiona mas las rodillas para estabilizar el centro de gravedad. | Inclina un poco mas el tronco para una mejor recepcion.
2026-08-03T19:57:38.732913,lateral,INCORRECTO,RIGHT,123.5,171.4,178.1,,,,,,,,,,Extiende mas los brazos para formar una plataforma firme. | Flexiona mas las rodillas para estabilizar el centro de gravedad. | Inclina un poco mas el tronco para una mejor recepcion.
2026-08-03T19:57:39.169580,lateral,INCORRECTO,RIGHT,128.3,178.1,178.7,,,,,,,,,,Extiende mas los brazos para formar una plataforma firme. | Flexiona mas las rodillas para estabilizar el centro de gravedad. | Inclina un poco mas el tronco para una mejor recepcion.
2026-08-03T19:57:39.637111,lateral,INCORRECTO,RIGHT,126.5,178.5,171.2,,,,,,,,,,Extiende mas los brazos para formar una plataforma firme. | Flexiona mas las rodillas para estabilizar el centro de gravedad. | Inclina un poco mas el tronco para una mejor recepcion.
2026-08-03T19:57:40.069541,lateral,INCORRECTO,RIGHT,131.8,179.9,176.5,,,,,,,,,,Extiende mas los brazos para formar una plataforma firme. | Flexiona mas las rodillas para estabilizar el centro de gravedad. | Inclina un poco mas el tronco para una mejor recepcion.
2026-08-03T19:57:40.519828,lateral,INCORRECTO,RIGHT,143.0,165.1,177.7,,,,,,,,,,Extiende mas los brazos para formar una plataforma firme. | Flexiona mas las rodillas para estabilizar el centro de gravedad. | Inclina un poco mas el tronco para una mejor recepcion.
2026-08-03T19:57:40.969785,lateral,INCORRECTO,RIGHT,166.5,176.5,174.7,,,,,,,,,,Flexiona mas las rodillas para estabilizar el centro de gravedad. | Inclina un poco mas el tronco para una mejor recepcion.
2026-08-03T19:57:41.421023,lateral,INCORRECTO,RIGHT,125.0,179.9,168.8,,,,,,,,,,Extiende mas los brazos para formar una plataforma firme. | Flexiona mas las rodillas para estabilizar el centro de gravedad. | Inclina un poco mas el tronco para una mejor recepcion.
2026-08-03T19:57:41.871719,lateral,INCORRECTO,RIGHT,170.1,179.8,173.4,,,,,,,,,,Flexiona mas las rodillas para estabilizar el centro de gravedad. | Inclina un poco mas el tronco para una mejor recepcion.
2026-08-03T19:57:42.321561,lateral,INCORRECTO,RIGHT,141.9,171.1,179.8,,,,,,,,,,Extiende mas los brazos para formar una plataforma firme. | Flexiona mas las rodillas para estabilizar el centro de gravedad. | Inclina un poco mas el tronco para una mejor recepcion.
2026-08-03T19:57:42.777055,lateral,INCORRECTO,RIGHT,117.2,169.4,178.4,,,,,,,,,,Extiende mas los brazos para formar una plataforma firme. | Flexiona mas las rodillas para estabilizar el centro de gravedad. | Inclina un poco mas el tronco para una mejor recepcion.
2026-08-03T19:57:43.224187,lateral,INCORRECTO,RIGHT,160.9,165.7,178.3,,,,,,,,,,Flexiona mas las rodillas para estabilizar el centro de gravedad. | Inclina un poco mas el tronco para una mejor recepcion.
2026-08-03T19:57:43.669936,lateral,INCORRECTO,RIGHT,104.5,171.2,178.3,,,,,,,,,,Extiende mas los brazos para formar una plataforma firme. | Flexiona mas las rodillas para estabilizar el centro de gravedad. | Inclina un poco mas el tronco para una mejor recepcion.
2026-08-03T19:57:44.126830,lateral,INCORRECTO,RIGHT,144.0,176.3,171.9,,,,,,,,,,Extiende mas los brazos para formar una plataforma firme. | Flexiona mas las rodillas para estabilizar el centro de gravedad. | Inclina un poco mas el tronco para una mejor recepcion.
2026-08-03T19:57:44.572237,lateral,INCORRECTO,RIGHT,152.1,180.0,176.4,,,,,,,,,,Flexiona mas las rodillas para estabilizar el centro de gravedad. | Inclina un poco mas el tronco para una mejor recepcion.
2026-08-03T19:57:45.021700,lateral,INCORRECTO,RIGHT,155.0,171.3,174.0,,,,,,,,,,Flexiona mas las rodillas para estabilizar el centro de gravedad. | Inclina un poco mas el tronco para una mejor recepcion.
2026-08-03T19:57:45.486905,lateral,INCORRECTO,RIGHT,119.2,165.9,161.8,,,,,,,,,,Extiende mas los brazos para formar una plataforma firme. | Flexiona mas las rodillas para estabilizar el centro de gravedad. | Inclina un poco mas el tronco para una mejor recepcion.
2026-08-03T19:57:45.920711,lateral,INCORRECTO,RIGHT,135.0,159.6,156.7,,,,,,,,,,Extiende mas los brazos para formar una plataforma firme. | Flexiona mas las rodillas para estabilizar el centro de gravedad.
2026-08-03T19:57:46.369295,lateral,INCORRECTO,RIGHT,129.6,167.2,146.7,,,,,,,,,,Extiende mas los brazos para formar una plataforma firme. | Flexiona mas las rodillas para estabilizar el centro de gravedad.
2026-08-03T19:57:46.835410,lateral,INCORRECTO,RIGHT,116.8,143.3,128.4,,,,,,,,,,Extiende mas los brazos para formar una plataforma firme. | Flexiona mas las rodillas para estabilizar el centro de gravedad.
2026-08-03T19:57:47.269502,lateral,INCORRECTO,RIGHT,125.9,145.8,128.9,,,,,,,,,,Extiende mas los brazos para formar una plataforma firme. | Flexiona mas las rodillas para estabilizar el centro de gravedad.
2026-08-03T19:57:47.719304,lateral,CORRECTO,RIGHT,146.4,125.3,108.4,,,,,,,,,,"Extiende mas los brazos para formar una plataforma firme. | Endereza un poco el tronco, hay demasiada inclinacion. | Buena ejecucion general. Ajusta detalles para mayor precision."
2026-08-03T19:57:48.174252,lateral,CORRECTO,RIGHT,138.4,129.6,129.0,,,,,,,,,,Extiende mas los brazos para formar una plataforma firme. | Buena ejecucion general. Ajusta detalles para mayor precision.
2026-08-03T19:57:48.627819,lateral,INCORRECTO,RIGHT,160.6,153.0,150.8,,,,,,,,,,Flexiona mas las rodillas para estabilizar el centro de gravedad.
2026-08-03T19:57:49.072724,lateral,INCORRECTO,RIGHT,133.5,165.5,166.0,,,,,,,,,,Extiende mas los brazos para formar una plataforma firme. | Flexiona mas las rodillas para estabilizar el centro de gravedad. | Inclina un poco mas el tronco para una mejor recepcion.
2026-08-03T19:57:49.519037,lateral,INCORRECTO,RIGHT,129.2,153.9,156.2,,,,,,,,,,Extiende mas los brazos para formar una plataforma firme. | Flexiona mas las rodillas para estabilizar el centro de gravedad.
2026-08-03T19:57:49.977571,lateral,INCORRECTO,RIGHT,143.1,149.1,147.7,,,,,,,,,,Extiende mas los brazos para formar una plataforma firme. | Flexiona mas las rodillas para estabilizar el centro de gravedad.
2026-08-03T19:57:50.437004,lateral,INCORRECTO,RIGHT,142.2,152.2,140.5,,,,,,,,,,Extiende mas los brazos para formar una plataforma firme. | Flexiona mas las rodillas para estabilizar el centro de gravedad.
2026-08-03T19:57:50.888701,lateral,INCORRECTO,RIGHT,124.8,146.9,137.7,,,,,,,,,,Extiende mas los brazos para formar una plataforma firme. | Flexiona mas las rodillas para estabilizar el centro de gravedad.
2026-08-03T19:57:51.797040,lateral,CORRECTO,RIGHT,129.1,127.7,21.9,,,,,,,,,,"Extiende mas los brazos para formar una plataforma firme. | Endereza un poco el tronco, hay demasiada inclinacion. | Buena ejecucion general. Ajusta detalles para mayor precision."
2026-08-03T19:57:52.241172,lateral,CORRECTO,RIGHT,167.2,107.1,24.6,,,,,,,,,,"Endereza un poco el tronco, hay demasiada inclinacion. | Buena ejecucion general. Ajusta detalles para mayor precision."
2026-08-03T19:57:52.698392,lateral,INCORRECTO,RIGHT,144.5,149.5,95.9,,,,,,,,,,"Extiende mas los brazos para formar una plataforma firme. | Flexiona mas las rodillas para estabilizar el centro de gravedad. | Endereza un poco el tronco, hay demasiada inclinacion."
2026-08-03T19:57:53.136104,lateral,CORRECTO,RIGHT,155.0,123.1,124.7,,,,,,,,,,Tecnica correcta. Mantener postura y sincronizacion.
2026-08-03T19:57:53.586558,lateral,INCORRECTO,RIGHT,90.0,171.1,18.5,,,,,,,,,,"Extiende mas los brazos para formar una plataforma firme. | Flexiona mas las rodillas para estabilizar el centro de gravedad. | Endereza un poco el tronco, hay demasiada inclinacion."
2026-08-03T19:57:54.035036,lateral,INCORRECTO,RIGHT,112.0,148.6,37.6,,,,,,,,,,"Extiende mas los brazos para formar una plataforma firme. | Flexiona mas las rodillas para estabilizar el centro de gravedad. | Endereza un poco el tronco, hay demasiada inclinacion."
2026-08-03T19:57:54.472161,lateral,INCORRECTO,RIGHT,104.0,165.0,62.8,,,,,,,,,,"Extiende mas los brazos para formar una plataforma firme. | Flexiona mas las rodillas para estabilizar el centro de gravedad. | Endereza un poco el tronco, hay demasiada inclinacion."
2026-08-03T19:57:54.935372,lateral,INCORRECTO,RIGHT,121.9,157.8,48.7,,,,,,,,,,"Extiende mas los brazos para formar una plataforma firme. | Flexiona mas las rodillas para estabilizar el centro de gravedad. | Endereza un poco el tronco, hay demasiada inclinacion."
2026-08-03T19:57:55.368986,lateral,INCORRECTO,RIGHT,100.7,166.9,37.7,,,,,,,,,,"Extiende mas los brazos para formar una plataforma firme. | Flexiona mas las rodillas para estabilizar el centro de gravedad. | Endereza un poco el tronco, hay demasiada inclinacion."
2026-08-03T19:57:56.287919,lateral,INCORRECTO,RIGHT,118.3,148.4,168.1,,,,,,,,,,Extiende mas los brazos para formar una plataforma firme. | Flexiona mas las rodillas para estabilizar el centro de gravedad. | Inclina un poco mas el tronco para una mejor recepcion.
2026-08-03T19:57:56.737606,lateral,INCORRECTO,RIGHT,58.6,140.7,166.2,,,,,,,,,,Extiende mas los brazos para formar una plataforma firme. | Flexiona mas las rodillas para estabilizar el centro de gravedad. | Inclina un poco mas el tronco para una mejor recepcion.
2026-08-03T19:57:57.176140,lateral,INCORRECTO,RIGHT,159.9,151.4,163.5,,,,,,,,,,Flexiona mas las rodillas para estabilizar el centro de gravedad. | Inclina un poco mas el tronco para una mejor recepcion.
2026-08-03T19:57:57.636151,lateral,INCORRECTO,RIGHT,175.3,178.0,173.0,,,,,,,,,,Flexiona mas las rodillas para estabilizar el centro de gravedad. | Inclina un poco mas el tronco para una mejor recepcion.
2026-08-03T19:57:58.072693,lateral,INCORRECTO,RIGHT,170.2,175.9,168.4,,,,,,,,,,Flexiona mas las rodillas para estabilizar el centro de gravedad. | Inclina un poco mas el tronco para una mejor recepcion.
2026-08-03T19:57:58.535622,lateral,INCORRECTO,RIGHT,160.6,178.0,173.6,,,,,,,,,,Flexiona mas las rodillas para estabilizar el centro de gravedad. | Inclina un poco mas el tronco para una mejor recepcion.
2026-08-03T19:57:58.984956,lateral,INCORRECTO,RIGHT,155.6,177.9,173.6,,,,,,,,,,Flexiona mas las rodillas para estabilizar el centro de gravedad. | Inclina un poco mas el tronco para una mejor recepcion.
2026-08-03T19:57:59.422245,lateral,INCORRECTO,RIGHT,159.1,170.1,173.9,,,,,,,,,,Flexiona mas las rodillas para estabilizar el centro de gravedad. | Inclina un poco mas el tronco para una mejor recepcion.
2026-08-03T19:57:59.884370,lateral,INCORRECTO,RIGHT,159.7,177.1,178.3,,,,,,,,,,Flexiona mas las rodillas para estabilizar el centro de gravedad. | Inclina un poco mas el tronco para una mejor recepcion.
2026-08-03T19:58:00.327522,lateral,INCORRECTO,RIGHT,161.8,173.0,161.5,,,,,,,,,,Flexiona mas las rodillas para estabilizar el centro de gravedad. | Inclina un poco mas el tronco para una mejor recepcion.
2026-08-03T19:58:00.785291,lateral,CORRECTO,RIGHT,177.4,163.7,145.1,,,,,,,,,,Flexiona mas las rodillas para estabilizar el centro de gravedad. | Buena ejecucion general. Ajusta detalles para mayor precision.
2026-08-03T19:58:01.219418,lateral,INCORRECTO,RIGHT,113.7,159.8,133.3,,,,,,,,,,Extiende mas los brazos para formar una plataforma firme. | Flexiona mas las rodillas para estabilizar el centro de gravedad.
2026-08-03T19:58:01.682929,lateral,CORRECTO,RIGHT,150.1,113.7,129.3,,,,,,,,,,Tecnica correcta. Mantener postura y sincronizacion.
2026-08-03T19:58:02.135216,lateral,INCORRECTO,RIGHT,162.5,161.0,179.6,,,,,,,,,,Flexiona mas las rodillas para estabilizar el centro de gravedad. | Inclina un poco mas el tronco para una mejor recepcion.
2026-08-03T19:58:02.569364,lateral,INCORRECTO,RIGHT,158.0,153.5,179.1,,,,,,,,,,Flexiona mas las rodillas para estabilizar el centro de gravedad. | Inclina un poco mas el tronco para una mejor recepcion.
2026-08-03T19:58:03.031670,lateral,INCORRECTO,RIGHT,74.2,177.3,178.3,,,,,,,,,,Extiende mas los brazos para formar una plataforma firme. | Flexiona mas las rodillas para estabilizar el centro de gravedad. | Inclina un poco mas el tronco para una mejor recepcion.
2026-08-03T19:58:03.470608,lateral,INCORRECTO,RIGHT,55.2,172.2,165.2,,,,,,,,,,Extiende mas los brazos para formar una plataforma firme. | Flexiona mas las rodillas para estabilizar el centro de gravedad. | Inclina un poco mas el tronco para una mejor recepcion.
2026-08-03T19:58:03.920197,lateral,INCORRECTO,RIGHT,162.5,171.9,171.9,,,,,,,,,,Flexiona mas las rodillas para estabilizar el centro de gravedad. | Inclina un poco mas el tronco para una mejor recepcion.
2026-08-03T19:58:04.379649,lateral,INCORRECTO,RIGHT,101.9,166.3,179.0,,,,,,,,,,Extiende mas los brazos para formar una plataforma firme. | Flexiona mas las rodillas para estabilizar el centro de gravedad. | Inclina un poco mas el tronco para una mejor recepcion.
2026-08-03T19:58:04.829241,lateral,INCORRECTO,RIGHT,29.7,172.7,177.2,,,,,,,,,,Extiende mas los brazos para formar una plataforma firme. | Flexiona mas las rodillas para estabilizar el centro de gravedad. | Inclina un poco mas el tronco para una mejor recepcion.
2026-08-03T19:58:05.269513,lateral,INCORRECTO,RIGHT,14.2,177.9,177.9,,,,,,,,,,Extiende mas los brazos para formar una plataforma firme. | Flexiona mas las rodillas para estabilizar el centro de gravedad. | Inclina un poco mas el tronco para una mejor recepcion.
2026-08-03T19:58:05.722867,lateral,CORRECTO,RIGHT,102.7,111.4,145.8,,,,,,,,,,Extiende mas los brazos para formar una plataforma firme. | Buena ejecucion general. Ajusta detalles para mayor precision.
2026-08-03T19:58:06.168316,lateral,INCORRECTO,RIGHT,134.6,139.6,150.6,,,,,,,,,,Extiende mas los brazos para formar una plataforma firme. | Flexiona mas las rodillas para estabilizar el centro de gravedad.
2026-08-03T19:58:06.632576,lateral,INCORRECTO,RIGHT,151.1,153.9,160.7,,,,,,,,,,Flexiona mas las rodillas para estabilizar el centro de gravedad. | Inclina un poco mas el tronco para una mejor recepcion.
2026-08-03T19:58:07.072294,lateral,INCORRECTO,RIGHT,165.6,154.5,153.1,,,,,,,,,,Flexiona mas las rodillas para estabilizar el centro de gravedad.
2026-08-03T19:58:07.535284,lateral,CORRECTO,RIGHT,150.2,118.2,122.1,,,,,,,,,,Tecnica correcta. Mantener postura y sincronizacion.
2026-08-03T19:58:07.979724,lateral,CORRECTO,RIGHT,174.6,136.4,128.8,,,,,,,,,,Flexiona mas las rodillas para estabilizar el centro de gravedad. | Buena ejecucion general. Ajusta detalles para mayor precision.
2026-08-03T19:58:08.434790,lateral,INCORRECTO,RIGHT,4.8,134.0,131.5,,,,,,,,,,Extiende mas los brazos para formar una plataforma firme.
2026-08-03T19:58:08.890187,lateral,INCORRECTO,RIGHT,150.3,133.3,143.5,,,,,,,,,,Se detectaron errores tecnicos. Ajusta postura y repite.
2026-08-03T19:58:09.319190,lateral,INCORRECTO,RIGHT,73.5,168.6,166.0,,,,,,,,,,Extiende mas los brazos para formar una plataforma firme. | Flexiona mas las rodillas para estabilizar el centro de gravedad. | Inclina un poco mas el tronco para una mejor recepcion.
2026-08-03T19:58:09.783409,lateral,INCORRECTO,RIGHT,157.0,177.3,164.1,,,,,,,,,,Flexiona mas las rodillas para estabilizar el centro de gravedad. | Inclina un poco mas el tronco para una mejor recepcion.
2026-08-03T19:58:10.236124,lateral,INCORRECTO,RIGHT,137.6,175.2,166.4,,,,,,,,,,Extiende mas los brazos para formar una plataforma firme. | Flexiona mas las rodillas para estabilizar el centro de gravedad. | Inclina un poco mas el tronco para una mejor recepcion.
2026-08-03T19:58:10.684488,lateral,INCORRECTO,RIGHT,122.9,173.8,172.1,,,,,,,,,,Extiende mas los brazos para formar una plataforma firme. | Flexiona mas las rodillas para estabilizar el centro de gravedad. | Inclina un poco mas el tronco para una mejor recepcion.
2026-08-03T19:58:11.130678,lateral,INCORRECTO,RIGHT,111.4,162.7,159.2,,,,,,,,,,Extiende mas los brazos para formar una plataforma firme. | Flexiona mas las rodillas para estabilizar el centro de gravedad.
2026-08-03T19:58:11.568268,lateral,INCORRECTO,RIGHT,143.1,139.3,138.7,,,,,,,,,,Extiende mas los brazos para formar una plataforma firme. | Flexiona mas las rodillas para estabilizar el centro de gravedad.
2026-08-03T19:58:12.028761,lateral,INCORRECTO,RIGHT,165.0,141.4,174.4,,,,,,,,,,Flexiona mas las rodillas para estabilizar el centro de gravedad. | Inclina un poco mas el tronco para una mejor recepcion.
2026-08-03T19:58:12.963096,lateral,INCORRECTO,RIGHT,141.1,169.1,178.1,,,,,,,,,,Extiende mas los brazos para formar una plataforma firme. | Flexiona mas las rodillas para estabilizar el centro de gravedad. | Inclina un poco mas el tronco para una mejor recepcion.
2026-08-03T19:58:13.369542,lateral,INCORRECTO,RIGHT,123.8,172.4,177.8,,,,,,,,,,Extiende mas los brazos para formar una plataforma firme. | Flexiona mas las rodillas para estabilizar el centro de gravedad. | Inclina un poco mas el tronco para una mejor recepcion.
2026-08-03T19:58:13.834561,lateral,INCORRECTO,RIGHT,157.9,175.1,145.1,,,,,,,,,,Flexiona mas las rodillas para estabilizar el centro de gravedad.
2026-08-03T19:58:14.283745,lateral,INCORRECTO,RIGHT,143.3,170.0,135.0,,,,,,,,,,Extiende mas los brazos para formar una plataforma firme. | Flexiona mas las rodillas para estabilizar el centro de gravedad.
2026-08-03T19:58:14.723681,lateral,INCORRECTO,RIGHT,153.4,150.7,166.0,,,,,,,,,,Flexiona mas las rodillas para estabilizar el centro de gravedad. | Inclina un poco mas el tronco para una mejor recepcion.
2026-08-03T19:58:15.182408,lateral,INCORRECTO,RIGHT,162.9,163.7,175.3,,,,,,,,,,Flexiona mas las rodillas para estabilizar el centro de gravedad. | Inclina un poco mas el tronco para una mejor recepcion.
2026-08-03T19:58:15.618606,lateral,INCORRECTO,RIGHT,161.0,171.6,173.8,,,,,,,,,,Flexiona mas las rodillas para estabilizar el centro de gravedad. | Inclina un poco mas el tronco para una mejor recepcion.
2026-08-03T19:58:16.067893,lateral,INCORRECTO,RIGHT,151.4,165.1,175.7,,,,,,,,,,Flexiona mas las rodillas para estabilizar el centro de gravedad. | Inclina un poco mas el tronco para una mejor recepcion.
2026-08-03T19:58:16.535703,lateral,INCORRECTO,RIGHT,172.5,163.8,177.0,,,,,,,,,,Flexiona mas las rodillas para estabilizar el centro de gravedad. | Inclina un poco mas el tronco para una mejor recepcion.
2026-08-03T19:58:17.451443,lateral,INCORRECTO,RIGHT,146.9,133.5,123.4,,,,,,,,,,Extiende mas los brazos para formar una plataforma firme.
2026-08-03T19:58:17.870258,lateral,CORRECTO,RIGHT,130.3,126.8,121.9,,,,,,,,,,Extiende mas los brazos para formar una plataforma firme. | Buena ejecucion general. Ajusta detalles para mayor precision.
2026-08-03T19:58:18.319277,lateral,CORRECTO,RIGHT,171.4,128.8,116.0,,,,,,,,,,Tecnica correcta. Mantener postura y sincronizacion.
2026-08-03T19:58:18.770794,lateral,CORRECTO,RIGHT,140.4,54.2,71.9,,,,,,,,,,"Extiende mas los brazos para formar una plataforma firme. | Sube un poco la postura: la flexion de rodilla es muy cerrada. | Endereza un poco el tronco, hay demasiada inclinacion. | Buena ejecucion general. Ajusta detalles para mayor precision."
2026-08-03T19:58:19.224679,lateral,CORRECTO,RIGHT,160.7,88.7,83.3,,,,,,,,,,"Sube un poco la postura: la flexion de rodilla es muy cerrada. | Endereza un poco el tronco, hay demasiada inclinacion. | Buena ejecucion general. Ajusta detalles para mayor precision."
2026-08-03T19:58:19.669628,lateral,CORRECTO,RIGHT,132.9,123.8,89.9,,,,,,,,,,"Extiende mas los brazos para formar una plataforma firme. | Endereza un poco el tronco, hay demasiada inclinacion. | Buena ejecucion general. Ajusta detalles para mayor precision."
2026-08-03T19:58:20.118567,lateral,CORRECTO,RIGHT,178.3,151.4,109.7,,,,,,,,,,"Flexiona mas las rodillas para estabilizar el centro de gravedad. | Endereza un poco el tronco, hay demasiada inclinacion. | Buena ejecucion general. Ajusta detalles para mayor precision."
2026-08-03T19:58:20.577695,lateral,INCORRECTO,RIGHT,167.5,153.8,122.0,,,,,,,,,,Flexiona mas las rodillas para estabilizar el centro de gravedad.
2026-08-03T19:58:21.035407,lateral,CORRECTO,RIGHT,170.0,114.3,86.2,,,,,,,,,,"Endereza un poco el tronco, hay demasiada inclinacion. | Buena ejecucion general. Ajusta detalles para mayor precision."
2026-08-03T19:58:21.479607,lateral,CORRECTO,RIGHT,175.6,122.4,93.5,,,,,,,,,,"Endereza un poco el tronco, hay demasiada inclinacion. | Buena ejecucion general. Ajusta detalles para mayor precision."
2026-08-03T19:58:21.928338,lateral,CORRECTO,RIGHT,179.3,103.0,94.5,,,,,,,,,,"Endereza un poco el tronco, hay demasiada inclinacion. | Buena ejecucion general. Ajusta detalles para mayor precision."
2026-08-03T19:58:22.386995,lateral,CORRECTO,RIGHT,175.6,108.8,101.5,,,,,,,,,,"Endereza un poco el tronco, hay demasiada inclinacion. | Buena ejecucion general. Ajusta detalles para mayor precision."
2026-08-03T19:58:22.833243,lateral,INCORRECTO,RIGHT,164.5,134.8,113.8,,,,,,,,,,Se detectaron errores tecnicos. Ajusta postura y repite.
2026-08-03T19:58:23.283870,lateral,CORRECTO,RIGHT,164.7,74.9,82.4,,,,,,,,,,"Sube un poco la postura: la flexion de rodilla es muy cerrada. | Endereza un poco el tronco, hay demasiada inclinacion. | Buena ejecucion general. Ajusta detalles para mayor precision."
2026-08-03T19:58:24.218850,lateral,INCORRECTO,RIGHT,36.0,167.5,177.0,,,,,,,,,,Extiende mas los brazos para formar una plataforma firme. | Flexiona mas las rodillas para estabilizar el centro de gravedad. | Inclina un poco mas el tronco para una mejor recepcion.
2026-08-03T19:58:24.625264,lateral,INCORRECTO,RIGHT,29.7,161.5,166.9,,,,,,,,,,Extiende mas los brazos para formar una plataforma firme. | Flexiona mas las rodillas para estabilizar el centro de gravedad. | Inclina un poco mas el tronco para una mejor recepcion.
2026-08-03T19:58:25.084147,lateral,INCORRECTO,RIGHT,38.7,166.2,179.3,,,,,,,,,,Extiende mas los brazos para formar una plataforma firme. | Flexiona mas las rodillas para estabilizar el centro de gravedad. | Inclina un poco mas el tronco para una mejor recepcion.
2026-08-03T19:58:25.534118,lateral,INCORRECTO,RIGHT,65.6,178.4,143.3,,,,,,,,,,Extiende mas los brazos para formar una plataforma firme. | Flexiona mas las rodillas para estabilizar el centro de gravedad.
2026-08-03T20:05:32.396530,frontal,INCORRECTO,frontal,158.3,168.2,175.3,154.9,161.8,169.6,166.9,0.1269,0.2454,0.2755,0.5307,3.1855,Centra el tronco sobre la cadera para mejorar estabilidad. | Alinea la altura de ambas rodillas para una base simetrica. | Mantén ambas manos a una altura similar al formar la plataforma.
2026-08-03T20:05:32.811922,frontal,CORRECTO,frontal,95.5,178.6,176.9,176.5,14.6,179.0,178.2,0.1176,0.0624,1.0639,0.6467,3.2497,Mantén ambas manos a una altura similar al formar la plataforma.
2026-08-03T20:05:33.266992,frontal,CORRECTO,frontal,66.7,177.6,175.5,43.9,89.5,177.0,178.2,0.0297,0.0621,0.831,0.5557,0.9092,Mantén ambas manos a una altura similar al formar la plataforma.
2026-08-03T20:05:33.715940,frontal,CORRECTO,frontal,45.2,178.9,177.6,18.3,72.1,179.4,178.5,0.1001,0.1233,0.0705,0.6699,2.9344,Alinea la altura de ambas rodillas para una base simetrica.
2026-08-03T20:05:34.161778,frontal,INCORRECTO,frontal,26.7,179.7,177.1,28.2,25.3,179.8,179.5,0.0752,0.1162,0.1255,0.6521,2.2416,Alinea la altura de ambas rodillas para una base simetrica. | Mantén ambas manos a una altura similar al formar la plataforma.
2026-08-03T20:05:34.608216,frontal,CORRECTO,frontal,37.5,178.3,176.6,47.7,27.3,178.4,178.1,0.0602,0.1115,0.0092,0.8118,1.7114,Alinea la altura de ambas rodillas para una base simetrica.
2026-08-03T20:05:35.060061,frontal,CORRECTO,frontal,22.0,179.4,176.1,34.4,9.5,179.8,179.0,0.0637,0.0479,0.2346,0.6576,2.0168,Mantén ambas manos a una altura similar al formar la plataforma.
2026-08-03T20:05:35.497680,frontal,CORRECTO,frontal,74.0,179.6,176.7,27.1,121.0,179.5,179.6,0.0268,0.0059,0.248,0.7073,0.782,Mantén ambas manos a una altura similar al formar la plataforma.
2026-08-03T20:05:35.960207,frontal,CORRECTO,frontal,8.3,178.0,177.2,16.0,0.5,178.3,177.7,0.0474,0.0468,0.3401,0.68,1.3588,Mantén ambas manos a una altura similar al formar la plataforma.
2026-08-03T20:05:36.410488,frontal,CORRECTO,frontal,3.5,178.1,176.0,5.0,2.0,178.9,177.2,0.0936,0.0542,0.187,0.6757,2.8268,Mantén ambas manos a una altura similar al formar la plataforma.
2026-08-03T20:05:36.843625,frontal,CORRECTO,frontal,21.3,178.5,174.7,9.3,33.3,179.2,177.8,0.1063,0.0798,0.0015,0.6521,3.2833,Tecnica frontal correcta. Mantener alineacion y control postural.
2026-08-03T20:05:37.310090,frontal,INCORRECTO,frontal,161.1,172.2,172.6,151.9,170.2,171.9,172.4,0.0395,0.1058,0.0966,0.5688,1.2062,Alinea la altura de ambas rodillas para una base simetrica. | Mantén ambas manos a una altura similar al formar la plataforma.
2026-08-03T20:05:37.745949,frontal,INCORRECTO,frontal,13.9,177.9,173.5,17.0,10.9,178.2,177.6,0.0192,0.0858,0.7523,0.475,0.7262,Alinea la altura de ambas rodillas para una base simetrica. | Mantén ambas manos a una altura similar al formar la plataforma. | Abre un poco mas la base de apoyo con los tobillos.
2026-08-03T20:05:38.194357,frontal,INCORRECTO,frontal,33.1,176.3,173.1,58.3,7.8,173.2,179.4,0.0006,0.0984,0.3546,0.4459,0.0214,Alinea la altura de ambas rodillas para una base simetrica. | Mantén ambas manos a una altura similar al formar la plataforma. | Abre un poco mas la base de apoyo con los tobillos.
2026-08-03T20:05:40.445808,frontal,CORRECTO,frontal,165.5,175.7,173.4,170.2,160.8,176.4,175.0,0.0364,0.0272,0.5241,0.5169,1.3163,Mantén ambas manos a una altura similar al formar la plataforma.
2026-08-03T20:05:40.898154,frontal,CORRECTO,frontal,171.1,176.3,174.3,173.4,168.8,177.4,175.2,0.0418,0.0258,0.315,0.5196,1.4409,Mantén ambas manos a una altura similar al formar la plataforma.
2026-08-03T20:05:42.177873,frontal,CORRECTO,frontal,77.5,175.5,172.1,8.8,146.2,176.6,174.5,0.0486,0.0476,1.8732,0.5779,1.6641,Mantén ambas manos a una altura similar al formar la plataforma.
2026-08-03T20:05:43.165326,frontal,CORRECTO,frontal,100.2,177.5,174.1,25.4,175.1,178.1,176.9,0.1007,0.0613,2.0168,0.5256,3.3541,Mantén ambas manos a una altura similar al formar la plataforma.
2026-08-03T20:05:44.168971,frontal,CORRECTO,frontal,176.8,177.8,173.7,176.7,177.0,179.0,176.7,0.0168,0.0697,0.059,0.6175,0.5831,Tecnica frontal correcta. Mantener alineacion y control postural.
2026-08-03T20:05:45.169722,frontal,INCORRECTO,frontal,9.6,175.5,175.4,10.7,8.4,173.7,177.2,0.05,0.0991,0.4298,0.5954,1.55,Alinea la altura de ambas rodillas para una base simetrica. | Mantén ambas manos a una altura similar al formar la plataforma.
